match_id,team,total_passes,unique_players,unique_recipients,successful_passes,pass_accuracy,avg_pass_distance,max_pass_distance,min_pass_distance,std_pass_distance,total_pass_distance,passes_first_half,passes_second_half,passes_ratio_halves,avg_passes_per_player,max_passes_per_player,std_passes_per_player,static_num_nodes,static_num_edges,static_density,static_avg_degree,static_max_degree,static_min_degree,static_std_degree,static_avg_in_degree,static_max_in_degree,static_avg_out_degree,static_max_out_degree,static_avg_clustering,static_max_clustering,static_std_clustering,static_avg_betweenness,static_max_betweenness,static_std_betweenness,static_avg_pagerank,static_max_pagerank,static_std_pagerank,static_avg_closeness,static_max_closeness,static_is_connected,static_num_components,static_avg_edge_weight,static_max_edge_weight,static_std_edge_weight,static_total_edge_weight,temporal_density_mean,temporal_density_std,temporal_density_max,temporal_density_min,temporal_density_range,temporal_density_variability,temporal_clustering_mean,temporal_clustering_std,temporal_edges_mean,temporal_edges_std,temporal_edges_max,temporal_density_first_half,temporal_density_second_half,temporal_density_change_halves,temporal_clustering_first_half,temporal_clustering_second_half,temporal_density_trend,resultado,goles_equipo,goles_rival,xg_equipo,xg_rival,xg_diff,contexto,rival,tipo_rival,es_barcelona
3773386,Barcelona,850,16,16,784,0.9223529411764706,15.739749356911375,51.68558793319468,1.5811388300841898,8.327887972663758,13378.786953374669,379,471,1.2427440633245384,53.125,104,31.18519948095036,16,152,0.6333333333333333,19.0,28,3,6.442049363362563,9.5,14,9.5,14,0.17425208317739171,0.24230848640099656,0.0376395458770116,0.08722222222222223,0.26761904761904765,0.07060865951095509,0.0625,0.10891395741387519,0.028374226170566966,0.31795793863309063,0.40540540540540543,1,1,5.592105263157895,22,4.575902647735335,850,0.3092179232804233,0.06583274836874743,0.43333333333333335,0.15454545454545454,0.2787878787878788,0.05190306147752957,0.22061669879563142,0.07318993587081223,30.666666666666668,8.538606526737235,48,0.27974752520207063,0.33415441396210627,0.05440688876003563,0.21666146330079677,0.22396343652203,0.0009277354363926235,empate,1,1,2.0911299490000004,1.128524181,0.9626057680000004,visitante,Deportivo Alavés,medio,True
3773386,Deportivo Alavés,210,16,15,154,0.7333333333333333,24.26189029852161,88.3955881252,1.5,19.889043005491377,5094.996962689538,118,92,0.7796610169491526,13.125,22,6.7712628068920795,16,98,0.4083333333333333,12.25,20,1,4.930770730829005,6.125,11,6.125,12,0.1845719295850642,0.31243512128781825,0.0768890774318274,0.06586628401360545,0.2901341647770219,0.07130136876390589,0.06249999999999999,0.11916554851962233,0.03423399368112908,0.41090757477692563,0.5769230769230769,1,1,2.142857142857143,7,1.3923991921155663,210,0.18099684553172926,0.060515938856277394,0.3333333333333333,0.09090909090909091,0.2424242424242424,0.052009894867037734,0.13516597083352558,0.14649880448590924,10.279069767441861,5.754193424903883,27,0.16038581301739196,0.19731391293891296,0.03692809992152099,0.10161728243212427,0.1617253491513016,0.000518918448309685,empate,1,1,1.128524181,2.0911299490000004,-0.9626057680000004,local,Barcelona,medio,False
3773565,Barcelona,826,16,16,765,0.9261501210653753,17.88954646341967,67.55634685209081,1.979898987322336,10.106292619838152,14776.765378784647,339,487,1.4365781710914454,51.625,121,30.71128999787103,16,156,0.65,19.5,30,11,5.70087712549569,9.75,15,9.75,15,0.16114568271303512,0.24642808110074113,0.05172806080927457,0.07436895528413387,0.16481928124785272,0.05385924059401988,0.0625,0.12228243286266566,0.02825562529250454,0.3606711702022696,0.4838709677419355,1,1,5.294871794871795,23,4.715247972811388,826,0.3078350996829258,0.08725766495279873,0.5222222222222223,0.16071428571428573,0.36150793650793656,0.06529519862853196,0.24617021238077413,0.0618887314827725,31.91304347826087,11.014790232443573,54,0.27013150990423723,0.34239672364672363,0.0722652137424864,0.21780687619428932,0.27216993721838517,0.0006701638547151968,victoria,4,0,1.4928263959999999,0.450979546,1.0418468499999998,visitante,Granada,medio,True
3773565,Granada,316,16,16,255,0.8069620253164557,22.718699808255547,88.31902399823042,1.8973665961010275,16.331183004328047,7179.1091394087525,191,125,0.6544502617801047,19.75,38,10.560934302102885,16,128,0.5333333333333333,16.0,23,6,4.847679857416329,8.0,12,8.0,13,0.20557850846388043,0.2816668411350376,0.0390003588034346,0.06432043650793651,0.231468253968254,0.05941445125376722,0.0625,0.10211194382608357,0.02116472226764434,0.4398528688427776,0.5555555555555556,1,1,2.46875,16,1.8495670946197114,316,0.19250131181949362,0.05770359120242104,0.39285714285714285,0.1,0.2928571428571428,0.04523641732944059,0.17682363439151533,0.13488098625145054,15.272727272727273,6.872133267393779,30,0.1951899951899952,0.19004642700294874,-0.005143568187046449,0.14324172115052647,0.20748538126372254,-0.00023712426134635177,derrota,0,4,0.450979546,1.4928263959999999,-1.0418468499999998,local,Barcelona,medio,False
3773457,Barcelona,740,16,16,688,0.9297297297297298,19.365559715588958,71.75862317519756,1.7888543819998253,10.99007374174766,14330.514189535828,416,324,0.7788461538461539,46.25,93,28.746014216467184,16,161,0.6708333333333333,20.125,29,7,5.8723398232731725,10.0625,15,10.0625,15,0.13153136915313846,0.2013038166077902,0.035158887967452285,0.06774092970521542,0.13147392290249435,0.0305523053427255,0.0625,0.11736280202576566,0.03179917209984944,0.4423658718286932,0.5357142857142857,1,1,4.596273291925466,27,4.936087018656205,740,0.2965203274985884,0.060645817767162574,0.45555555555555555,0.1893939393939394,0.26616161616161615,0.05176607343274009,0.22038384803555514,0.07789379014932568,29.391304347826086,7.237182572949428,46,0.3221238357601994,0.2730504449254449,-0.04907339083475448,0.24020850025188284,0.20221125017058814,-0.0008044599557087996,derrota,1,2,2.159081824,0.729653214,1.4294286099999998,local,Celta Vigo,medio,True
3773457,Celta Vigo,413,13,13,356,0.8619854721549637,18.68031087491284,74.74021675109057,1.4317821063276368,12.459212295269516,7714.968391339004,216,197,0.9120370370370371,31.76923076923077,53,15.006408887282381,13,109,0.6987179487179487,16.76923076923077,23,3,4.979246871594541,8.384615384615385,12,8.384615384615385,11,0.2278406642112694,0.3027552325243577,0.04241230175776227,0.08157259407259408,0.3337301587301587,0.08634063507060609,0.0769230769230769,0.12199226067288768,0.030528085697776007,0.41068177699691344,0.5714285714285714,1,1,3.7889908256880735,15,2.9524469543523484,413,0.23146527385657822,0.06615426432829115,0.4,0.1111111111111111,0.2888888888888889,0.057127625460958786,0.19948606829837365,0.1205560860047745,18.717391304347824,7.488251668011585,38,0.2600714941624032,0.20524290524290523,-0.05482858891949799,0.2584983970660874,0.14539143359463605,-0.0007896372651229259,victoria,2,1,0.729653214,2.159081824,-1.4294286099999998,visitante,Barcelona,medio,False
3773631,Barcelona,754,16,16,688,0.9124668435013262,17.68384545111534,70.14392347167359,1.9924858845171265,10.845582450011909,13333.619470140966,436,318,0.7293577981651376,47.125,90,28.478939587000074,16,159,0.6625,19.875,27,9,5.8081300777444715,9.9375,14,9.9375,14,0.13298377923871604,0.1988946755905156,0.03434853943591652,0.07137755102040816,0.19099773242630386,0.0508317196576326,0.0625,0.10177160336762131,0.02910592479307839,0.38855879738267096,0.5172413793103449,1,1,4.7421383647798745,23,4.1727083289471905,754,0.2876772382207164,0.0788078337343225,0.43333333333333335,0.12727272727272726,0.3060606060606061,0.056564053230719884,0.22215834627824363,0.07952357545546014,29.630434782608695,10.020775520337011,47,0.3191197691197691,0.26126551226551226,-0.057854256854256825,0.21421505416905803,0.2288307116499595,-0.0008747834719157581,victoria,3,2,0.9875746009999999,1.3950677189999998,-0.4074931179999999,visitante,Real Betis,medio,True
3773631,Real Betis,422,15,16,349,0.8270142180094787,21.497340652292856,85.38506895236426,1.9723082923315982,14.926870312876122,9071.877755267586,198,224,1.1313131313131313,28.133333333333333,56,14.841383583300672,16,135,0.5625,16.875,25,6,5.218656436287025,8.4375,12,8.4375,13,0.20527107475391848,0.2692513619071992,0.04128424503537237,0.06676622732426304,0.2010374149659864,0.04895707569290879,0.06249999999999999,0.10708929983715476,0.026701563033228286,0.4176421864033465,0.5681159420289855,1,1,3.1259259259259258,11,2.374024960490422,422,0.21566825609378795,0.06732921736370977,0.5,0.1,0.4,0.05641677163416294,0.17844559517891348,0.12331888954258653,18.617021276595743,8.036744937796001,35,0.22893873802964715,0.20399023199023197,-0.024948506039415175,0.18662519787278917,0.17124754480830284,-0.0003100417415866083,derrota,2,3,1.3950677189999998,0.9875746009999999,0.4074931179999999,local,Barcelona,medio,False
3773665,Barcelona,742,16,16,674,0.9083557951482479,17.482230886028276,70.10349492001093,2.4738633753706023,9.86124378706662,12971.815317432982,431,311,0.7215777262180975,46.375,87,29.229836354884597,16,140,0.5833333333333334,17.5,26,3,6.103277807866851,8.75,13,8.75,13,0.13692346397242428,0.22586052109865454,0.05155053247084693,0.07975694444444445,0.26595238095238094,0.0709355974962508,0.06250000000000001,0.1149622799186373,0.03251303948607811,0.34869846730536846,0.4411764705882353,1,1,5.3,25,4.5992235369524215,742,0.28300395256916994,0.0723995133372192,0.4523809523809524,0.15454545454545454,0.29783549783549784,0.06688472021805356,0.20804868305988825,0.08111770665579796,27.934782608695652,9.485432512631716,53,0.281267217630854,0.28459595959595957,0.003328741965105575,0.1873537398402142,0.2270190476779228,0.0002868249029211104,victoria,2,0,1.056926099,1.2082273140000002,-0.15130121500000016,visitante,Osasuna,medio,True
3773665,Osasuna,427,16,16,358,0.8384074941451991,22.578706635549523,92.36243825278758,2.126029162546935,14.263653935189533,9641.107733379646,206,221,1.0728155339805825,26.6875,49,15.146919378760378,16,133,0.5541666666666667,16.625,25,3,5.633327169621874,8.3125,13,8.3125,13,0.22890889351797816,0.30528508301379187,0.05608196974740438,0.06945684523809524,0.23709750566893423,0.05771547640825852,0.0625,0.10055082778177762,0.020980440611007428,0.37181008827769413,0.5357142857142857,1,1,3.210526315789474,10,2.0703878230972292,427,0.20927901885348685,0.06071870412998688,0.4,0.10256410256410256,0.2974358974358975,0.05070883223057136,0.16479638472205688,0.12393664138416927,19.93617021276596,6.960772868505302,37,0.2152892561983471,0.20399000999000996,-0.011299246208337138,0.19779345908377988,0.13575895928374057,-0.0004896299545351362,derrota,0,2,1.2082273140000002,1.056926099,0.15130121500000016,local,Barcelona,medio,False
3773497,Barcelona,724,16,16,666,0.919889502762431,17.318834716808837,65.6269761607222,1.910497317454279,9.803260104531635,12538.836334969597,391,333,0.8516624040920716,45.25,96,32.51153641401772,16,137,0.5708333333333333,17.125,27,2,7.025622748198198,8.5625,14,8.5625,13,0.20169082735251925,0.33525210757050383,0.06224914260783756,0.08762400793650793,0.32896825396825397,0.07948282668557966,0.0625,0.11627419171813877,0.03454126018037559,0.32870909893259725,0.4411764705882353,1,1,5.2846715328467155,34,4.721358373615514,724,0.2724778176905836,0.06942895502968995,0.41818181818181815,0.09722222222222222,0.32095959595959594,0.05466544325239977,0.22337970347946487,0.10960235837302325,27.80851063829787,9.083282058318531,46,0.27578053259871443,0.2695714285714286,-0.006209104027285861,0.22113532405885056,0.22535475736960536,-0.0004829061561832161,derrota,1,2,1.494463878,1.321765321,0.17269855699999992,visitante,Real Madrid,grande,True
3773497,Real Madrid,319,16,16,269,0.8432601880877743,19.617015976615995,108.8290861856333,1.486606874731856,16.116169880207252,6257.828096540503,185,134,0.7243243243243244,19.9375,46,11.304681920926981,16,123,0.5125,15.375,25,6,5.266343608235224,7.6875,13,7.6875,13,0.17488671260387684,0.2742572461042148,0.048847070175191985,0.06753472222222223,0.2172222222222222,0.06402556408063677,0.0625,0.12291866442489885,0.029870403355342346,0.43076382045813516,0.5769230769230769,1,1,2.5934959349593494,9,1.82501764497087,319,0.20832691999358666,0.05631463308318598,0.3333333333333333,0.10714285714285714,0.22619047619047616,0.043401547947002496,0.11863783438272549,0.12137987668616537,14.733333333333333,8.03797803611648,33,0.20284305641448497,0.21312530062530058,0.010282244210815611,0.15121569030906828,0.09013221044717556,1.1695613211598458e-05,victoria,2,1,1.321765321,1.494463878,-0.17269855699999992,local,Barcelona,medio,False
3773660,Barcelona,698,14,13,636,0.9111747851002865,18.16254766787119,79.72433756388322,2.280350850198281,11.032262575659301,12677.458272174092,365,333,0.9123287671232877,49.857142857142854,105,27.343561027604466,14,131,0.7197802197802198,18.714285714285715,24,1,5.993193418115152,9.357142857142858,12,9.357142857142858,12,0.20363090887219507,0.27340732251339395,0.0646464645062368,0.08501221001221002,0.32425213675213677,0.09508082200925036,0.07142857142857141,0.13012935516057011,0.03420987453445723,0.3403701236989341,0.48148148148148145,1,1,5.32824427480916,28,4.773403970653162,698,0.2875548967940272,0.07243590826569922,0.4444444444444444,0.15555555555555556,0.28888888888888886,0.050875420875420865,0.2268410741770391,0.08421183824807993,27.956521739130434,8.283736467022141,45,0.30835738335738333,0.2700808080808081,-0.03827657527657524,0.24204424448142559,0.2140704111213545,-0.0013651236384816382,victoria,1,0,2.058993611,0.736227611,1.322766,local,Levante UD,medio,True
3773660,Levante UD,395,16,16,325,0.8227848101265823,21.554911735743186,84.09215183356886,1.414213562373101,14.401093895757814,8514.190135618559,217,178,0.8202764976958525,24.6875,51,13.607442816341356,16,141,0.5875,17.625,27,9,4.728570079844435,8.8125,13,8.8125,15,0.23143378106358015,0.3475515235700013,0.05466698045043267,0.06415438397581255,0.17698790627362057,0.045075284021214135,0.0625,0.1122146328908005,0.026932850740933077,0.4773053555470124,0.5769230769230769,1,1,2.801418439716312,11,2.10443590310997,395,0.21138347468134702,0.0812255072293941,0.6666666666666666,0.1,0.5666666666666667,0.048582335538857276,0.19509287920578622,0.16081863861889065,18.127659574468087,6.745745909948812,32,0.2131001574183392,0.2098727938727939,-0.0032273635455453142,0.21564995359880845,0.17700265373992663,0.000399654789398082,derrota,0,1,0.736227611,2.058993611,-1.322766,visitante,Barcelona,medio,False
3773593,Barcelona,730,15,15,651,0.8917808219178082,16.74461633286568,65.63368037829359,2.299999999999997,10.057000197812346,12223.569922991945,392,338,0.8622448979591837,48.666666666666664,100,28.912841108275423,15,139,0.6619047619047619,18.533333333333335,26,10,4.814792022738077,9.266666666666667,13,9.266666666666667,13,0.15122944717379694,0.24197619852489527,0.047156954338024484,0.07973137973137974,0.2902014652014652,0.07320790776046779,0.06666666666666668,0.11302159974730727,0.029454044646355197,0.3591058346921647,0.5,1,1,5.251798561151079,21,4.616351178585388,730,0.2874415439632831,0.0763373605830436,0.48214285714285715,0.11538461538461539,0.3667582417582418,0.05486858820192152,0.20927496045734814,0.08162361836570557,28.91304347826087,8.093415943994975,46,0.29844385412567226,0.277356092981093,-0.021087761144579276,0.19320647044753436,0.2240044096330107,-0.0008713602839412281,victoria,4,0,2.6873112679999998,0.1825146875,2.5047965805,local,Villarreal,medio,True
3773593,Villarreal,543,16,16,480,0.8839779005524862,19.43957519054148,70.2157389763862,0.8944271909999184,11.798916675154802,10555.689328464023,241,302,1.2531120331950207,33.9375,83,20.547404540071074,16,143,0.5958333333333333,17.875,27,4,5.91475908216049,8.9375,15,8.9375,13,0.17960051971023144,0.22111058583617976,0.029594377036385584,0.07099702380952382,0.36976190476190474,0.0953033505308686,0.0625,0.13454410818914456,0.030757603589150913,0.36887213439879896,0.5172413793103449,1,1,3.797202797202797,14,2.886087778493059,543,0.23025957494042593,0.06444380940714173,0.4111111111111111,0.08333333333333333,0.3277777777777778,0.0509669678147939,0.18797314789211164,0.09200461431752076,23.95744680851064,8.126600034584522,40,0.22333461992552905,0.23635353535353534,0.013018915428006289,0.20730073979341263,0.17096486701896685,5.8735045148088006e-05,derrota,0,4,0.1825146875,2.6873112679999998,-2.5047965805,visitante,Barcelona,medio,False
3773466,Barcelona,587,14,14,504,0.858603066439523,18.118617743999845,96.4024895944083,2.022374841615668,13.16573473322568,10635.62861572791,390,197,0.5051282051282051,41.92857142857143,78,25.076695542687823,14,124,0.6813186813186813,17.714285714285715,25,8,5.202040416009464,8.857142857142858,13,8.857142857142858,13,0.16690506109340245,0.25420614216787685,0.0443450593970207,0.07344758416186987,0.16336996336996334,0.04617001988041563,0.07142857142857142,0.1372973003784926,0.036850951289128804,0.37759195378896226,0.4642857142857143,1,1,4.733870967741935,19,4.066203886657284,587,0.26252341039575083,0.08306169092007301,0.4,0.12222222222222222,0.2777777777777778,0.06714505301461823,0.19112369790784603,0.11266054739439585,22.46808510638298,11.144995101779381,41,0.3029089597271415,0.22698412698412698,-0.07592483274301451,0.21945483726455925,0.1661922952739383,-0.0017451048411964226,victoria,3,0,0.739652598,0.46619188860000005,0.2734607094,visitante,Celta Vigo,medio,True
3773466,Celta Vigo,444,16,16,372,0.8378378378378378,19.03030544543199,63.42184166357833,2.080865204668483,10.995626952026413,8449.455617771802,197,247,1.2538071065989849,27.75,63,16.233709783451637,16,146,0.6083333333333333,18.25,26,11,5.2141634036535525,9.125,14,9.125,13,0.19509270641503745,0.24910109976276223,0.028009463374848782,0.06670792748917749,0.15989177489177492,0.042308864116031235,0.0625,0.12952246628796238,0.033290526164294135,0.4631239613877338,0.5357142857142857,1,1,3.041095890410959,18,2.5851968270599133,444,0.2170665622793282,0.047439978988106195,0.33636363636363636,0.13333333333333333,0.20303030303030303,0.04591724700420352,0.17275338400183424,0.09910937198515804,18.319148936170212,6.947337253374015,37,0.20393217893217896,0.22767510267510271,0.02374292374292375,0.16840351076439497,0.1762667431551506,0.0005341028395491859,derrota,0,3,0.46619188860000005,0.739652598,-0.2734607094,local,Barcelona,medio,False
3773585,Barcelona,603,15,15,547,0.9071310116086235,17.006661866662117,63.036021448057774,1.0999999999999943,10.03889790647014,10255.017105597257,290,313,1.0793103448275863,40.2,83,28.653596134317446,15,116,0.5523809523809524,15.466666666666667,25,2,6.3756481152027895,7.733333333333333,13,7.733333333333333,12,0.11720850919749573,0.2161321241310647,0.047891185927521056,0.08681929181929181,0.17326007326007328,0.0576833575113307,0.06666666666666667,0.13141375591256124,0.03875849790873779,0.37853184157959585,0.4375,1,1,5.198275862068965,27,4.927438705835131,603,0.2628058702526788,0.06676330151194149,0.5,0.12727272727272726,0.37272727272727274,0.06398299767864986,0.19697964761156664,0.07497828166438221,23.574468085106382,7.90086588774504,40,0.25361952861952863,0.2702256077256077,0.016606079106079086,0.17922808717216349,0.21131744642800776,8.383649832539553e-05,derrota,1,3,1.2488722015,2.9000679519999997,-1.6511957504999997,local,Real Madrid,grande,True
3773585,Real Madrid,567,14,14,501,0.8835978835978836,18.654814329432796,87.39937070711666,0.6999999999999997,12.343005674779132,10577.279724788395,332,235,0.7078313253012049,40.5,75,18.371173070873837,14,133,0.7307692307692307,19.0,25,8,4.7207747548166585,9.5,12,9.5,13,0.17256654963669718,0.23375935913681808,0.036218169222447284,0.07442002442002442,0.22234432234432233,0.054019409896922145,0.07142857142857142,0.11520567078615347,0.029010676591504917,0.405663394689726,0.48148148148148145,1,1,4.2631578947368425,18,3.4595291453317865,567,0.254135101010101,0.06213236410936894,0.375,0.11363636363636363,0.26136363636363635,0.05642212397531546,0.23092601798548937,0.12308817640710133,23.395833333333332,7.634578624923698,38,0.28345959595959597,0.2293220668220668,-0.05413752913752917,0.2906404015390249,0.18039846267095933,-0.0009059936722225014,victoria,3,1,2.9000679519999997,1.2488722015,1.6511957504999997,visitante,Barcelona,medio,False
3773552,Barcelona,831,14,14,759,0.9133574007220217,17.948686690022786,69.30007215003458,2.701851217221252,10.421261914657213,14915.358639408936,439,392,0.8929384965831435,59.357142857142854,134,42.26765838149713,14,121,0.6648351648351648,17.285714285714285,23,4,5.091008480344418,8.642857142857142,12,8.642857142857142,11,0.1003155168585944,0.17877224815694087,0.04868845234673372,0.06997863247863247,0.27297008547008544,0.07420545611467459,0.07142857142857142,0.13012894899201102,0.041996337280235184,0.32120689344450265,0.48148148148148145,1,1,6.867768595041323,44,7.266977441587003,831,0.30345379258422733,0.09019897232481791,0.4888888888888889,0.1111111111111111,0.37777777777777777,0.05735770402437071,0.22231931597482685,0.08929254438181095,30.08695652173913,9.222740221759889,44,0.32042011019283745,0.2879013347763348,-0.032518775416502665,0.2198534261434353,0.2245797149869357,-0.0014384717622460477,victoria,1,0,2.508760701,0.387724143,2.121036558,visitante,Huesca,medio,True
3773552,Huesca,365,15,15,307,0.8410958904109589,21.190302868149143,81.97414226449705,1.802775637731999,13.9653799271962,7734.460546874438,170,195,1.1470588235294117,24.333333333333332,58,17.30675618143994,15,115,0.5476190476190477,15.333333333333334,24,4,5.312459150169742,7.666666666666667,11,7.666666666666667,13,0.1233762481452776,0.16287856067172704,0.03126198331541045,0.07436159079016223,0.20316588173731034,0.051707887137336206,0.06666666666666667,0.14751885196712175,0.03558853372366893,0.46416264686086756,0.5833333333333334,1,1,3.1739130434782608,29,3.636196937234232,365,0.20326438993105655,0.05458717400551016,0.36666666666666664,0.125,0.24166666666666664,0.05249983602256329,0.1893835902785668,0.12753934320405036,17.42222222222222,7.460468206392001,35,0.19895038823610253,0.2070391414141414,0.008088753178038866,0.20207302361938392,0.17828033610535185,-5.8097918769856266e-05,derrota,0,1,0.387724143,2.508760701,-2.121036558,local,Barcelona,medio,False
3773672,Barcelona,655,15,15,594,0.9068702290076336,17.43002410183125,76.42041612030125,2.433105012119285,11.37287871642827,11416.665786699468,312,343,1.0993589743589745,43.666666666666664,82,25.336779214264407,15,142,0.6761904761904762,18.933333333333334,27,12,4.552898954390366,9.466666666666667,14,9.466666666666667,13,0.13437914069943924,0.1686002907091184,0.033202660279922865,0.07124454910169196,0.17098377812663526,0.04637092801229613,0.06666666666666667,0.13015821772932593,0.03145447361364466,0.44663744080625684,0.6086956521739131,1,1,4.612676056338028,22,4.384429221607512,655,0.2640948172198172,0.080369441415432,0.4818181818181818,0.125,0.3568181818181818,0.06264852169107488,0.2134845240228367,0.10315177924324706,25.9375,10.517273026545123,53,0.26698806244260787,0.26164668664668667,-0.005341375795921199,0.22028592594749294,0.20772949162505075,-0.00010090984906442842,empate,1,1,1.6534482454000001,0.688010283,0.9654379624000001,local,Sevilla,grande,True
3773672,Sevilla,550,16,16,493,0.8963636363636364,20.123789457800573,94.65268089177401,3.1256999216175503,12.522553338537158,11068.084201790316,339,211,0.6224188790560472,34.375,80,24.880715423797604,16,140,0.5833333333333334,17.5,24,6,5.232112384114087,8.75,13,8.75,14,0.137679066074288,0.23049830608837818,0.04896910828081305,0.07236536281179139,0.17298563869992442,0.06071911342536341,0.0625,0.11163996277472979,0.029012750780484847,0.4321619398164421,0.5357142857142857,1,1,3.9285714285714284,20,3.979667712515809,550,0.24394630192502528,0.06889079318168262,0.36363636363636365,0.08888888888888889,0.27474747474747474,0.054097653554175285,0.17933143725892514,0.10556559779304728,23.659574468085108,8.638328631981798,40,0.28267906336088156,0.20986147186147186,-0.0728175914994097,0.1897031562394451,0.17020432455606765,-0.0011401346623363283,empate,1,1,0.688010283,1.6534482454000001,-0.9654379624000001,visitante,Barcelona,medio,False
3773587,Barcelona,642,16,16,569,0.8862928348909658,19.303022793783327,69.27077305761787,0.10000000000000142,11.225195617720972,12392.540633608896,334,308,0.9221556886227545,40.125,89,27.58955116223048,16,151,0.6291666666666667,18.875,28,5,6.253748875674495,9.4375,14,9.4375,14,0.1630743658164718,0.21447086576208182,0.04701089673373411,0.06507357804232804,0.19234126984126984,0.04971248976834977,0.0625,0.10898539866364385,0.029013395217025627,0.45902091662858324,0.6,1,1,4.251655629139073,28,4.079050894422561,642,0.25587502775002774,0.08121632094281055,0.5,0.12222222222222222,0.37777777777777777,0.06888247686120026,0.2086510137375087,0.14088845543269984,25.5,9.965899303934904,50,0.26792929292929296,0.24567526490603414,-0.02225402802325882,0.1871633989864864,0.2268328416037583,-0.0006559846591870026,derrota,0,1,0.7843558220000001,1.652100625,-0.867744803,visitante,Getafe,medio,True
3773587,Getafe,228,13,14,145,0.6359649122807017,26.58507302984514,86.08164728907086,2.0880613017821084,19.386348729780973,6061.396650804692,141,87,0.6170212765957447,17.53846153846154,36,8.733225679508733,14,89,0.489010989010989,12.714285714285714,17,2,4.846627272482107,6.357142857142857,10,6.357142857142857,10,0.19676540375822024,0.3054105134667242,0.05468903233221056,0.07559523809523809,0.3085470085470085,0.07944000056254212,0.0714285714285714,0.17267320839377578,0.04360017170530524,0.36126474312904183,0.5274725274725275,1,1,2.561797752808989,9,1.6622379403479,228,0.1918595896856766,0.059477855859026256,0.4166666666666667,0.11904761904761904,0.29761904761904767,0.04868205868205868,0.13681414711459502,0.13794748746528152,10.695652173913043,6.400935921904584,33,0.20751984126984127,0.17981324231324233,-0.027706598956598938,0.16454214602982697,0.11548491717980126,-0.0004442341763013614,victoria,1,0,1.652100625,0.7843558220000001,0.867744803,local,Barcelona,medio,False
3773656,Barcelona,633,15,15,572,0.9036334913112164,17.894565942168985,78.99379722484544,2.0,10.48688637605912,11327.260241392967,344,289,0.8401162790697675,42.2,84,28.867183543156507,15,127,0.6047619047619047,16.933333333333334,26,4,5.926962872238099,8.466666666666667,13,8.466666666666667,14,0.1550566491604776,0.21761271957229025,0.04919865683766217,0.08791819291819293,0.30741758241758244,0.09198365797486291,0.06666666666666667,0.1171941975748933,0.03233655920664638,0.35337528329198725,0.5185185185185185,1,1,4.984251968503937,20,4.454466487082754,633,0.25331815175565175,0.06608198263877338,0.4,0.125,0.275,0.05753277455405116,0.20891621331849178,0.10308011025818348,24.020833333333332,9.411377413678352,43,0.26813590449954083,0.24078005328005328,-0.027355851219487554,0.23255789364147395,0.1889117145836608,-0.0007110379036942189,derrota,0,1,0.954291622,0.562930227,0.391361395,visitante,Atlético Madrid,grande,True
3773656,Atlético Madrid,549,15,15,477,0.8688524590163934,20.107842283949047,77.55185362065822,0.0,13.986252282688373,11039.205413888027,270,279,1.0333333333333334,36.6,74,22.906019171512852,15,116,0.5523809523809524,15.466666666666667,23,2,6.075817274701039,7.733333333333333,12,7.733333333333333,11,0.16648213149301166,0.25941614525577006,0.04122809654723421,0.09227106227106228,0.21529304029304033,0.06028498752668785,0.06666666666666667,0.12354353129563828,0.035240394879718515,0.36078779081224405,0.45161290322580644,1,1,4.732758620689655,18,3.9574411765525914,549,0.24895607864357863,0.053607945443134866,0.35454545454545455,0.1111111111111111,0.24343434343434345,0.06089773111049706,0.23023295587288098,0.1061534638648558,21.229166666666668,7.630397171373703,39,0.2542705971277399,0.2448225642670087,-0.009448032860731204,0.21999779813965792,0.23819363410983221,-0.00031398145746278474,victoria,1,0,0.562930227,0.954291622,-0.391361395,local,Barcelona,medio,False
3773377,Barcelona,740,15,15,667,0.9013513513513514,16.935942621861294,93.03601453200798,1.7000000000000028,10.821618414568254,12532.597540177358,414,326,0.7874396135265701,49.333333333333336,122,31.311035632520245,15,139,0.6619047619047619,18.533333333333335,24,5,5.760401220594119,9.266666666666667,12,9.266666666666667,13,0.16446317906377805,0.27449821889935916,0.05951962479973009,0.07113640327926044,0.22136316064887496,0.06631932233394137,0.06666666666666667,0.14466076209324566,0.03772832350725779,0.35544852068974986,0.4827586206896552,1,1,5.323741007194244,29,4.865405448421235,740,0.26799607012372967,0.09378958192827726,0.4666666666666667,0.1388888888888889,0.3277777777777778,0.0545783926218709,0.22566875109177356,0.09006340170418341,27.80851063829787,11.105498633897222,48,0.31139151252787617,0.22980808080808082,-0.08158343171979535,0.2313737880365676,0.22064831858035475,-0.0018682784799227915,empate,2,2,2.893558679,1.637535147,1.256023532,local,Valencia,medio,True
3773377,Valencia,297,13,14,227,0.7643097643097643,22.585187691996158,100.63384122649796,2.7166155414412274,17.884968509787203,6707.800744522859,144,153,1.0625,22.846153846153847,39,11.400629762182394,14,100,0.5494505494505495,14.285714285714286,20,1,5.29728463363976,7.142857142857143,11,7.142857142857143,12,0.17377641354267906,0.2441891438021611,0.06245534291191286,0.068246336996337,0.2514957264957265,0.06466235502590735,0.07142857142857144,0.14516633580898639,0.03434092729360357,0.37863519876641033,0.5034965034965034,1,1,2.97,11,2.1792429878285713,297,0.18080494384842213,0.05263495200297898,0.3333333333333333,0.06666666666666667,0.26666666666666666,0.044623216289882965,0.1321571081786769,0.12299029476699073,13.804347826086957,5.166643291204719,27,0.16771971414828557,0.19179653679653674,0.024076822648251173,0.1638043815852147,0.1055733985171851,4.745263302155111e-05,empate,2,2,1.637535147,2.893558679,-1.256023532,visitante,Barcelona,medio,False
3773586,Barcelona,898,14,14,822,0.9153674832962138,18.209674671686408,83.31152381273553,2.4738633753705885,10.004959640750663,16352.287855174394,432,466,1.0787037037037037,64.14285714285714,136,40.04777366875936,14,130,0.7142857142857143,18.571428571428573,25,7,5.341405455954262,9.285714285714286,13,9.285714285714286,13,0.12684976899013894,0.2550237152513283,0.04589279281989187,0.08455433455433456,0.280982905982906,0.08877432523224978,0.07142857142857144,0.12628589548580957,0.035149879015886766,0.3577737701143325,0.5,1,1,6.907692307692308,36,6.624483903086226,898,0.31437782076079945,0.07325161794065996,0.4666666666666667,0.17424242424242425,0.2924242424242424,0.05360122968818621,0.215035845807609,0.06164278326468002,32.12765957446808,8.25310750770672,46,0.3195592286501377,0.3098181818181818,-0.009741046831955869,0.2391023649298258,0.19385730898005826,-0.000950327745540511,derrota,1,2,1.233171613,0.535677516,0.6974940970000001,local,Granada,medio,True
3773586,Granada,201,15,15,138,0.6865671641791045,25.58840174317188,100.25951326432819,1.655294535724683,19.964810660539424,5143.268750377548,116,85,0.7327586206896551,13.4,26,7.716401826165946,15,93,0.44285714285714284,12.4,21,2,5.070174224488412,6.2,12,6.2,10,0.2605946654714623,0.37563117567021304,0.04836293219249483,0.0815140415140415,0.21794871794871795,0.07232980694448599,0.06666666666666667,0.1431406273795605,0.042679691407616606,0.4285900975165573,0.6086956521739131,1,1,2.161290322580645,6,1.3140295293047424,201,0.185679049632538,0.07017598508466918,0.5,0.11818181818181818,0.38181818181818183,0.04325740397168968,0.15046722193377735,0.15244258246198714,10.604651162790697,5.085645227049885,21,0.17432488146773858,0.19651711924439194,0.022192237776653356,0.09140765215766529,0.20684226581097526,0.0008843179579927611,victoria,2,1,0.535677516,1.233171613,-0.6974940970000001,visitante,Barcelona,medio,False
3773372,Barcelona,622,15,15,571,0.9180064308681672,18.567604185932503,101.62834250345718,0.20000000000000018,11.065237999438924,11549.049803650016,342,280,0.8187134502923976,41.46666666666667,82,23.317273384665675,15,148,0.7047619047619048,19.733333333333334,26,9,5.026153819992204,9.866666666666667,13,9.866666666666667,13,0.16392527810166546,0.20428359181702216,0.02785607760037197,0.06823260073260075,0.1866758241758242,0.05085778679401913,0.06666666666666667,0.12458183336313691,0.03234692541916853,0.4071198988711079,0.4827586206896552,1,1,4.202702702702703,34,4.158936096185521,622,0.2538670870192609,0.07114289627969105,0.4090909090909091,0.1111111111111111,0.297979797979798,0.05432740099406764,0.19279603565166092,0.09968724009110756,25.630434782608695,10.255315577033262,50,0.25984192575101667,0.24839015151515154,-0.011451774235865131,0.16518549175063452,0.21810570089426848,-0.0008345413965210446,empate,0,0,0.8648851659999999,0.55558012,0.30930504599999986,local,Atlético Madrid,grande,True
3773372,Atlético Madrid,435,14,14,369,0.8482758620689655,19.96482044153189,72.62231062146121,1.264911064067345,13.60924190935646,8684.696892066373,185,250,1.3513513513513513,31.071428571428573,62,19.519080549413836,14,116,0.6373626373626373,16.571428571428573,24,6,5.10901564064219,8.285714285714286,13,8.285714285714286,13,0.12416361815387852,0.16573603761493386,0.027878794673262472,0.07138387406244548,0.21891025641025638,0.06721821299796966,0.07142857142857141,0.11775215400172943,0.03455974214689,0.46680422085249296,0.5909090909090909,1,1,3.75,18,3.4637905288262174,435,0.21459078361252273,0.060568045688199255,0.38181818181818183,0.1111111111111111,0.27070707070707073,0.04909251242584576,0.16766948432519505,0.10682095302831432,18.282608695652176,8.627251508970502,42,0.20150999793856939,0.22557864357864357,0.024068645640074188,0.13196506805224303,0.1976611939944747,6.479824009888798e-05,empate,0,0,0.55558012,0.8648851659999999,-0.30930504599999986,visitante,Barcelona,medio,False
3773387,Barcelona,650,16,16,577,0.8876923076923077,18.889962962906274,66.37446798280195,2.433105012119285,11.607484867962034,12278.475925889079,329,321,0.9756838905775076,40.625,79,24.270352284217054,16,156,0.65,19.5,27,6,6.254998001598402,9.75,14,9.75,14,0.12191046654652472,0.19029886660129794,0.03652689115320468,0.06943700396825397,0.15081632653061228,0.04963687540458136,0.0625,0.10611950831940956,0.0293676876547273,0.43137082143264205,0.5357142857142857,1,1,4.166666666666667,22,4.122846498217372,650,0.2705904025052962,0.07899381491073759,0.4444444444444444,0.12222222222222222,0.3222222222222222,0.06477900119204467,0.2171744340423977,0.10307399965934998,25.085106382978722,9.002004093857542,45,0.28699986881805056,0.25615007215007213,-0.030849796667978435,0.22518156722142146,0.21012815684485678,-0.0008504497866200006,empate,3,3,2.8138382679999996,1.017280621,1.7965576469999995,visitante,Levante UD,medio,True
3773387,Levante UD,407,16,16,347,0.8525798525798526,21.146004522061215,80.1,2.024845673131665,13.522080332856346,8606.423840478914,215,192,0.8930232558139535,25.4375,52,15.414143937738915,16,134,0.5583333333333333,16.75,24,3,5.825590098865522,8.375,13,8.375,13,0.17566229457450716,0.2813161833036942,0.05706984890775753,0.06798138699924415,0.21652683295540445,0.05533280683807619,0.06249999999999999,0.08908126652037263,0.02349505555593319,0.41289110299370796,0.5357142857142857,1,1,3.037313432835821,11,2.20381865473407,407,0.2062716833993429,0.05646466954226079,0.37777777777777777,0.10714285714285714,0.2706349206349206,0.0460788004266265,0.15554410320420942,0.11559866349651189,18.382978723404257,7.611642088416018,34,0.21530401416765052,0.19832323232323235,-0.016980781844418175,0.17176854907415914,0.14126659083865362,-0.000279251981957811,empate,3,3,1.017280621,2.8138382679999996,-1.7965576469999995,local,Barcelona,medio,False
3773695,Barcelona,801,13,13,725,0.9051186017478152,17.071388022278768,79.27881179735226,2.319482700948638,10.948815946555046,13674.181805845292,454,347,0.76431718061674,61.61538461538461,115,31.855241487962545,13,125,0.8012820512820513,19.23076923076923,24,14,2.939226642237354,9.615384615384615,12,9.615384615384615,12,0.14835056607569463,0.21373846112523381,0.0384880414250197,0.0944125319125319,0.31998556998557,0.10152150580485908,0.07692307692307691,0.1246465157906616,0.03285293499548634,0.33922184533967836,0.4444444444444444,1,1,6.408,40,6.2213773394643095,801,0.2984150010745756,0.07683407604895057,0.5,0.17272727272727273,0.32727272727272727,0.05592101135579395,0.22762576960656883,0.07536663061116476,29.106382978723403,9.436824361195445,49,0.32998163452708906,0.2706363636363637,-0.05934527089072539,0.24671459262615522,0.2108276053493327,-0.0009018571301758171,victoria,3,2,3.0856501890000003,1.301609404,1.7840407850000004,visitante,Valencia,medio,True
3773695,Valencia,363,14,14,301,0.8292011019283747,21.9155246652575,90.7331251528349,0.0,15.041379356699418,7955.335453488473,196,167,0.8520408163265306,25.928571428571427,46,14.483222578685183,14,122,0.6703296703296703,17.428571428571427,24,10,4.2378277069118075,8.714285714285714,13,8.714285714285714,13,0.2258697435897154,0.2787337156612069,0.04118628327352069,0.06557030932030931,0.14868233618233617,0.04198937188695987,0.07142857142857142,0.1525248255831334,0.035720413506857715,0.5043061810802494,0.6190476190476191,1,1,2.9754098360655736,12,2.410574772471027,363,0.21424022837066314,0.06099211537011764,0.33636363636363636,0.1111111111111111,0.22525252525252526,0.05085457752124417,0.18852176425431813,0.12741848508356857,17.152173913043477,7.969294939688754,37,0.23140074211502784,0.19982539682539685,-0.03157534528963099,0.21639759194009434,0.1651060689982662,-0.0005771583061129793,derrota,2,3,1.301609404,3.0856501890000003,-1.7840407850000004,local,Barcelona,medio,False
3773369,Barcelona,923,16,16,871,0.9436619718309859,15.897467420083439,71.9413650134608,1.7088007490635013,9.03409178427349,14673.362428737015,548,375,0.6843065693430657,57.6875,128,38.38006209826486,16,151,0.6291666666666667,18.875,25,6,5.2544623892459255,9.4375,13,9.4375,13,0.10003773545331511,0.17383600548886294,0.04558261591618879,0.07976899092970521,0.30155328798185943,0.08403754877094217,0.0625,0.11988537756790507,0.03241522273899068,0.3506483205548816,0.42857142857142855,1,1,6.112582781456954,37,6.153169695591848,923,0.3303743537786091,0.08507737253173432,0.5888888888888889,0.16363636363636364,0.42525252525252527,0.06244588744588746,0.21758855266268107,0.08521190485727914,32.97872340425532,9.407419277639852,53,0.3808654729109275,0.28594216894216895,-0.09492330396875853,0.24460429537414116,0.1938146990765962,-0.0016199993217800833,victoria,4,1,0.95751025,2.101564256,-1.1440540060000002,local,Huesca,medio,True
3773369,Huesca,412,16,16,346,0.8398058252427184,19.8779325762246,78.70533654079627,2.4413111231467397,13.022685816615112,8189.708221404536,192,220,1.1458333333333333,25.75,52,13.992855319769443,16,138,0.575,17.25,27,7,5.105144464165535,8.625,13,8.625,14,0.1761351007542116,0.24424329711513312,0.04831024581967146,0.06434594671201814,0.2246655328798186,0.05311512572162006,0.0625,0.12480874279242798,0.028213893162976844,0.44792777821613594,0.5555555555555556,1,1,2.9855072463768115,15,2.3712820089330413,412,0.21713956333521553,0.06066923402108475,0.375,0.11818181818181818,0.25681818181818183,0.055733525733525725,0.1834931890496537,0.11299556364973193,19.02173913043478,8.163575280026333,38,0.21797567511853227,0.21643722943722946,-0.0015384456813028191,0.17126214769163586,0.19376726379038872,0.0002512493331179767,derrota,1,4,2.101564256,0.95751025,1.1440540060000002,visitante,Barcelona,medio,False
3773661,Barcelona,951,15,15,885,0.9305993690851735,17.164890533224067,69.9183094761308,1.8439088914585835,9.283705185136027,16323.81089709609,527,424,0.8045540796963947,63.4,122,33.264738945959834,15,153,0.7285714285714285,20.4,27,12,4.348179695765421,10.2,14,10.2,13,0.09087384069342538,0.12781506703130324,0.025002764724230277,0.08009157509157509,0.21632653061224488,0.055500428272062106,0.06666666666666667,0.1097031531497473,0.02597828193379558,0.3575182261809681,0.4666666666666667,1,1,6.215686274509804,44,6.704735597395924,951,0.3120952718778805,0.08123421114227013,0.45454545454545453,0.14545454545454545,0.3090909090909091,0.05319297985964653,0.19607597376377414,0.0729305826618646,32.71739130434783,10.508542648675592,53,0.33862929999293634,0.2877724127724128,-0.05085688722052356,0.20735207314884632,0.18573954932745798,-0.0010962920999923772,victoria,5,2,1.6198782499999997,1.502712756,0.11716549399999976,local,Getafe,medio,True
3773661,Getafe,193,16,16,153,0.7927461139896373,21.557315980282638,70.29857751050159,1.2806248474865725,14.866389428556337,4160.561984194549,78,115,1.4743589743589745,12.0625,28,6.617842045057689,16,108,0.45,13.5,24,6,4.782781617427248,6.75,13,6.75,11,0.1585588184001361,0.21230407329960477,0.022101743863877765,0.06338353777966037,0.16819111962882516,0.04783962151961747,0.06249999999999999,0.13248444096521841,0.030174814192614956,0.5028551137465328,0.625,1,1,1.787037037037037,13,1.5338823046616659,193,0.19536956870290204,0.07781582141355083,0.5,0.08333333333333333,0.4166666666666667,0.06114226682408501,0.08733555942866753,0.1203071746672426,9.533333333333333,4.924890400257192,25,0.21056311413454273,0.18207521645021643,-0.028487897684326302,0.10293596893422857,0.0736852011113016,-0.000634771456160841,derrota,2,5,1.502712756,1.6198782499999997,-0.11716549399999976,visitante,Barcelona,medio,False
3773597,Barcelona,770,16,16,710,0.922077922077922,17.43048499481132,94.0715153486963,1.6124515496597012,10.535990611610927,13421.473446004715,379,391,1.0316622691292876,48.125,97,31.576098555711408,16,150,0.625,18.75,26,6,6.289872812704562,9.375,13,9.375,14,0.14233351260377425,0.2625979206949733,0.056335913235421094,0.07790674603174604,0.230249433106576,0.05861852324069614,0.06249999999999999,0.11689099738219372,0.0300851960521543,0.39957714309919373,0.5769230769230769,1,1,5.133333333333334,24,4.856153027059817,770,0.277409351877437,0.07204004328166667,0.4861111111111111,0.16363636363636364,0.32247474747474747,0.05691072212811344,0.19518744986434033,0.08522659798525332,28.29787234042553,8.861040506222391,49,0.28523219205037387,0.27052525252525256,-0.01470693952512131,0.205108453089516,0.1864569670261858,-0.0009225185147363691,victoria,6,1,2.7190648429999995,0.6805954160000001,2.0384694269999994,visitante,Real Sociedad,medio,True
3773597,Real Sociedad,344,16,16,282,0.8197674418604651,19.71354937311831,89.58934088383506,2.1260291625469274,14.555838404942856,6781.460984352698,158,186,1.1772151898734178,21.5,48,14.71507163874282,16,118,0.49166666666666664,14.75,24,5,5.494315243958978,7.375,11,7.375,13,0.1326644729480243,0.19558997000749076,0.04785063120157339,0.07291702097505669,0.17270975056689344,0.04076589076744081,0.06249999999999999,0.12069347500456254,0.03317391062222634,0.4360029562284914,0.5555555555555556,1,1,2.9152542372881354,13,2.402598421012454,344,0.20139409972743302,0.05806098336742098,0.32142857142857145,0.1111111111111111,0.21031746031746035,0.04593827889282434,0.16517201212237953,0.10828869936090564,17.08888888888889,7.031818018582722,34,0.21448155019583595,0.18994258056758054,-0.024538969628255414,0.1708216327668534,0.16022859405846496,-0.0009799957033158628,derrota,1,6,0.6805954160000001,2.7190648429999995,-2.0384694269999994,local,Barcelona,medio,False
3773523,Barcelona,517,15,15,447,0.8646034816247582,18.29939031673469,82.71831719758326,2.23606797749979,13.576058808944813,9460.784793751835,340,177,0.5205882352941177,34.46666666666667,73,20.7463134992587,15,137,0.6523809523809524,18.266666666666666,26,7,5.2213237997870054,9.133333333333333,13,9.133333333333333,14,0.1677226799792069,0.23511322229167225,0.04605479894009124,0.06686638758067329,0.15313971742543173,0.043602885135847994,0.06666666666666667,0.14770502062235527,0.03711926963544754,0.4648955212148063,0.6363636363636364,1,1,3.7737226277372264,15,3.3374510592216424,517,0.2333578950600227,0.08439350789205505,0.44545454545454544,0.09090909090909091,0.3545454545454545,0.058574879227053143,0.15920526943853108,0.10996655664733926,22.04255319148936,10.456862624525394,49,0.28247245179063357,0.1901370851370851,-0.09233536665354847,0.2118430141405344,0.11288405410076813,-0.0014902581550939541,victoria,2,1,2.6482608960000005,1.9268283419999999,0.7214325540000006,local,Real Sociedad,medio,True
3773523,Real Sociedad,464,15,15,392,0.8448275862068966,20.95515574134736,70.12082429635294,1.216552506059646,13.527378190256146,9723.192263985176,198,266,1.3434343434343434,30.933333333333334,61,16.709563842587986,15,148,0.7047619047619048,19.733333333333334,26,11,4.404038550643666,9.866666666666667,14,9.866666666666667,14,0.20056579403534996,0.28833729068242014,0.04338721925522406,0.06395517181231467,0.19358974358974362,0.05085447675320389,0.06666666666666667,0.11663938228939832,0.026434032817204346,0.491371287503938,0.6666666666666666,1,1,3.135135135135135,12,2.462279345714675,464,0.2213318596297319,0.054000926388908674,0.38181818181818183,0.1111111111111111,0.27070707070707073,0.042973210364514715,0.1700216153054791,0.11657622341761867,20.74468085106383,8.119938115812543,42,0.2086055358782631,0.23253102453102453,0.023925488652761423,0.15870194080633485,0.17998292886472606,-7.942514880534812e-06,derrota,1,2,1.9268283419999999,2.6482608960000005,-0.7214325540000006,visitante,Barcelona,medio,False
3773571,Barcelona,708,15,15,648,0.9152542372881356,18.412426736368257,79.32969179317413,1.0,11.678025490663392,13035.998129348727,412,296,0.7184466019417476,47.2,111,30.86884698665816,15,133,0.6333333333333333,17.733333333333334,26,8,5.0526120857323775,8.866666666666667,13,8.866666666666667,13,0.09321089953385571,0.15284231558279454,0.029799636706291772,0.08744200244200245,0.22582417582417588,0.06295067328472129,0.06666666666666667,0.1456471865328389,0.03627261133223729,0.3612262359677219,0.4375,1,1,5.323308270676692,34,5.004582670109634,708,0.2681595591170059,0.05514348412713558,0.4,0.16363636363636364,0.2363636363636364,0.03869282891022021,0.22115503338980835,0.08655943490061505,27.27659574468085,7.186043622308497,44,0.3054850452577725,0.2353131313131313,-0.07017191394464117,0.2401734900254466,0.2044187915504467,-0.0009484464040430756,victoria,3,0,3.5577344489999994,0.6726382205,2.8850962284999992,visitante,Real Valladolid,medio,True
3773571,Real Valladolid,455,16,16,387,0.8505494505494505,21.124193232311303,83.07538745019491,1.5,13.914818696608622,9611.507920701642,209,246,1.1770334928229664,28.4375,58,17.25869346155728,16,152,0.6333333333333333,19.0,28,9,5.5,9.5,14,9.5,14,0.14853966919528452,0.1840649697194612,0.021682580691641702,0.059082704663061814,0.1626436130007559,0.05612335976589333,0.0625,0.11602939409013116,0.026252435348745686,0.45767049670749466,0.6,1,1,2.9934210526315788,14,2.5248676633541653,455,0.2238003131620153,0.12752734044279332,1.0,0.09722222222222222,0.9027777777777778,0.06276742581090407,0.1742884055781582,0.11205985268140713,19.170212765957448,6.335953821115788,33,0.1892015392015392,0.25174547674547676,0.06254393754393756,0.15914199085287958,0.18652204824088323,0.0017351412399400372,derrota,0,3,0.6726382205,3.5577344489999994,-2.8850962284999992,local,Barcelona,medio,False
3773428,Barcelona,900,15,15,801,0.89,16.683465189037587,68.92960176876115,3.2695565448543675,8.469990232980111,15015.11867013383,440,460,1.0454545454545454,60.0,125,38.32939938406102,15,149,0.7095238095238096,19.866666666666667,26,12,4.514667454223203,9.933333333333334,14,9.933333333333334,14,0.11538699545139991,0.19769677050396353,0.03212286573337588,0.08369876155590442,0.2630559916274202,0.08241871030858906,0.06666666666666668,0.11926900117310979,0.03355408867237768,0.35815446870036827,0.4,1,1,6.040268456375839,35,5.711026888034291,900,0.29774571493321494,0.08123582428411806,0.5476190476190477,0.125,0.42261904761904767,0.06387589951419739,0.2042151651013666,0.07552495073082187,29.979166666666668,10.816633336560347,55,0.30020572861481953,0.2956641648949341,-0.004541563719885455,0.199299982075258,0.20837416612345844,-0.0005421070492444772,derrota,1,2,1.528829837,2.2947186696,-0.7658888326,visitante,Cádiz,medio,True
3773428,Cádiz,180,15,16,120,0.6666666666666666,26.343183000943604,104.64344222167006,2.9732137494636985,22.147956977066908,4741.772940169849,115,65,0.5652173913043478,12.0,38,10.481275822014362,16,78,0.325,9.75,20,2,4.879805323985784,4.875,9,4.875,12,0.10436789934492874,0.187057027591307,0.051414606669179366,0.08644416099773244,0.31801587301587303,0.08289135359515784,0.062499999999999986,0.14622158053604586,0.04695961452358496,0.3686486279400554,0.4839506172839506,1,1,2.3076923076923075,11,2.254952909325195,180,0.17664570878856592,0.05406629843688946,0.35,0.08888888888888889,0.26111111111111107,0.04531552458381726,0.1331466428595525,0.12922786168960176,9.142857142857142,4.1822588631750515,20,0.18390366247509105,0.1693877551020408,-0.014515907373050252,0.15233752585868898,0.113955759860416,-0.0004208377136368721,victoria,2,1,2.2947186696,1.528829837,0.7658888326,local,Barcelona,medio,False
3764661,Barcelona,663,13,13,610,0.9200603318250377,17.944569913482407,80.00831206818451,2.3345235059857616,10.605184435933795,11897.249852638837,347,316,0.9106628242074928,51.0,99,26.711420778386163,13,109,0.6987179487179487,16.76923076923077,22,5,4.576761470967235,8.384615384615385,12,8.384615384615385,11,0.1618730672880049,0.24085249890233534,0.05803761809147785,0.08885003885003885,0.21881313131313132,0.06711585403344053,0.07692307692307696,0.1251736056634427,0.032723166293002634,0.37700748700428705,0.5454545454545454,1,1,6.08256880733945,28,5.812243389410204,663,0.27188186209925336,0.06694355521585585,0.44545454545454544,0.1527777777777778,0.29267676767676765,0.04292368125701458,0.21644597044861702,0.10568382715909772,25.869565217391305,7.790617421409119,49,0.2849058769513315,0.2599431818181818,-0.024962695133149693,0.195639747777705,0.23551834123028645,-0.0002103832029826493,victoria,3,2,1.4724851283,0.841487605,0.6309975233,visitante,Athletic Club,medio,True
3764661,Athletic Club,490,15,15,437,0.8918367346938776,21.845378865433997,82.40400475705049,3.2802438933713405,13.35375814618975,10704.235644062659,213,277,1.300469483568075,32.666666666666664,68,18.30950832868254,15,140,0.6666666666666666,18.666666666666668,25,12,4.237399621885521,9.333333333333334,14,9.333333333333334,13,0.1946656262826722,0.2399579585289182,0.026554668906157517,0.06896709110994825,0.1346502703645561,0.04073223898937263,0.06666666666666665,0.11532394882721331,0.027941501421119237,0.4358003760809635,0.6086956521739131,1,1,3.5,17,2.960453633193014,490,0.22400908783887502,0.05399059381332719,0.4,0.13636363636363635,0.26363636363636367,0.04295909404605056,0.1898104233989992,0.09387781334308659,21.4468085106383,7.353817437040255,36,0.2118883641610914,0.23467532467532468,0.022786960514233262,0.19919711342383695,0.181550136177142,0.0004805450934613742,derrota,2,3,0.841487605,1.4724851283,-0.6309975233,local,Barcelona,medio,False
3773526,Barcelona,898,16,16,822,0.9153674832962138,16.608758570242017,67.84983419287038,1.0816653826391964,9.933439948532634,14914.665196077332,480,418,0.8708333333333333,56.125,113,32.54714529212457,16,164,0.6833333333333333,20.5,28,9,5.645794895318107,10.25,14,10.25,14,0.1271802978036364,0.20756114349518726,0.033396565271725846,0.06911706349206348,0.2588888888888889,0.0632508337473443,0.0625,0.1201934702324165,0.02872055803157521,0.314438410251707,0.45454545454545453,1,1,5.475609756097561,29,4.833131615584595,898,0.3205266955266955,0.08754676660029209,0.5444444444444444,0.16363636363636364,0.38080808080808076,0.061475869809203144,0.22699668535561093,0.09519391492934257,33.43478260869565,9.625549736480956,49,0.30927456382001833,0.3308411495911496,0.02156658577113124,0.18770514103483438,0.26301393431632264,-0.0001583007734719125,victoria,5,1,2.692579604,0.609192384,2.08338722,local,Deportivo Alavés,medio,True
3773526,Deportivo Alavés,311,16,16,236,0.7588424437299035,22.98751552844872,74.21158939141513,1.3416407864998738,16.036671118742625,7149.117329347552,141,170,1.2056737588652482,19.4375,39,10.954260967008835,16,128,0.5333333333333333,16.0,27,5,5.60133912560202,8.0,12,8.0,15,0.19743086412860716,0.2935739409763491,0.04334762033790949,0.06312708290386862,0.17637566137566144,0.06131727000369854,0.06249999999999999,0.13437423478538485,0.034306217950993895,0.4705672535159612,0.5769230769230769,1,1,2.4296875,8,1.7619395995163256,311,0.19644380311046972,0.04346129226258546,0.3,0.1111111111111111,0.18888888888888888,0.04553817394726485,0.16231599813434522,0.10670996049013023,14.755555555555556,6.467244585235084,30,0.18810015741833921,0.20442468159859464,0.01632452418025543,0.17412647427852426,0.15101902095295658,0.0004546523963520017,derrota,1,5,0.609192384,2.692579604,-2.08338722,visitante,Barcelona,medio,False
3773474,Barcelona,726,16,16,658,0.90633608815427,16.980313023768854,64.60495337046534,1.0999999999999943,9.909766129698973,12327.707255256188,385,341,0.8857142857142857,45.375,104,31.44916533073652,16,150,0.625,18.75,28,7,5.695392874947259,9.375,14,9.375,14,0.18059706544846038,0.3308560495137644,0.07378346874391147,0.06923327664399093,0.2886281179138322,0.07102967488097017,0.06249999999999999,0.12564704593432127,0.036475067485801566,0.388449503829918,0.4838709677419355,1,1,4.84,17,4.20963973122008,726,0.2859998157870498,0.08041185909773134,0.4818181818181818,0.1590909090909091,0.32272727272727275,0.05342555994729908,0.2151672078035015,0.09233644385467206,27.574468085106382,8.970348936189872,53,0.30557851239669415,0.26877056277056277,-0.036807949626131375,0.2492272869618807,0.1851943381441278,-0.0011525969854485117,victoria,1,0,1.8230445149999996,0.354709277,1.4683352379999997,local,Real Valladolid,medio,True
3773474,Real Valladolid,310,13,14,255,0.8225806451612904,22.55408731925542,91.74905994068821,1.5,17.583112393946926,6991.76706896918,189,121,0.6402116402116402,23.846153846153847,47,13.031028060275686,14,96,0.5274725274725275,13.714285714285714,22,4,4.963129361725774,6.857142857142857,12,6.857142857142857,12,0.17600354775088056,0.26718006367369307,0.04853336721963667,0.06614010989010989,0.1983974358974359,0.0608581887363431,0.0714285714285714,0.13924901616759286,0.03973764083888191,0.36477229486923385,0.46153846153846156,1,1,3.2291666666666665,12,2.40433274989595,310,0.19453578336557056,0.06170188252262224,0.3333333333333333,0.08928571428571429,0.244047619047619,0.043112805069326805,0.12413317963916284,0.13344996247581714,13.76595744680851,6.799017723035428,29,0.21166699462154004,0.17946031746031743,-0.03220667716122261,0.15162043830355343,0.09994439201449909,-0.0009317667056450596,derrota,0,1,0.354709277,1.8230445149999996,-1.4683352379999997,visitante,Barcelona,medio,False
3773625,Barcelona,607,15,15,538,0.886326194398682,18.759407931230196,94.8152941249459,2.8600699292150207,12.755784990606351,11386.96061425673,317,290,0.9148264984227129,40.46666666666667,79,25.50872866481664,15,134,0.638095238095238,17.866666666666667,25,4,5.713920623257632,8.933333333333334,12,8.933333333333334,14,0.17056722631940188,0.27529330621506354,0.05720323775752396,0.07869483690912263,0.21302328623757194,0.06620771630862471,0.06666666666666667,0.12172266863379794,0.03189004698350754,0.4189834178797659,0.5185185185185185,1,1,4.529850746268656,23,4.217395211002049,607,0.24957093733689475,0.07137061921977846,0.4,0.10714285714285714,0.29285714285714287,0.054147844908714486,0.19215078677257524,0.08867820556271691,24.170212765957448,9.407025933326018,44,0.262741046831956,0.237981240981241,-0.024759805850714994,0.21627088054295643,0.17092510425463986,-0.0005473118591758768,victoria,2,0,1.92933905,0.089311511,1.840027539,visitante,Sevilla,grande,True
3773625,Sevilla,480,16,16,433,0.9020833333333333,21.143554449017063,83.14595600508783,3.4234485537247363,13.593388461503519,10148.90613552819,246,234,0.9512195121951219,30.0,63,16.508583625899995,16,148,0.6166666666666667,18.5,28,11,4.937104414532874,9.25,14,9.25,14,0.14961976385259826,0.17529029521822254,0.01682511269566238,0.06248579545454547,0.18719387755102046,0.04945014423134933,0.0625,0.12006865072243511,0.022606451180816292,0.4041103655624072,0.5555555555555556,1,1,3.2432432432432434,14,2.497624876140091,480,0.21947933862827476,0.05427313482238764,0.35555555555555557,0.13333333333333333,0.22222222222222224,0.045711776146558754,0.18239998602806726,0.11232885894756203,21.5531914893617,7.517540389383549,34,0.21357808857808855,0.22467243867243866,0.011094350094350114,0.15908504449129188,0.20291713458042954,-0.00016664873568203873,derrota,0,2,0.089311511,1.92933905,-1.840027539,local,Barcelona,medio,False
3773403,Barcelona,616,14,14,559,0.9074675324675324,17.760284917912763,76.97493098405481,0.09999999999999432,12.21499972577294,10940.335509434262,337,279,0.827893175074184,44.0,86,25.234286809205262,14,128,0.7032967032967034,18.285714285714285,24,4,5.649634266652911,9.142857142857142,12,9.142857142857142,12,0.23546808114507733,0.32755751199664146,0.05876413799353074,0.08481761294261293,0.1528311965811966,0.04441017394095236,0.07142857142857144,0.12055985790253529,0.03201259138294553,0.41568706242776166,0.52,1,1,4.8125,14,3.7950419958150663,616,0.26065748672131656,0.08729967974505728,0.5,0.10714285714285714,0.39285714285714285,0.06483311374615723,0.21157171779649978,0.11991559887626753,24.76595744680851,10.449074779007006,47,0.26988390397481304,0.25253823953823956,-0.017345664436573482,0.20608083448180245,0.21640369511343333,-0.00020769634697710704,victoria,2,1,1.7285390559999998,0.22678602899999997,1.501753027,local,Athletic Club,medio,True
3773403,Athletic Club,457,15,15,371,0.811816192560175,19.63568179037612,75.96216163327634,0.4000000000000057,13.56058047185776,8973.506578201886,206,251,1.2184466019417475,30.466666666666665,62,20.08505722694172,15,130,0.6190476190476191,17.333333333333332,26,6,5.827139568909909,8.666666666666666,14,8.666666666666666,14,0.16586263741239202,0.21576451544503383,0.022053119650260487,0.06599162742019886,0.17536630036630035,0.047813238143749194,0.06666666666666667,0.1213514925184023,0.031172337570324664,0.39087592849444913,0.5,1,1,3.5153846153846153,14,2.8154371579796527,457,0.21616203844464713,0.05540279594819532,0.35454545454545455,0.125,0.22954545454545455,0.051821326821326806,0.1998515108277027,0.09809021102218995,21.217391304347824,8.27825275037153,39,0.21472376829519688,0.21737018537018538,0.0026464170749884997,0.193024790333532,0.20558595604280602,0.00039702075085978786,derrota,1,2,0.22678602899999997,1.7285390559999998,-1.501753027,visitante,Barcelona,medio,False
3773547,Barcelona,827,16,16,766,0.9262394195888755,17.500978562664947,75.34666548693446,1.4142135623730951,10.570356622097936,14473.309271323913,464,363,0.7823275862068966,51.6875,107,28.349529684517403,16,166,0.6916666666666667,20.75,29,11,5.695392874947259,10.375,15,10.375,14,0.14027962527675458,0.19653119552658974,0.027915504629590478,0.07027281746031747,0.19634920634920638,0.0525209091701716,0.0625,0.1142425337528023,0.028006216214562448,0.40165432237540555,0.5,1,1,4.981927710843373,24,4.464684572522865,827,0.30021875287832733,0.09552287506590791,0.5666666666666667,0.10909090909090909,0.4575757575757576,0.05887994855386161,0.2041331395354562,0.08226522991076544,31.76595744680851,10.724236601912606,51,0.3403122130394858,0.2649365079365079,-0.07537570510297786,0.23489527693090076,0.177062458627465,-0.0012621361126795947,victoria,4,0,4.178242825000001,1.1067934193,3.071449405700001,local,Osasuna,medio,True
3773547,Osasuna,338,16,16,264,0.7810650887573964,23.203139372066484,81.49411021662854,1.655294535724683,16.33569404425178,7842.661107758471,153,185,1.2091503267973855,21.125,37,10.197221843881467,16,133,0.5541666666666667,16.625,24,9,4.181432170919432,8.3125,12,8.3125,12,0.1492220029562571,0.22280602819650927,0.03396590613606512,0.0675010865457294,0.16329894179894183,0.04839234133594933,0.0625,0.11219868497350363,0.02271402030135996,0.459826774375794,0.5769230769230769,1,1,2.5413533834586466,11,1.9017652195547432,338,0.20107048748353093,0.057410275834781865,0.33636363636363636,0.08181818181818182,0.2545454545454545,0.05025332691999359,0.1556124696355534,0.10536086000016955,16.152173913043477,7.495086957628675,37,0.20971277399848826,0.1938109668109668,-0.01590180718752146,0.13621992914644107,0.17190220364640776,-0.0003383388975433369,derrota,0,4,1.1067934193,4.178242825000001,-3.071449405700001,visitante,Barcelona,medio,False
3773415,Barcelona,950,16,16,857,0.9021052631578947,16.976357909566193,70.60113313538247,1.34536240470737,9.545228066467486,16127.540014087885,451,499,1.106430155210643,59.375,108,37.5550706740559,16,159,0.6625,19.875,28,10,5.633327169621874,9.9375,14,9.9375,14,0.13494290137292536,0.28847412110966947,0.05461533104626157,0.08107012944066516,0.24067460317460318,0.06609726878020193,0.0625,0.1146948958862149,0.031181837957411213,0.3175989729408707,0.36585365853658536,1,1,5.9748427672955975,28,5.388025023561338,950,0.319035304972805,0.07130752474587934,0.4888888888888889,0.16666666666666666,0.3222222222222222,0.056721883317628,0.2234962903993132,0.08072705920642036,34.020833333333336,8.985779742941203,50,0.32309458218549125,0.3156005319466858,-0.00749405023880545,0.22364426004915972,0.2233710853109816,-0.000535503313808783,empate,1,1,2.1455778609999996,1.0836837049999999,1.0618941559999997,local,Cádiz,medio,True
3773415,Cádiz,186,16,16,128,0.6881720430107527,25.699030434419157,107.76646045964394,3.1953090617340942,20.748742620311653,4780.019660801963,83,103,1.2409638554216869,11.625,29,7.32006375199925,16,94,0.39166666666666666,11.75,19,5,4.0697051490249265,5.875,10,5.875,9,0.14297536050065768,0.24834260833532654,0.0397021636918075,0.07458085317460318,0.20364512471655336,0.04931663909053964,0.0625,0.1280863854905669,0.03687526082119292,0.4153035011655044,0.5172413793103449,1,1,1.9787234042553192,8,1.3759230820616801,186,0.15990997638724913,0.06000798165120218,0.35714285714285715,0.1,0.2571428571428571,0.0529178831504413,0.13620785426255846,0.15432345952101126,9.136363636363637,3.8312722344491377,17,0.15519660894660897,0.1638377825877826,0.008641173641173616,0.1402713873510042,0.13282157668885367,-0.00012746072108476002,empate,1,1,1.0836837049999999,2.1455778609999996,-1.0618941559999997,visitante,Barcelona,medio,False
3764440,Barcelona,784,16,16,723,0.9221938775510204,17.215469673577694,75.38600665906107,3.1320919526731665,9.264742590278855,13496.928224084912,411,373,0.9075425790754258,49.0,102,33.48432469081615,16,150,0.625,18.75,28,9,5.55090082779363,9.375,14,9.375,14,0.1382950069213308,0.21623895742603197,0.04209456675991189,0.07515873015873016,0.258968253968254,0.06290921714593849,0.0625,0.12522762124996636,0.03432211624552082,0.39136707050428604,0.4838709677419355,1,1,5.226666666666667,25,4.981494644069076,784,0.2941658223573117,0.07409873678860938,0.44545454545454544,0.14545454545454545,0.3,0.05550222724135768,0.22043921469143596,0.09272858132289621,29.5531914893617,8.72230651246087,49,0.30513249376885737,0.28451515151515155,-0.020617342253705817,0.23372787781974508,0.20874519113852383,-0.0007349746306730567,victoria,3,0,2.70108426,0.670472064,2.030612196,local,Elche,medio,True
3764440,Elche,420,16,16,360,0.8571428571428571,20.505981568244632,66.68882964934981,0.0,13.024394439638487,8612.512258662746,194,226,1.1649484536082475,26.25,51,15.880806024884253,16,135,0.5625,16.875,26,7,5.633327169621874,8.4375,12,8.4375,14,0.16812150494925732,0.2480383423007054,0.03494348499432227,0.07026507718472005,0.13729155764870052,0.044029630357462046,0.06249999999999999,0.1026541720406359,0.024446498433925296,0.4451807161153877,0.5172413793103449,1,1,3.111111111111111,14,2.57240820062005,420,0.20014276503638206,0.05565480614037269,0.3333333333333333,0.10909090909090909,0.22424242424242424,0.046040372670807454,0.16483879925730344,0.11166812522620835,18.27659574468085,7.421186263018622,36,0.20122327167781712,0.1991919191919192,-0.0020313524858979193,0.1910380166780426,0.14178348792705292,0.00040052342174219966,derrota,0,3,0.670472064,2.70108426,-2.030612196,visitante,Barcelona,medio,False
3773689,Barcelona,618,15,15,556,0.8996763754045307,17.96620707491394,96.90087718901208,2.11896201004171,11.485205709358187,11103.115972296815,375,243,0.648,41.2,82,25.721586265236443,15,130,0.6190476190476191,17.333333333333332,26,6,5.460972644339305,8.666666666666666,14,8.666666666666666,12,0.18342553820250246,0.274551926816965,0.04617963076195264,0.08487179487179489,0.22637362637362637,0.07098528110401219,0.06666666666666668,0.12766745682633898,0.03138471066121419,0.41779058065619573,0.5185185185185185,1,1,4.753846153846154,27,4.395909879494694,618,0.2509533020171318,0.06897686301537677,0.37272727272727274,0.07777777777777778,0.29494949494949496,0.04949024405546144,0.18091049677585233,0.09491453630873273,24.659574468085108,10.173017584350667,47,0.2907785336356766,0.21878676878676878,-0.07199176484890779,0.1866589019855151,0.17626755410650946,-0.0012399583919010405,victoria,2,1,3.3227739440000006,1.3720789489999998,1.9506949950000008,visitante,Villarreal,medio,True
3773689,Villarreal,475,16,16,403,0.848421052631579,18.492866621825407,70.17763176397449,1.9235384061671255,11.852922065887697,8784.111645367067,205,270,1.3170731707317074,29.6875,72,20.31983841799273,16,137,0.5708333333333333,17.125,25,6,5.61109392186586,8.5625,14,8.5625,14,0.20742878029227618,0.3116350434545478,0.060829398274564066,0.07075892857142858,0.16674603174603175,0.048697444947917626,0.06249999999999999,0.1213396579764476,0.027864551363049772,0.4491216440598784,0.5357142857142857,1,1,3.4671532846715327,14,2.7974208530463476,475,0.22836474867724865,0.04970353179413374,0.34444444444444444,0.13636363636363635,0.2080808080808081,0.03786650701544319,0.18066359338064844,0.1072684266257205,20.458333333333332,6.952600411520103,35,0.20625409943591766,0.24707375957375957,0.04081966013784191,0.15945052056992584,0.19861311652818298,0.0007119503530434926,derrota,1,2,1.3720789489999998,3.3227739440000006,-1.9506949950000008,local,Barcelona,medio,False
3773477,Barcelona,645,15,15,573,0.8883720930232558,18.571946858224823,77.19093210993115,1.0999999999999943,10.341561168175259,11978.905723555012,276,369,1.3369565217391304,43.0,79,24.351591323771842,15,143,0.680952380952381,19.066666666666666,25,8,5.3847521350156455,9.533333333333333,13,9.533333333333333,13,0.17143298979535607,0.2159301416063571,0.03519701989081578,0.07529914529914532,0.15467032967032968,0.04274662061898194,0.06666666666666667,0.10686082495906629,0.027821649435977997,0.4256460020500384,0.5384615384615384,1,1,4.510489510489511,18,3.879058232016179,645,0.2519104418040588,0.06671912345858588,0.39090909090909093,0.12222222222222222,0.2686868686868687,0.0646198004893657,0.21214372363667583,0.11562449161543184,26.382978723404257,9.469753202535363,48,0.22534435261707986,0.27528860028860025,0.04994424767152039,0.23577234670484207,0.19135053533668958,0.0006757248879704938,victoria,5,2,4.186569146,1.005236781,3.1813323650000003,local,Real Betis,medio,True
3773477,Real Betis,415,15,15,370,0.891566265060241,20.73469280362931,84.63722585245809,3.6055512754639953,12.660252328110984,8604.897513506165,250,165,0.66,27.666666666666668,55,17.199114041412823,15,118,0.5619047619047619,15.733333333333333,23,5,5.195724738239657,7.866666666666666,12,7.866666666666666,12,0.19908579019167957,0.3013107203944345,0.057493998603996004,0.07965201465201464,0.15636446886446886,0.04074556082855768,0.06666666666666667,0.12189107812444261,0.03087022210096532,0.3962991553810582,0.5,1,1,3.516949152542373,13,2.913245760628738,415,0.21532718489240227,0.05583201330581014,0.3333333333333333,0.1111111111111111,0.2222222222222222,0.04764630431297096,0.15354897325972944,0.10890968395024339,17.73913043478261,7.663578458044826,31,0.2396969696969697,0.1965811965811966,-0.04311577311577308,0.18590193798509191,0.12866207731714294,-0.0008968746951163236,derrota,2,5,1.005236781,4.186569146,-3.1813323650000003,visitante,Barcelona,medio,False
303731,Barcelona,733,14,14,638,0.8703956343792633,18.772756231068893,78.7678233798548,1.7464249196572987,12.364934556278977,13760.430317373499,388,345,0.8891752577319587,52.357142857142854,85,24.799525872816268,14,134,0.7362637362637363,19.142857142857142,24,9,4.206409104095845,9.571428571428571,12,9.571428571428571,13,0.2353100247284702,0.31427388990842403,0.04591404864723684,0.0751717032967033,0.1429487179487179,0.048837442964335516,0.07142857142857142,0.11699522889400268,0.029218880703433345,0.3631222068303374,0.5,1,1,5.470149253731344,23,4.580442360354433,733,0.28866930171278,0.07011693785403501,0.44545454545454544,0.15151515151515152,0.29393939393939394,0.04958473625140292,0.23329651611363297,0.09613905765224098,30.456521739130434,7.805145088662507,49,0.3064508723599633,0.2723695286195286,-0.0340813437404347,0.22569804113152428,0.2402617848472326,-0.0010808049660963636,victoria,5,0,3.976931951,0.6710336225000001,3.3058983285,local,Eibar,medio,True
303731,Eibar,293,14,14,237,0.8088737201365188,21.4804547032018,83.94295682187995,2.6172504656604816,15.594851106610108,6293.773228038128,158,135,0.8544303797468354,20.928571428571427,46,11.691313578328707,14,118,0.6483516483516484,16.857142857142858,23,8,4.389226141639205,8.428571428571429,12,8.428571428571429,13,0.11314706252614637,0.14223590623690865,0.019677307453657394,0.06129044566544566,0.14227207977207976,0.04616818122373339,0.07142857142857142,0.13362342425936694,0.03407977595533477,0.5348408889247398,0.6190476190476191,1,1,2.483050847457627,14,2.3532633340636653,293,0.20573122529644264,0.06672759011376944,0.4,0.1,0.30000000000000004,0.0561295494628828,0.1695593982578683,0.16003340311373346,13.543478260869565,6.794463503435493,33,0.19830962688105544,0.21196536796536797,0.013655741084312528,0.15168819661471747,0.18457120763811502,0.00033969935912581573,derrota,0,5,0.6710336225000001,3.976931951,-3.3058983285,visitante,Barcelona,medio,False
303532,Barcelona,879,16,16,819,0.931740614334471,18.931030056648204,72.0623341281699,2.121320343559637,10.335008773508127,16640.37541979377,517,362,0.7001934235976789,54.9375,127,37.4690427775606,16,152,0.6333333333333333,19.0,28,11,5.477225575051661,9.5,14,9.5,14,0.09468904776145452,0.1634535434426389,0.03572222617554042,0.068781179138322,0.3159637188208617,0.07810458812897722,0.06249999999999999,0.11879405198031748,0.03094016370952686,0.3477932895446367,0.4166666666666667,1,1,5.782894736842105,35,6.22803272474532,879,0.30415476958030147,0.08820692768577452,0.5181818181818182,0.16363636363636364,0.35454545454545455,0.05739695087521175,0.18883040343775143,0.08770603853723152,30.170212765957448,10.959052539450761,57,0.34368358913813457,0.26936940836940837,-0.0743141807687262,0.1817003631519304,0.1951048388892741,-0.0015782813975086104,victoria,2,0,1.5943270349999996,0.756958526,0.8373685089999996,local,Leganés,medio,True
303532,Leganés,265,16,16,229,0.8641509433962264,21.182646770867954,85.9723792854426,1.5,16.436507900913025,5613.4013942800075,101,164,1.6237623762376239,16.5625,40,9.069867694735134,16,120,0.5,15.0,27,7,4.47213595499958,7.5,14,7.5,13,0.16391073972213052,0.23511853662483054,0.033570338849187954,0.06714321145124716,0.1635544217687075,0.04105448470799528,0.06249999999999999,0.1359980871860982,0.02933829529197683,0.46302255981607765,0.5357142857142857,1,1,2.2083333333333335,9,1.4826543389775273,265,0.19966356107660452,0.05542577227867362,0.3611111111111111,0.09722222222222222,0.2638888888888889,0.04770723104056438,0.15491313177488517,0.14687371303533722,12.478260869565217,5.91322108286839,26,0.17789115646258502,0.21795238095238095,0.04006122448979593,0.1187430624624619,0.1852959899973207,0.0005808584515366436,derrota,0,2,0.756958526,1.5943270349999996,-0.8373685089999996,visitante,Barcelona,medio,False
303516,Barcelona,660,15,15,600,0.9090909090909091,18.650437131403095,80.60880845168224,2.1587033144922847,12.005996767486034,12309.288506726043,416,244,0.5865384615384616,44.0,85,29.80651894181156,15,119,0.5666666666666667,15.866666666666667,23,5,5.560175856531478,7.933333333333334,12,7.933333333333334,13,0.15323599410755723,0.26512988814405397,0.06819263292319887,0.09035409035409035,0.2924908424908425,0.07278136228729232,0.06666666666666667,0.10873553649849016,0.030759732077942303,0.3517747390461349,0.4827586206896552,1,1,5.546218487394958,21,4.6268269599120675,660,0.26285248316498316,0.07130237865088225,0.38181818181818183,0.14444444444444443,0.2373737373737374,0.051987964753922214,0.24875723493053212,0.11717369507762117,25.083333333333332,10.243489542835702,42,0.29933425160697885,0.23198329448329444,-0.06735095712368441,0.24203664881232398,0.25444388472286206,-0.0013056572564551264,empate,2,2,1.8170789179999998,2.589303723,-0.7722248050000002,visitante,Celta Vigo,medio,True
303516,Celta Vigo,314,16,16,260,0.8280254777070064,19.196968347043832,89.54914851633151,0.9486832980505115,13.558911994757658,6027.8480609717635,127,187,1.4724409448818898,19.625,42,10.085468093582303,16,122,0.5083333333333333,15.25,26,5,5.367727638395972,7.625,13,7.625,13,0.1613915350403758,0.24751381561379504,0.03512386718562672,0.07091128117913834,0.19061224489795922,0.04955382658264815,0.06249999999999999,0.14557480128887199,0.03534955740828279,0.43551161313622666,0.625,1,1,2.5737704918032787,10,1.920203339586403,314,0.19861917042768107,0.06329636571729794,0.38095238095238093,0.08888888888888889,0.292063492063492,0.04839073969508751,0.1306071971421963,0.11727572435532853,14.085106382978724,7.021178481640053,33,0.18905380333951763,0.20634504384504387,0.017291240505526245,0.11540544069376368,0.14288553888900718,0.00045127792728393994,empate,2,2,2.589303723,1.8170789179999998,0.7722248050000002,local,Barcelona,medio,False
303596,Barcelona,596,13,13,533,0.8942953020134228,18.80036004417972,66.30422309325402,1.4422205101855965,10.399882148386048,11205.014586331112,303,293,0.966996699669967,45.84615384615385,75,21.648118293307288,13,118,0.7564102564102564,18.153846153846153,22,8,3.759012837806343,9.076923076923077,11,9.076923076923077,11,0.16794838057601488,0.21992451466433185,0.033739889390872385,0.08407148407148408,0.2803030303030304,0.09375794261486502,0.0769230769230769,0.11355585153336319,0.028285297489878968,0.34480279764650557,0.5,1,1,5.0508474576271185,21,3.8042069879594216,596,0.25702695649504154,0.06496288813551136,0.39090909090909093,0.1388888888888889,0.25202020202020203,0.059945730597904506,0.19929206903542365,0.08585266676815381,24.659574468085108,8.29163170532346,43,0.2725108225108225,0.244520757020757,-0.02799006549006547,0.18346746131441996,0.2120734829639266,-0.0009277433045934456,empate,0,0,0.719925322,0.9542925624999999,-0.2343672404999999,local,Real Madrid,grande,True
303596,Real Madrid,564,13,13,486,0.8617021276595744,20.151559750558466,106.93558808927925,2.308679276123043,14.155432321253553,11365.479699314974,296,268,0.9054054054054054,43.38461538461539,79,22.160544749390606,13,117,0.75,18.0,22,8,4.420233199556505,9.0,12,9.0,11,0.22479868657078061,0.2979701573128567,0.04341961553077353,0.08493589743589744,0.3794191919191919,0.09416016440808717,0.07692307692307693,0.12500063150584242,0.03402785190618787,0.39717200673722414,0.5714285714285714,1,1,4.82051282051282,21,3.842220210668765,564,0.2626946548821549,0.07076803803499884,0.4305555555555556,0.12222222222222222,0.30833333333333335,0.046929784163826725,0.2146118032195674,0.11639384945452505,22.791666666666668,8.485176895643049,40,0.2719811753902663,0.2548368298368298,-0.01714434555343647,0.23198836428887493,0.1999085592378457,-0.000315512649289243,empate,0,0,0.9542925624999999,0.719925322,0.2343672404999999,visitante,Barcelona,medio,False
303430,Barcelona,668,14,14,597,0.8937125748502994,18.32677817385314,81.04936767180853,2.483948469674834,10.944985555746763,12242.287820133897,331,337,1.0181268882175227,47.714285714285715,78,23.581050317276667,14,131,0.7197802197802198,18.714285714285715,25,10,3.768830273792263,9.357142857142858,13,9.357142857142858,12,0.22117345255206014,0.2726421589011298,0.036709871773569006,0.08239468864468864,0.20876068376068374,0.059986834888607836,0.07142857142857142,0.12332209755693167,0.02496402276804338,0.3483535890650177,0.43333333333333335,1,1,5.099236641221374,21,4.158785351576766,668,0.2640454698965337,0.05330576821692162,0.36666666666666664,0.16666666666666666,0.19999999999999998,0.04864012798795408,0.23587934970983776,0.0878427355395528,26.5531914893617,6.163738668663538,38,0.2555096418732782,0.27155699855699855,0.01604735668372037,0.2247494122366672,0.2456736946862278,0.00013872077788590285,victoria,2,1,0.612086894,0.543885724,0.06820117000000003,local,Villarreal,medio,True
303430,Villarreal,492,14,14,435,0.8841463414634146,20.888224648221343,73.16262707147688,2.72946881279124,13.436161875161792,10277.0065269249,315,177,0.5619047619047619,35.142857142857146,65,21.98201062707393,14,117,0.6428571428571429,16.714285714285715,23,7,4.977500397195527,8.357142857142858,12,8.357142857142858,12,0.15472796874803926,0.2411486909247509,0.04937382372982246,0.08529456654456655,0.28696581196581195,0.07662408832569736,0.07142857142857142,0.1204721257772396,0.031773094729769864,0.3958753136141112,0.5652173913043478,1,1,4.205128205128205,17,3.472821118633233,492,0.23715022899805513,0.0680324619971356,0.4,0.08888888888888889,0.3111111111111111,0.045640532307198965,0.20159139158600595,0.12006283801410057,21.456521739130434,9.551513019735856,44,0.27191230486685036,0.2052849927849928,-0.06662731208185757,0.2212788096607464,0.18354459168416062,-0.0011998036396741287,derrota,1,2,0.543885724,0.612086894,-0.06820117000000003,visitante,Barcelona,medio,False
303725,Barcelona,850,16,16,785,0.9235294117647059,18.0925480942227,79.52886268519123,2.0615528128088303,11.021720067145562,15378.665880089295,418,432,1.0334928229665072,53.125,102,35.14327816240255,16,153,0.6375,19.125,28,8,6.009107670860957,9.5625,14,9.5625,14,0.1309632223777986,0.20515879315488275,0.04493123322844642,0.07312003968253969,0.26646825396825397,0.06775436451314731,0.0625,0.1286719848686438,0.03410385242031742,0.41149884888395916,0.5769230769230769,1,1,5.555555555555555,27,5.260394489157073,850,0.302143778207608,0.08646397936887283,0.5,0.1388888888888889,0.3611111111111111,0.05397452788757136,0.2389816307441627,0.10880108548777304,31.5531914893617,11.13515488781266,54,0.30618686868686873,0.29858585858585857,-0.007601010101010164,0.2246708977280573,0.25157507579833543,-0.0007373982657285175,victoria,4,1,2.567198417,0.912594162,1.6546042550000002,visitante,Villarreal,medio,True
303725,Villarreal,394,16,16,331,0.8401015228426396,19.474216812857712,88.02272433866155,2.23606797749979,12.760836091080899,7672.841424265939,185,209,1.1297297297297297,24.625,47,12.48398974687179,16,143,0.5958333333333333,17.875,25,10,4.3714271125114275,8.9375,14,8.9375,13,0.21654609915774636,0.2971107130299525,0.029480412578629996,0.05880302815570673,0.13788737717309146,0.043738270606833086,0.06249999999999999,0.10490297170239382,0.02317711189313171,0.45722863318338425,0.5555555555555556,1,1,2.7552447552447554,10,2.126150147704621,394,0.20838686776186777,0.04884618979463378,0.32222222222222224,0.09090909090909091,0.23131313131313133,0.04802183631970867,0.15423783046863548,0.10953242233979153,17.229166666666668,8.473336360490723,38,0.19662849776486138,0.21833625775933466,0.021707759994473275,0.15708233176315864,0.15183094475788514,0.0002682057352595785,derrota,1,4,0.912594162,2.567198417,-1.6546042550000002,local,Barcelona,medio,False
303504,Barcelona,684,14,14,613,0.8961988304093568,17.95234991955047,74.00168916991018,1.9849433241279206,11.068963411622633,12279.407344972522,353,331,0.9376770538243626,48.857142857142854,85,25.22165474610792,14,136,0.7472527472527473,19.428571428571427,24,9,4.655477353371521,9.714285714285714,13,9.714285714285714,13,0.16830110463121217,0.24702735155187688,0.03254109241840386,0.07444291819291818,0.22564102564102562,0.06850139444794917,0.07142857142857141,0.11251624924152366,0.0282208646661632,0.3469538282097515,0.4482758620689655,1,1,5.029411764705882,22,4.340203940163933,684,0.27828820116054165,0.07152443428888129,0.4888888888888889,0.13636363636363635,0.3525252525252525,0.06239726457117761,0.22976362469899503,0.0858203697438038,27.659574468085108,8.98616471787187,45,0.2887720744863602,0.26982045732045734,-0.01895161716590288,0.22885630326636813,0.23049646124073217,-0.000498776585733108,derrota,1,3,2.139044643,0.8460165719999999,1.2930280710000002,visitante,Levante UD,medio,True
303504,Levante UD,368,14,14,300,0.8152173913043478,17.969690016251487,95.41891845960109,1.526433752247371,13.354292759585359,6612.845925980547,191,177,0.9267015706806283,26.285714285714285,50,15.424399110243739,14,108,0.5934065934065934,15.428571428571429,23,3,5.260557897006277,7.714285714285714,12,7.714285714285714,12,0.22866219542099767,0.3252802708915576,0.06255514177459234,0.09482600732600732,0.21971153846153846,0.07611735632985067,0.07142857142857144,0.14035257415478417,0.03835495053184636,0.3969142289287673,0.48148148148148145,1,1,3.4074074074074074,12,2.45340669061914,368,0.20313699303061003,0.06617779713071192,0.35454545454545455,0.1,0.2545454545454545,0.05316048685613903,0.18679749543830254,0.12999480195559268,15.97872340425532,7.414701500052118,39,0.20505706414797323,0.20144733044733043,-0.0036097337006427976,0.19023039621540924,0.18377654275444866,-9.229627783050642e-05,victoria,3,1,0.8460165719999999,2.139044643,-1.2930280710000002,local,Barcelona,medio,False
303451,Barcelona,729,14,14,674,0.9245541838134431,17.560635451119815,66.74683513096332,0.0,10.252193961192852,12801.703243866345,367,362,0.9863760217983651,52.07142857142857,97,26.65582426099345,14,136,0.7472527472527473,19.428571428571427,25,11,4.593695768803865,9.714285714285714,12,9.714285714285714,13,0.1389514643968923,0.18620969596064976,0.031449909896598405,0.08708409645909644,0.24278846153846154,0.07294538075787772,0.07142857142857142,0.12389763457699096,0.029987449278907216,0.4034489778811755,0.52,1,1,5.360294117647059,26,5.094219322107177,729,0.2967647600626324,0.08150161757681385,0.5111111111111111,0.14285714285714285,0.3682539682539682,0.06370537674885501,0.21710244427180067,0.09102565629258058,28.638297872340427,8.925843114274839,46,0.32039551357733176,0.2759696969696969,-0.04442581660763484,0.2478127850334109,0.19007734440158364,-0.0008990163462295761,victoria,5,2,3.2707426254999996,1.050319794,2.2204228314999996,local,Mallorca,medio,True
303451,Mallorca,385,14,14,315,0.8181818181818182,19.608761321026403,73.31609645909963,0.640312423743284,13.657200538065368,7549.373108595166,199,186,0.9346733668341709,27.5,44,13.460769208789952,14,119,0.6538461538461539,17.0,24,2,5.41162769282166,8.5,12,8.5,12,0.2818585690505471,0.41634835553337,0.06131396352391607,0.08138736263736264,0.18607549857549857,0.06495296784968217,0.07142857142857142,0.12569566538997717,0.032054238118648,0.39746438711269494,0.48148148148148145,1,1,3.235294117647059,9,2.0113371210056123,385,0.20146496016061236,0.051822643637934276,0.33636363636363636,0.1111111111111111,0.22525252525252526,0.03639089305755973,0.20421301110041365,0.12272164789035384,18.456521739130434,6.774811261788054,37,0.19287947502233216,0.20867676767676765,0.015797292654435496,0.21368992878968318,0.19625240024142732,4.300526964726743e-05,derrota,2,5,1.050319794,3.2707426254999996,-2.2204228314999996,visitante,Barcelona,medio,False
303664,Barcelona,523,14,14,461,0.8814531548757171,19.398752885996352,87.90415234788401,1.166190378969059,12.402248909492432,10145.547759376092,261,262,1.003831417624521,37.357142857142854,57,15.790002401018683,14,130,0.7142857142857143,18.571428571428573,25,11,4.135461378894322,9.285714285714286,13,9.285714285714286,12,0.22255291957110512,0.32015547779134856,0.04879957182741342,0.08100961538461539,0.15128205128205127,0.044412163829383546,0.07142857142857142,0.10670776549146128,0.026594195964070644,0.42135055546077715,0.52,1,1,4.023076923076923,13,2.9311729986353576,523,0.23221347210708917,0.06246904471407653,0.37272727272727274,0.09722222222222222,0.27550505050505053,0.04897970387100822,0.18582001462912193,0.09490047625913381,23.02127659574468,8.130696963820741,41,0.24635970090515544,0.21976479076479077,-0.026594910140364664,0.19259009589456813,0.17986234311552918,-0.0007069151105344453,empate,2,2,1.9130446799999998,2.7875779040000004,-0.8745332240000006,visitante,Real Sociedad,medio,True
303664,Real Sociedad,583,14,14,528,0.9056603773584906,19.210860001039624,74.60000000000001,2.4083189157584575,10.867753637100495,11199.9313806061,334,249,0.7455089820359282,41.642857142857146,89,28.291360852760313,14,115,0.6318681318681318,16.428571428571427,23,5,4.686062704816208,8.214285714285714,11,8.214285714285714,12,0.12212549556261974,0.1811755608643374,0.03463229024611383,0.08221916971916972,0.16175213675213673,0.050219726505939574,0.07142857142857144,0.1327298084195022,0.028748452092241326,0.34459210214159564,0.5,1,1,5.069565217391304,25,4.828757584613674,583,0.24565060543321413,0.05843329110747576,0.35454545454545455,0.11818181818181818,0.2363636363636364,0.0491053391053391,0.21287380748014298,0.06289727244263991,24.304347826086957,8.159165439941054,39,0.2656084656084657,0.22888600288600286,-0.03672246272246282,0.22591856109737135,0.20191621444167113,-0.0008031884858896914,empate,2,2,2.7875779040000004,1.9130446799999998,0.8745332240000006,local,Barcelona,medio,False
303682,Barcelona,763,14,14,705,0.9239842726081258,16.423030408991785,65.49694649371068,0.7999999999999972,10.180194545978642,12530.772202060733,427,336,0.7868852459016393,54.5,100,30.226707497738587,14,129,0.7087912087912088,18.428571428571427,24,5,5.066899385990914,9.214285714285714,12,9.214285714285714,12,0.1585247376903117,0.23105913316292162,0.04938394583984537,0.08183760683760684,0.28344017094017093,0.06949192985307891,0.07142857142857142,0.10888998683867739,0.03096884610195306,0.37779830608781345,0.5909090909090909,1,1,5.9147286821705425,25,5.257745866153413,763,0.28889426176660216,0.08219871928153595,0.43636363636363634,0.13636363636363635,0.3,0.05463328941589811,0.23850250914455046,0.08442767950529526,29.93617021276596,10.835537857718458,48,0.31303511303511306,0.26939588189588193,-0.04363923113923113,0.25680379464766384,0.22372070162280505,-0.000579774385856718,victoria,2,1,2.9258208420000007,1.4201925580000003,1.5056282840000004,local,Levante UD,medio,True
303682,Levante UD,363,14,14,312,0.859504132231405,18.81502775040359,65.28537355334655,1.389244398944983,12.102150083253665,6829.855073396504,176,187,1.0625,25.928571428571427,58,15.429563460170497,14,122,0.6703296703296703,17.428571428571427,24,9,4.593695768803865,8.714285714285714,12,8.714285714285714,12,0.21416720618672577,0.28363613575060403,0.03609463993285712,0.06489631400345686,0.16680587930587928,0.051893417944287284,0.07142857142857141,0.1536231230020742,0.03852839117325489,0.4694409397033084,0.5909090909090909,1,1,2.9754098360655736,20,2.6595424071898077,363,0.20481870375487402,0.049333398070406126,0.3333333333333333,0.08928571428571429,0.244047619047619,0.04419976159106594,0.20018362791126393,0.1336575895072566,17.04255319148936,6.804593866449823,31,0.20350747737111374,0.20597258297258297,0.0024651056014692307,0.1993131657916395,0.20094963457653342,0.0004480304231691842,derrota,1,2,1.4201925580000003,2.9258208420000007,-1.5056282840000004,visitante,Barcelona,medio,False
303400,Barcelona,838,14,14,814,0.9713603818615751,17.525069028602843,63.553599425996325,0.8000000000000007,8.961053975120699,14686.007845969183,498,340,0.6827309236947792,59.857142857142854,124,37.74786217656702,14,123,0.6758241758241759,17.571428571428573,24,8,5.0950155714648595,8.785714285714286,13,8.785714285714286,11,0.13432590845887762,0.19769890946199503,0.03620624150646058,0.09685047095761382,0.18537342287342287,0.058728043540306286,0.07142857142857142,0.13153495041594804,0.03483612843409175,0.3216074246415573,0.41935483870967744,1,1,6.813008130081301,32,6.787541903921837,838,0.29742332135949157,0.06827626063084509,0.4222222222222222,0.16666666666666666,0.25555555555555554,0.049910596649727086,0.2124060285262761,0.07227948907609878,29.19148936170213,9.211614355688575,45,0.3201167519349337,0.27745310245310245,-0.04266364948183127,0.22675502369301823,0.19977891277954307,-0.0009916776293395159,derrota,0,2,1.165431627,1.282769674,-0.11733804700000006,visitante,Valencia,medio,True
303400,Valencia,293,13,14,252,0.8600682593856656,23.35307090358019,81.99859754898252,3.492849839314594,15.159741347607863,6842.449774748995,172,121,0.7034883720930233,22.53846153846154,45,13.7817233115419,14,97,0.532967032967033,13.857142857142858,21,1,5.26249727325539,6.928571428571429,11,6.928571428571429,10,0.18380433568897162,0.2935490328522529,0.06722621663227084,0.06613247863247862,0.254059829059829,0.06506274922355126,0.07142857142857142,0.11768664626570978,0.032404072173594915,0.4031312499870812,0.5274725274725275,1,1,3.020618556701031,13,2.5281074843525055,293,0.19847763347763347,0.06832516882609518,0.5,0.10714285714285714,0.39285714285714285,0.05011560409287681,0.19078662422058115,0.1966089460489209,13.866666666666667,7.278861049767209,29,0.1934961863533292,0.2028363997113997,0.009340213358070476,0.1683738307814315,0.21039781847983705,3.196574265338296e-05,victoria,2,0,1.282769674,1.165431627,0.11733804700000006,local,Barcelona,medio,False
303634,Barcelona,843,16,16,773,0.9169632265717675,18.102669642862026,71.56269978138053,0.5385164807134488,10.823755740210105,15260.550508932687,428,415,0.969626168224299,52.6875,92,29.74943977063546,16,163,0.6791666666666667,20.375,29,12,4.78114787472632,10.1875,15,10.1875,14,0.09837051260872612,0.1532732057331292,0.026583367254840926,0.0653968253968254,0.1796031746031746,0.047659209254428146,0.06249999999999999,0.11481343674939723,0.026584657456046483,0.38390365555352507,0.4838709677419355,1,1,5.171779141104294,34,5.2115905418366495,843,0.3049633237133237,0.07488401015347959,0.4666666666666667,0.16363636363636364,0.30303030303030304,0.054029658284977425,0.22166347999609848,0.09137401824725835,30.354166666666668,10.150965960394016,50,0.3170503738685556,0.29473581973581975,-0.022314554132735864,0.21223655090691762,0.22964011230232845,-0.00026420695385089536,derrota,1,2,1.0125385056,0.4741186025,0.5384199031000001,local,Osasuna,medio,True
303634,Osasuna,205,16,16,147,0.7170731707317073,25.627401145159055,84.77647079231359,1.802775637731992,19.84398506953503,5253.617234757607,105,100,0.9523809523809523,12.8125,33,9.217510509893655,16,94,0.39166666666666666,11.75,22,2,5.178078794301995,5.875,11,5.875,11,0.14544182249123966,0.25198420997897464,0.040182360888864316,0.07953302154195012,0.17132653061224487,0.05577417194732566,0.0625,0.17098096526842996,0.043732258034985365,0.4063870267850778,0.5,1,1,2.1808510638297873,10,1.8274663658309966,205,0.1929496831670744,0.07829240103021903,0.5,0.08333333333333333,0.4166666666666667,0.077665544332211,0.14062906578071355,0.18387495306994892,9.5,4.755114205895702,21,0.20495490620490622,0.18371489621489623,-0.021240009990009995,0.16016009139825105,0.12560519992106928,1.3656493694994595e-05,victoria,2,1,0.4741186025,1.0125385056,-0.5384199031000001,visitante,Barcelona,medio,False
303421,Barcelona,780,14,14,724,0.9282051282051282,17.26100757890362,64.14179604594807,1.6155494421403542,10.044172116533698,13463.585911544822,349,431,1.2349570200573066,55.714285714285715,105,28.230993800945285,14,133,0.7307692307692307,19.0,26,11,4.2594432902501635,9.5,13,9.5,13,0.13324502813335073,0.1836719291325393,0.029914121079188286,0.08630407291121577,0.24783272283272284,0.07169840943330005,0.07142857142857142,0.11719301284511273,0.028815142481505303,0.38031404111828376,0.5,1,1,5.864661654135339,30,5.274113195439024,780,0.2982691658223573,0.06332526581994517,0.4583333333333333,0.18888888888888888,0.26944444444444443,0.06176516719994981,0.22136395512810617,0.09348718787277326,28.27659574468085,8.21901858009711,43,0.2860225632952905,0.30904617604617607,0.023023612750885547,0.1900207845588622,0.2489459452290408,9.084042820166863e-05,victoria,5,0,2.913145846,0.406357612,2.506788234,visitante,Deportivo Alavés,medio,True
303421,Deportivo Alavés,366,16,16,299,0.8169398907103825,21.65782032379174,84.77151644272975,2.200000000000003,16.986123078268502,7926.762238507777,204,162,0.7941176470588235,22.875,47,11.247962778506455,16,148,0.6166666666666667,18.5,25,8,4.636809247747852,9.25,14,9.25,14,0.12098655318310955,0.15117702411060746,0.02373187462095344,0.052375401549508704,0.10338435374149661,0.028248694766337554,0.0625,0.12388160097100515,0.029595263893013042,0.5052468944645583,0.6,1,1,2.472972972972973,14,2.0416141796943417,366,0.1988843872177205,0.055572363269328254,0.39090909090909093,0.10714285714285714,0.2837662337662338,0.042021110202928376,0.16492537401493831,0.14559789621471025,17.266666666666666,8.697962143775142,43,0.20298814941672083,0.19529359529359527,-0.007694554123125558,0.18741018908443427,0.1452511608291294,-0.0005749185549878942,derrota,0,5,0.406357612,2.913145846,-2.506788234,local,Barcelona,medio,False
303493,Barcelona,815,15,15,715,0.8773006134969326,18.065417998099722,65.78639677015302,1.33416640641263,10.568685383083622,14723.315668451272,411,404,0.9829683698296837,54.333333333333336,107,30.653982884230015,15,149,0.7095238095238096,19.866666666666667,27,10,4.631294515455576,9.933333333333334,13,9.933333333333334,14,0.1253327395508166,0.19749454502888364,0.036202694706960706,0.07073957788243503,0.16908686551543697,0.04969661126888671,0.06666666666666668,0.12183349886569433,0.02848786567724857,0.37578564790602437,0.4827586206896552,1,1,5.469798657718121,30,5.076008904879335,815,0.2981045574795575,0.08108081765960244,0.4727272727272727,0.10909090909090909,0.36363636363636365,0.05775843541800988,0.19623942183624613,0.07195107466282516,30.833333333333332,10.563553023593412,52,0.3152089072543618,0.2836316461316461,-0.031577261122715694,0.22153538369091538,0.17483514642075682,-0.0008710601768569656,victoria,1,0,1.675432889,0.688305282,0.9871276070000001,local,Athletic Club,medio,True
303493,Athletic Club,287,16,16,211,0.735191637630662,23.523609558998693,78.11299507764377,2.1587033144922847,18.607010548289644,6751.275943432625,162,125,0.7716049382716049,17.9375,32,9.327155693636369,16,122,0.5083333333333333,15.25,25,6,4.380353866983808,7.625,12,7.625,13,0.10785837907048974,0.16897244097889066,0.02667527799315089,0.060518353174603176,0.1935714285714286,0.05067489346838813,0.0625,0.13201805266285707,0.028020701162297622,0.4702455231387501,0.5555555555555556,1,1,2.3524590163934427,14,1.9707788721910031,287,0.19386935528239874,0.055978164291684875,0.3333333333333333,0.08928571428571429,0.244047619047619,0.04802358135691469,0.16955196440962025,0.1391115374405456,13.565217391304348,6.911028783081409,29,0.20902695789059422,0.17997488622488622,-0.029052071665708,0.199006569235658,0.14255190998575232,-7.08145967165402e-05,derrota,0,1,0.688305282,1.675432889,-0.9871276070000001,visitante,Barcelona,medio,False
303680,Barcelona,733,15,15,664,0.9058663028649386,18.31339093746229,69.56155547427042,0.0,11.360905016697009,13423.71555715986,388,345,0.8891752577319587,48.86666666666667,103,30.21321060791281,15,148,0.7047619047619048,19.733333333333334,27,12,4.639923371014751,9.866666666666667,13,9.866666666666667,14,0.09053730038430306,0.1257632589645531,0.022087675946789728,0.0657099249956393,0.17452904238618525,0.05031775244712101,0.06666666666666667,0.12120123429176313,0.03289276959038393,0.4257507642836706,0.5384615384615384,1,1,4.952702702702703,32,5.252199615733032,733,0.2669598722790212,0.07498896913807795,0.4090909090909091,0.10714285714285714,0.30194805194805197,0.05177551916682351,0.19738265550778478,0.08030466875730052,27.170212765957448,10.649186841657402,54,0.2789944903581267,0.25636940836940836,-0.02262508198871832,0.18512795880621466,0.20816678860516646,-0.0012068409414616652,victoria,1,0,1.226690606,0.767382524,0.45930808200000006,visitante,Real Valladolid,medio,True
303680,Real Valladolid,399,16,16,324,0.8120300751879699,20.72730888515263,78.58912138457842,0.0,13.758331225262914,8270.1962451759,150,249,1.66,24.9375,46,13.63069452864869,16,145,0.6041666666666666,18.125,26,7,4.7549316504025585,9.0625,13,9.0625,13,0.23953009066875355,0.30226537423904637,0.04593974623321291,0.06136515022675738,0.1375,0.03880406607350143,0.0625,0.12672442815192558,0.025904540210502015,0.49490719130162264,0.5555555555555556,1,1,2.7517241379310344,9,2.0087087445550296,399,0.21073153899240854,0.061960700933437,0.35454545454545455,0.10714285714285714,0.2474025974025974,0.05582812249478916,0.15727205628019494,0.10323347648937108,18.152173913043477,8.448451248744675,39,0.18523328523328525,0.2321500721500721,0.04691678691678686,0.11117828959924299,0.1959908202921946,0.0006923233456288163,derrota,0,1,0.767382524,1.226690606,-0.45930808200000006,local,Barcelona,medio,False
303479,Barcelona,553,14,14,467,0.8444846292947559,18.810882536832864,85.3381509056764,1.3999999999999986,12.627068355220326,10402.418042868574,347,206,0.5936599423631124,39.5,71,22.711400051685327,14,118,0.6483516483516484,16.857142857142858,23,5,5.998299078633433,8.428571428571429,11,8.428571428571429,12,0.19121407259924067,0.2801159929271198,0.04544198752140673,0.09186507936507934,0.20459401709401706,0.0694094358213618,0.07142857142857142,0.11614692436239234,0.03346104526404806,0.39718254497315936,0.5,1,1,4.686440677966102,18,3.7949546178532416,553,0.24315879156304687,0.07524683776640521,0.4166666666666667,0.1,0.31666666666666665,0.05724951377125289,0.20871796224845776,0.09929412768741996,22.46808510638298,10.092724594069228,40,0.2724058769513315,0.2174213564213564,-0.0549845205299751,0.20935033774470108,0.2081614718117637,-0.00118156496419304,victoria,1,0,1.9346501790000001,0.658936379,1.2757138000000001,local,Real Sociedad,medio,True
303479,Real Sociedad,462,14,14,387,0.8376623376623377,20.447200274906198,75.9032278628518,2.6000000000000054,12.926294849404831,9446.606527006663,248,214,0.8629032258064516,33.0,63,19.845557534273354,14,114,0.6263736263736264,16.285714285714285,25,7,4.757378801527632,8.142857142857142,13,8.142857142857142,12,0.1717633729985099,0.25936993391269975,0.0432365921429229,0.07453667364381651,0.26633089133089133,0.06290390934224675,0.07142857142857141,0.11781003457182655,0.02880673426318002,0.39016138797899097,0.5909090909090909,1,1,4.052631578947368,17,3.2574936691598966,462,0.22251944914988395,0.06046427025295121,0.38181818181818183,0.11904761904761904,0.26277056277056277,0.04274971941638608,0.1933471249511968,0.10796127663067205,20.782608695652176,8.487672219763493,42,0.21871091871091872,0.2257186147186147,0.0070076960076959904,0.18437658491231348,0.20088237858385882,5.7646432535709476e-05,derrota,0,1,0.658936379,1.9346501790000001,-1.2757138000000001,visitante,Barcelona,medio,False
303615,Barcelona,842,15,14,769,0.9133016627078385,16.86058898790709,87.13587091433699,2.102379604162866,10.647852849260817,14196.61592781777,466,376,0.8068669527896996,56.13333333333333,120,43.004761641119735,15,119,0.5666666666666667,15.866666666666667,24,1,7.050925865129739,7.933333333333334,12,7.933333333333334,12,0.12914634117937235,0.2352456829937824,0.06811267242168113,0.09322015591246362,0.271978021978022,0.08966592627412343,0.06666666666666667,0.14425809305344958,0.04157604153577971,0.31985805013722957,0.4117647058823529,1,1,7.07563025210084,30,6.436711493836207,842,0.3252709465475423,0.12429083089565707,1.0,0.18888888888888888,0.8111111111111111,0.07229907773386034,0.19636292088926147,0.07379157991009576,28.93617021276596,9.474001623021103,46,0.33129017447199266,0.31997402597402597,-0.011316148497966694,0.22093674505876998,0.174737955620094,9.744339254307947e-05,victoria,1,0,1.155459763,0.7635460445,0.3919137185000001,local,Espanyol,medio,True
303615,Espanyol,275,14,14,212,0.7709090909090909,25.286905723192604,104.12324428291696,1.5033296378372905,18.614665330482886,6953.899073877966,132,143,1.0833333333333333,19.642857142857142,37,10.916516370634437,14,98,0.5384615384615384,14.0,21,3,5.529143565818179,7.0,12,7.0,10,0.2658213831848822,0.361707699060308,0.06554081269083421,0.08407604300461442,0.38796203796203793,0.09673304316272772,0.07142857142857144,0.17935230641890879,0.044814880584031054,0.4502810143482319,0.5909090909090909,1,1,2.806122448979592,13,2.188365167757709,275,0.19871091871091867,0.04913643926533914,0.3472222222222222,0.125,0.2222222222222222,0.04929489702216974,0.11713655146200735,0.10573696111639744,13.444444444444445,6.9562122515697355,30,0.19119579251158197,0.20420274170274172,0.013006949191159745,0.12820733696090844,0.10904636205896424,7.626694088488086e-05,derrota,0,1,0.7635460445,1.155459763,-0.3919137185000001,visitante,Barcelona,medio,False
303696,Barcelona,764,14,14,731,0.9568062827225131,17.710029257609072,90.07652302348265,2.5553864678361284,10.887522519335628,13530.46235281333,385,379,0.9844155844155844,54.57142857142857,98,29.85532882653714,14,124,0.6813186813186813,17.714285714285715,22,4,5.4040800912507825,8.857142857142858,11,8.857142857142858,11,0.18509250761446472,0.2900574713618288,0.05785117627829065,0.08334859584859586,0.23066239316239315,0.0704773939887525,0.07142857142857142,0.1180576991785074,0.03172715856993263,0.29022077700170495,0.38235294117647056,1,1,6.161290322580645,28,5.058348412045999,764,0.2941850112062878,0.07822788424854633,0.4642857142857143,0.14285714285714285,0.32142857142857145,0.06469665600100384,0.23026170839424454,0.0976259052001815,30.106382978723403,9.245995708021255,50,0.29708120162665624,0.2916363636363636,-0.005444837990292661,0.22338980393362756,0.23630898431958747,-0.00017195294427024588,empate,2,2,1.4776562649999998,1.9883945813,-0.5107383163000001,local,Atlético Madrid,grande,True
303696,Atlético Madrid,247,15,15,237,0.9595141700404858,19.800299601405772,73.8805116387265,3.701351104664352,13.995160243095253,4890.674001547226,105,142,1.3523809523809525,16.466666666666665,34,9.508392283110947,15,101,0.48095238095238096,13.466666666666667,23,5,5.226428566005237,6.733333333333333,12,6.733333333333333,13,0.1539849574449266,0.2254729902602702,0.03704447977985065,0.07067155067155069,0.20519361590790164,0.0655209431851318,0.06666666666666667,0.12492835978138714,0.034303227055445064,0.444951235908874,0.5384615384615384,1,1,2.4455445544554455,10,1.8956711892930933,247,0.2150523088023088,0.060132206535536796,0.36666666666666664,0.12222222222222222,0.2444444444444444,0.05308064028994261,0.2143189193134247,0.19263494279675963,12.25,5.400796668192831,25,0.21135281385281388,0.21813522126022125,0.006782407407407376,0.2063530783926799,0.22095712008071203,-8.816836531271088e-05,empate,2,2,1.9883945813,1.4776562649999998,0.5107383163000001,visitante,Barcelona,medio,False
303487,Barcelona,702,14,14,634,0.9031339031339032,17.023135772864826,70.96703460058058,1.9000000000000057,10.5708397399326,11950.241312551108,335,367,1.0955223880597016,50.142857142857146,91,29.08041144259018,14,133,0.7307692307692307,19.0,24,10,4.47213595499958,9.5,12,9.5,12,0.2182970714297454,0.2880686684817581,0.03627926807489438,0.07495530263387407,0.2048382173382173,0.043861881589377635,0.07142857142857142,0.12438403789308573,0.032115884748969994,0.3193987728102156,0.43333333333333335,1,1,5.2781954887218046,22,4.294345615170726,702,0.27615440115440115,0.06367525080531349,0.39090909090909093,0.12222222222222222,0.2686868686868687,0.05905403238736573,0.22763027422676363,0.08213745735854396,27.869565217391305,9.190837697649823,43,0.27900596877869605,0.2735404641654642,-0.005465504613231864,0.2558017757107574,0.20180639786643603,-0.0005020492578309418,victoria,4,1,1.558700034,0.26777825549999995,1.2909217785,local,Celta Vigo,medio,True
303487,Celta Vigo,427,14,14,369,0.8641686182669789,19.669186386326697,74.49946308531358,0.7211102550927924,12.458873814608765,8398.7425869615,210,217,1.0333333333333334,30.5,53,16.421140220881316,14,119,0.6538461538461539,17.0,23,7,4.44007721940573,8.5,13,8.5,13,0.1456180777409253,0.24271294692208842,0.037375432191967956,0.07692925460782603,0.16236263736263734,0.04191382782045671,0.07142857142857142,0.13249881563672217,0.03152121417416782,0.4742748279701779,0.5652173913043478,1,1,3.588235294117647,16,3.1580543012821622,427,0.2181120208294121,0.07220554681595699,0.5,0.125,0.375,0.05240019240019239,0.20297697219637859,0.11871740264087223,18.91304347826087,8.180807042384895,38,0.20321559753377938,0.23176707551707554,0.02855147798329616,0.16895903826799605,0.23416007829739596,0.0004923791903440386,derrota,1,4,0.26777825549999995,1.558700034,-1.2909217785,visitante,Barcelona,medio,False
303600,Barcelona,660,14,14,575,0.8712121212121212,17.785309677928787,74.38924653469748,2.200000000000003,11.221061338642391,11738.304387433,321,339,1.0560747663551402,47.142857142857146,75,20.369121210820534,14,133,0.7307692307692307,19.0,24,12,4.20883424647321,9.5,13,9.5,12,0.21593877575347295,0.2818366059903309,0.04845161937575797,0.07699393860108143,0.30670024420024417,0.08140654566951148,0.07142857142857142,0.13368697525026055,0.029263360456201593,0.33805097059963973,0.4642857142857143,1,1,4.962406015037594,22,3.839654619174788,660,0.28279848171152516,0.07399570383697929,0.4777777777777778,0.11904761904761904,0.3587301587301588,0.05559724226390893,0.2112964607346802,0.08502499436929667,27.08695652173913,9.15259789945886,43,0.2844992129083037,0.2812394781144781,-0.0032597347938256305,0.23192943625962822,0.1923828998368112,6.7816173274082e-05,victoria,5,1,2.382540813,0.5268658740000001,1.8556749389999998,local,Real Valladolid,medio,True
303600,Real Valladolid,397,14,14,341,0.8589420654911839,20.44363215731898,87.15807478369402,2.473863375370602,13.984978230071265,8116.121966455636,186,211,1.1344086021505377,28.357142857142858,63,15.780256129622344,14,125,0.6868131868131868,17.857142857142858,22,10,4.120630029101702,8.928571428571429,12,8.928571428571429,12,0.23071960899966548,0.2864763999732058,0.0315017040327032,0.06573129251700681,0.24101037851037851,0.05661698590972656,0.07142857142857142,0.11574657693204048,0.030093508230766303,0.4332171140713501,0.5909090909090909,1,1,3.176,14,2.5109806849117735,397,0.21089225589225585,0.06025689330309009,0.4166666666666667,0.1111111111111111,0.3055555555555556,0.048165092483274295,0.1773405764371193,0.1426699226941173,17.511111111111113,8.080904039834287,37,0.20243686868686867,0.21765656565656566,0.015219696969696994,0.20338635498963006,0.15650395359511068,0.0003575539889769131,derrota,1,5,0.5268658740000001,2.382540813,-1.8556749389999998,visitante,Barcelona,medio,False
303548,Barcelona,700,16,16,662,0.9457142857142857,18.706370646848736,74.98246461673557,1.8999999999999915,10.181523284311929,13094.459452794115,371,329,0.8867924528301887,43.75,99,30.222508168581903,16,151,0.6291666666666667,18.875,25,7,5.035809269620922,9.4375,13,9.4375,13,0.10416610179909444,0.13838737465604684,0.031578226535904336,0.0677781320861678,0.20307256235827664,0.05607900789697367,0.0625,0.127012430981128,0.033004618624902414,0.44630473769084456,0.6,1,1,4.635761589403973,34,5.436549650476926,700,0.2732233044733045,0.06506324679031013,0.4166666666666667,0.1527777777777778,0.2638888888888889,0.04271284271284271,0.1911672280429182,0.11443089444558757,25.895833333333332,9.520950210341477,42,0.3136019283746556,0.2390567765567765,-0.0745451518178791,0.2561298617005703,0.13619884571721264,-0.0014858062825388037,victoria,4,0,2.0685232229999997,0.771835227,1.2966879959999997,visitante,Mallorca,medio,True
303548,Mallorca,384,16,16,329,0.8567708333333334,20.08952847984153,103.57205221487116,2.23606797749979,13.127439686792373,7714.378936259147,169,215,1.272189349112426,24.0,57,15.714112553158493,16,126,0.525,15.75,24,5,4.981214711292819,7.875,12,7.875,12,0.13229519696005124,0.16980009587023664,0.02457342130135877,0.0681391723356009,0.19996598639455787,0.05410706480864087,0.0625,0.13094965969960587,0.03313801737184753,0.41322286717803797,0.5,1,1,3.0476190476190474,13,2.5098445624960832,384,0.20454261921653227,0.06985029076067983,0.45,0.09523809523809523,0.3547619047619048,0.05455667789001122,0.1489308369189246,0.10812421631982128,17.47826086956522,7.753820937475586,39,0.19462997320140177,0.2128692418692419,0.01823926866784012,0.1560792321771521,0.14292618490201345,0.0005331692496354847,derrota,0,4,0.771835227,2.0685232229999997,-1.2966879959999997,local,Barcelona,medio,False
303652,Barcelona,728,13,13,673,0.9244505494505495,18.37636446584403,71.52796655854269,1.9416487838947618,11.137988375010721,13377.993331134454,404,324,0.801980198019802,56.0,113,29.835660989270316,13,123,0.7884615384615384,18.923076923076923,23,10,4.103685744107429,9.461538461538462,12,9.461538461538462,11,0.17456757586221408,0.23932777702098915,0.03713020322855146,0.09120046620046618,0.20429292929292928,0.06354362995026941,0.07692307692307693,0.1285830090955426,0.03016080840491874,0.3759169615209038,0.5217391304347826,1,1,5.91869918699187,24,5.019625704205897,728,0.28089404685149366,0.06754780687759283,0.43333333333333335,0.16666666666666666,0.2666666666666667,0.05601668862538427,0.20937753337878107,0.07678498095807049,28.872340425531913,8.816035343959266,45,0.2964187327823692,0.26723232323232327,-0.029186409550045922,0.21083021898565849,0.20809917004472894,-0.000719294003868474,empate,2,2,1.4762220425,0.420332712,1.0558893305000001,visitante,Espanyol,medio,True
303652,Espanyol,305,14,14,247,0.8098360655737705,21.08983276166563,83.50137723415105,2.1931712199461373,14.466618903066825,6432.398992308017,135,170,1.2592592592592593,21.785714285714285,44,11.92398082358902,14,112,0.6153846153846154,16.0,21,7,4.191828786034631,8.0,11,8.0,11,0.20398300840084244,0.2777802033949194,0.03885214028413929,0.06847418454561312,0.18429487179487178,0.05166235350578859,0.07142857142857142,0.13048203452160329,0.0302341194622356,0.4743121838077901,0.5909090909090909,1,1,2.7232142857142856,9,1.9784997086021459,305,0.2051520185241115,0.05314743696572648,0.32727272727272727,0.1,0.22727272727272727,0.05573936645365218,0.15901914255114474,0.1449963594304617,15.0,7.221001117771492,36,0.20929038281979456,0.20244616494616496,-0.006844217873629599,0.13603620918345496,0.17404644513771114,8.016929521526608e-05,empate,2,2,0.420332712,1.4762220425,-1.0558893305000001,local,Barcelona,medio,False
303674,Barcelona,752,14,14,660,0.8776595744680851,18.992527627299296,79.28410937886608,1.6999999999999986,11.286335523620618,14282.38077572907,377,375,0.9946949602122016,53.714285714285715,95,30.519674792673488,14,134,0.7362637362637363,19.142857142857142,26,6,5.501391289705631,9.571428571428571,13,9.571428571428571,13,0.18273421116544472,0.27186392166563594,0.05435512540193623,0.07608363858363858,0.1517094017094017,0.04565922444041427,0.07142857142857144,0.11808478114567765,0.03030851787558401,0.3051444070126729,0.40625,1,1,5.611940298507463,22,4.605173028595278,752,0.2769713504088504,0.08795496216178024,0.5181818181818182,0.1388888888888889,0.3792929292929293,0.06214961161769672,0.18920699400019045,0.0923495538388176,28.104166666666668,11.387263477392015,57,0.2790059687786961,0.2752497502497503,-0.0037562185289458094,0.17946953858445872,0.19744637935196346,-0.0002141916106038979,empate,0,0,0.5060273670000001,0.523757683,-0.017730315999999968,visitante,Sevilla,grande,True
303674,Sevilla,404,16,16,344,0.8514851485148515,21.763214738299176,87.33991069379451,2.6248809496813363,15.313837110417214,8792.338754272867,207,197,0.9516908212560387,25.25,51,15.316657598836633,16,141,0.5875,17.625,24,7,5.464373248598599,8.8125,12,8.8125,12,0.23821420210597377,0.36134774194525066,0.06479826206752659,0.060997260015117155,0.1396938775510204,0.04151551596321385,0.0625,0.11194037131352164,0.025531594913705356,0.4562194891298307,0.5555555555555556,1,1,2.8652482269503547,15,2.2822778784078652,404,0.22316017316017311,0.05763463094724426,0.37777777777777777,0.11904761904761904,0.2587301587301587,0.04119929453262787,0.15277369030501212,0.1084809769914984,18.304347826086957,8.167332123139222,34,0.23047653404796264,0.21701443001443,-0.013462104033532651,0.1677952370432865,0.1401555910448616,-0.0002986363347140367,empate,0,0,0.523757683,0.5060273670000001,0.017730315999999968,local,Barcelona,medio,False
303470,Barcelona,666,14,14,604,0.9069069069069069,17.25272784624928,75.19414870852651,1.4560219778561088,10.28447054141264,11490.31674560202,416,250,0.6009615384615384,47.57142857142857,82,27.224746338337354,14,117,0.6428571428571429,16.714285714285715,22,3,5.860626141933147,8.357142857142858,11,8.357142857142858,12,0.23194999593643223,0.35107486532396326,0.07438343780444305,0.10603632478632477,0.31517094017094016,0.10735788875681397,0.07142857142857144,0.11991024519950284,0.03458800440182018,0.3604533757841972,0.5416666666666666,1,1,5.6923076923076925,16,4.1250983691177705,666,0.2723713323713323,0.08041711490829476,0.45555555555555555,0.08181818181818182,0.3737373737373737,0.05972386199658926,0.19867613203827636,0.07205238411620965,26.466666666666665,10.168132035477761,46,0.32251082251082247,0.2284992784992785,-0.09401154401154396,0.22952536592243084,0.17168305238964132,-0.0014912345742385267,derrota,0,2,1.069344716,0.8652740299999999,0.2040706860000001,visitante,Real Madrid,grande,True
303470,Real Madrid,516,13,14,465,0.9011627906976745,18.44759203864783,75.15989622132271,1.8439088914585762,12.778533695560672,9518.957491942281,289,227,0.7854671280276817,39.69230769230769,67,20.965784091326103,14,107,0.5879120879120879,15.285714285714286,22,2,5.787036885865455,7.642857142857143,11,7.642857142857143,11,0.19289690224380213,0.27734232455210117,0.055163138937171174,0.08647741147741148,0.23920940170940166,0.07374183084383047,0.07142857142857142,0.12229402240716708,0.036252287005998016,0.34656732813117325,0.5538461538461539,1,1,4.822429906542056,20,3.9312148466244565,516,0.2587842712842713,0.06888874369775666,0.3888888888888889,0.11904761904761904,0.2698412698412699,0.04628667628667629,0.19617295282936917,0.1100026374842928,21.97826086956522,9.583525517921732,37,0.28158041453495997,0.23788780663780665,-0.04369260789715332,0.22689333406873968,0.16801260335994625,-0.0009028114277883002,victoria,2,0,0.8652740299999999,1.069344716,-0.2040706860000001,local,Barcelona,medio,False
303700,Barcelona,606,14,14,529,0.8729372937293729,19.198349526570276,86.47889916043103,2.2803508501982734,11.82575250701698,11634.199813101586,280,326,1.1642857142857144,43.285714285714285,77,21.142114629076513,14,132,0.7252747252747253,18.857142857142858,24,14,3.4611546970244906,9.428571428571429,13,9.428571428571429,12,0.1301300372479624,0.20226471104463373,0.02988774850036694,0.0780296092796093,0.1621794871794872,0.051355538627849126,0.07142857142857144,0.11904888197180556,0.027707022770206438,0.38990661838844515,0.4482758620689655,1,1,4.590909090909091,25,4.15231688785792,606,0.24065119277885236,0.04535325443029471,0.35454545454545455,0.14444444444444443,0.21010101010101012,0.04036561264822134,0.20438379565640055,0.07783605242888482,25.148936170212767,5.7633728176275065,39,0.24370982552800732,0.23795959595959595,-0.005750229568411369,0.20363190512490245,0.20504545932411883,-0.0002643368233678146,victoria,3,0,1.4085941777,0.327932219,1.0806619587,visitante,Eibar,medio,True
303700,Eibar,473,14,14,381,0.8054968287526427,22.825281279434506,84.34808830080264,2.200000000000003,15.810758567968865,10796.358045172521,221,252,1.1402714932126696,33.785714285714285,66,21.559144308081976,14,124,0.6813186813186813,17.714285714285715,26,10,4.283332671589986,8.857142857142858,13,8.857142857142858,13,0.20054349362842588,0.2495984692559086,0.03826335093955083,0.0688562925170068,0.17176434676434676,0.04214486546481327,0.07142857142857142,0.1295527814493696,0.030643769581176875,0.3865787691178744,0.52,1,1,3.814516129032258,15,2.8237670317750814,473,0.21676928010261343,0.048961958682871565,0.3111111111111111,0.10909090909090909,0.20202020202020204,0.04420749704840614,0.19836079934878312,0.11174361278838452,22.066666666666666,5.706455674377605,34,0.20707070707070707,0.22525553150553154,0.01818482443482447,0.21032010303287813,0.18789640862519996,0.0004127335846703424,derrota,0,3,0.327932219,1.4085941777,-1.0806619587,local,Barcelona,medio,False
303707,Barcelona,682,14,14,670,0.9824046920821115,18.74450447041935,64.29245678926883,2.942787793912431,10.78916235557112,12783.752048825998,324,358,1.1049382716049383,48.714285714285715,92,25.205092804762756,14,136,0.7472527472527473,19.428571428571427,25,5,4.850836241814184,9.714285714285714,13,9.714285714285714,12,0.14817059705672705,0.19621461507819934,0.027677162755407964,0.06527014652014652,0.16132478632478633,0.04465599206184274,0.07142857142857142,0.1119364971154678,0.02763405443655275,0.3503058180335225,0.52,1,1,5.014705882352941,24,4.695093330710588,682,0.27902628772193994,0.07290702671317423,0.4666666666666667,0.14444444444444443,0.32222222222222224,0.05698092031425364,0.23041363918939706,0.11472833023529432,26.847826086956523,8.516565273510855,46,0.283636691591237,0.27480008417508417,-0.00883660741615283,0.2641887005953992,0.19945316623389509,-0.00042496681719623314,victoria,3,2,1.4341765,1.0949722132,0.33920428680000003,visitante,Real Betis,medio,True
303707,Real Betis,270,14,14,255,0.9444444444444444,19.463324485969487,79.11289401861116,2.147091055358381,12.832146260421771,5255.097611211761,148,122,0.8243243243243243,19.285714285714285,37,10.844556035375335,14,109,0.5989010989010989,15.571428571428571,23,4,4.8212962944817725,7.785714285714286,12,7.785714285714286,12,0.1506116344465879,0.18819894594178632,0.023707008441369182,0.06748266614338043,0.1716015466015466,0.04444489002297471,0.07142857142857144,0.12352209753892592,0.029539806846670708,0.4607797590256015,0.5652173913043478,1,1,2.477064220183486,12,1.9422692217663138,270,0.2038263065436978,0.061656209634248615,0.3333333333333333,0.09722222222222222,0.2361111111111111,0.04788199454866121,0.17018591556652873,0.1548693485131404,12.934782608695652,6.347010403552363,23,0.20858414072699785,0.19982972582972583,-0.008754414897272023,0.16647890301294738,0.17329980611153709,0.00012297831769716302,derrota,2,3,1.0949722132,1.4341765,-0.33920428680000003,local,Barcelona,medio,False
303666,Barcelona,675,14,14,610,0.9037037037037037,18.89216368506331,75.40457545799194,1.7262676501632097,10.454530070691643,12752.210487417735,355,320,0.9014084507042254,48.214285714285715,91,28.077306937011688,14,134,0.7362637362637363,19.142857142857142,24,13,3.8887593110903427,9.571428571428571,12,9.571428571428571,12,0.1386315798148347,0.18780103181558133,0.024870706313555802,0.07545024420024418,0.21666666666666665,0.05926185127287381,0.07142857142857144,0.12354635097948281,0.028516250258048072,0.37037964286388864,0.4642857142857143,1,1,5.037313432835821,25,4.575089455805813,675,0.27603926806054463,0.06759995453836094,0.4444444444444444,0.16666666666666666,0.2777777777777778,0.046723445636489114,0.21054270515634654,0.10056097234354353,27.638297872340427,9.180379673674803,47,0.2948871835235471,0.25945310245310244,-0.035434081070444656,0.2492271608296835,0.17650038416381,-0.0005730061451037387,derrota,0,2,0.5349524370000001,1.8489029273,-1.3139504902999999,visitante,Granada,medio,True
303666,Granada,223,14,14,167,0.7488789237668162,24.779634615069764,102.78803432306701,2.1931712199461266,19.629305054937095,5525.858519160557,133,90,0.6766917293233082,15.928571428571429,29,8.434948230330264,14,91,0.5,13.0,20,2,4.123105625617661,6.5,10,6.5,10,0.16079703086448624,0.20400566133942322,0.024998616046574627,0.07738603988603988,0.2124287749287749,0.06637675647405149,0.07142857142857142,0.12558817594433516,0.029056612033275635,0.4141887641426812,0.52,1,1,2.4505494505494507,10,1.6855151249886882,223,0.1725348725348725,0.042815385563709764,0.3,0.10714285714285714,0.19285714285714284,0.044004984914075826,0.11977876585890353,0.13617267882974637,10.333333333333334,5.054251135970051,22,0.1755624426078971,0.1696389359432838,-0.005923506664613304,0.1512111755137263,0.08971298271081216,-0.0002010154888051742,victoria,2,0,1.8489029273,0.5349524370000001,1.3139504902999999,local,Barcelona,medio,False
303715,Barcelona,779,14,14,685,0.8793324775353016,18.478618065049567,75.08461893091021,0.0,11.089950948214108,14394.843472673612,422,357,0.8459715639810427,55.642857142857146,85,24.904763655719616,14,138,0.7582417582417582,19.714285714285715,24,11,3.825265096855967,9.857142857142858,13,9.857142857142858,12,0.2134577133006765,0.3227994714210349,0.05008571617825908,0.07982295482295483,0.16239316239316237,0.05034409544937577,0.07142857142857142,0.10686754067429831,0.025748594435977386,0.31445836600612115,0.38235294117647056,1,1,5.644927536231884,24,4.299984369094747,779,0.2765382962191472,0.05630138200137396,0.4,0.14444444444444443,0.2555555555555556,0.04108138238573022,0.22106976371657666,0.08268427126845218,29.53191489361702,7.052138324587883,44,0.30945821854912764,0.2475687645687646,-0.06188945398036305,0.23349977082747078,0.21013135745898986,-0.0010000818959537748,victoria,2,1,1.598676625,0.351292322,1.247384303,visitante,Leganés,medio,True
303715,Leganés,194,14,13,149,0.7680412371134021,22.77666036139872,87.17109612709937,1.5297058540778354,17.652872786449038,4418.672110111352,106,88,0.8301886792452831,13.857142857142858,34,9.97579488143594,14,77,0.4230769230769231,11.0,17,2,4.913538149119954,5.5,10,5.5,9,0.14697983494995978,0.23720073128803662,0.046786728015063866,0.07989163614163612,0.1807692307692308,0.06269088362430612,0.07142857142857141,0.17002102387807339,0.04778329946425331,0.36733172169378747,0.5652173913043478,1,1,2.5194805194805197,10,1.8974377091251557,194,0.1837381754048421,0.07072589460520468,0.5,0.10714285714285714,0.39285714285714285,0.051424963924963915,0.12187433716368441,0.16720478615144294,9.422222222222222,4.716937030478036,23,0.1870353191781763,0.1808531746031746,-0.0061821445750017134,0.12718906049999687,0.11722395424441101,-0.0003411832531552487,derrota,1,2,0.351292322,1.598676625,-1.247384303,local,Barcelona,medio,False
303377,Barcelona,705,14,14,620,0.8794326241134752,18.648624351358723,82.11193579498661,2.5059928172283343,12.094995144401933,13147.280167707899,364,341,0.9368131868131868,50.357142857142854,118,31.614522327215727,14,130,0.7142857142857143,18.571428571428573,26,9,4.701280763401238,9.285714285714286,13,9.285714285714286,13,0.20935757858915188,0.29513570340128514,0.0574486749039068,0.09542887667887667,0.3388888888888889,0.09542539815338293,0.07142857142857142,0.1320201789055094,0.030846161336740452,0.394729513669267,0.5,1,1,5.423076923076923,22,4.483929225776779,705,0.28174142642227745,0.09021700493309455,0.5111111111111111,0.14545454545454545,0.3656565656565656,0.06036608319217014,0.2016605232832537,0.09856522713150542,28.340425531914892,11.591369720136578,51,0.29457890594254227,0.27044444444444443,-0.024134461498097837,0.217892285705132,0.18737657235200067,-0.0010430578582174333,victoria,2,1,1.6572169519999997,0.748722662,0.9084942899999997,local,Getafe,medio,True
303377,Getafe,219,14,14,143,0.6529680365296804,24.160853379676066,70.82492499113572,1.897366596101032,16.629272977608004,5291.226890149059,119,100,0.8403361344537815,15.642857142857142,31,8.129785150507152,14,100,0.5494505494505495,14.285714285714286,21,7,3.989782869648269,7.142857142857143,12,7.142857142857143,12,0.17199505580117744,0.23960277998031485,0.03364143779234629,0.06884702598988314,0.18554639804639803,0.048584863822156696,0.07142857142857141,0.17352467007631134,0.04157761184243873,0.4913735925404645,0.6190476190476191,1,1,2.19,9,1.5728636304524306,219,0.18021441119267206,0.054544496834189785,0.3333333333333333,0.09523809523809523,0.23809523809523808,0.03720137886804553,0.17069513628162658,0.16064463346209798,11.021739130434783,4.479529392121367,22,0.1917044595616024,0.17056277056277053,-0.02114168899883187,0.18924213654815958,0.1551156560577388,-0.0005198309245487777,derrota,1,2,0.748722662,1.6572169519999997,-0.9084942899999997,visitante,Barcelona,medio,False
303524,Barcelona,705,13,13,634,0.8992907801418439,19.09958690744942,68.46787567903652,1.6552945357246844,11.227665637832468,13465.208769751842,385,320,0.8311688311688312,54.23076923076923,96,29.62305927863699,13,114,0.7307692307692307,17.53846153846154,22,4,4.733113865512357,8.76923076923077,11,8.76923076923077,11,0.21273887095038685,0.3102937306395606,0.05911386760793367,0.07167832167832168,0.1590909090909091,0.04666110436282979,0.0769230769230769,0.11519895857095909,0.03248640003041494,0.3203583714572726,0.42857142857142855,1,1,6.184210526315789,23,5.425032604758815,705,0.2704867827208252,0.07752304510262145,0.43333333333333335,0.1388888888888889,0.29444444444444445,0.05606374302026475,0.17947018463234582,0.08499611408344294,27.25531914893617,9.963996241046152,42,0.28793945953036865,0.2551284271284271,-0.03281103240194155,0.20562934733890395,0.1564501214505747,-0.0009150890929914982,victoria,1,0,0.931063791,1.2149636990000001,-0.2838999080000001,visitante,Atlético Madrid,grande,True
303524,Atlético Madrid,361,14,14,287,0.7950138504155124,20.653849676789587,82.69927448291187,1.780449381476481,16.00585363093912,7456.03973332104,200,161,0.805,25.785714285714285,56,18.37715375730911,14,110,0.6043956043956044,15.714285714285714,23,4,5.787036885865455,7.857142857142857,12,7.857142857142857,12,0.16320328878918877,0.21801160971179923,0.031633127601888765,0.06907051282051281,0.19898504273504272,0.06122664480402664,0.07142857142857142,0.13365720131704714,0.03740070399250784,0.44989017050224345,0.5909090909090909,1,1,3.2818181818181817,13,2.920559778790293,361,0.19314888010540177,0.06102152456765583,0.3333333333333333,0.1,0.2333333333333333,0.05408449575116241,0.14931641263237172,0.14403784459536212,15.869565217391305,7.243721252542858,31,0.2134662956091528,0.17608225108225106,-0.03738404452690175,0.1700296085186744,0.13191732808787748,-0.0012401534083907608,derrota,0,1,1.2149636990000001,0.931063791,0.2838999080000001,local,Barcelona,medio,False
303517,Barcelona,796,14,14,721,0.9057788944723618,19.003675866754765,79.9565507009901,1.513274595042156,10.900094144585225,15126.925989936792,468,328,0.7008547008547008,56.857142857142854,89,32.12441473362623,14,122,0.6703296703296703,17.428571428571427,23,5,5.3280160568490045,8.714285714285714,12,8.714285714285714,12,0.16604995602495995,0.25414440252856524,0.05745000077746305,0.08759920634920634,0.3197649572649572,0.08251376105053385,0.07142857142857144,0.11440905494764411,0.03388856804134566,0.33633471659258635,0.48148148148148145,1,1,6.524590163934426,25,5.87466513137599,796,0.2981432869730742,0.073726859358119,0.4444444444444444,0.14285714285714285,0.30158730158730157,0.04834368530020703,0.21557777706615167,0.06981965808096476,30.085106382978722,10.20193883370693,46,0.3387019546110455,0.2624516594516595,-0.07625029515938603,0.2357701759039215,0.1978084660889142,-0.0015289528862031203,victoria,4,1,1.5926148169999998,0.545430767,1.0471840499999998,local,Deportivo Alavés,medio,True
303517,Deportivo Alavés,339,14,14,272,0.8023598820058997,21.987267829829754,86.03632953584201,1.9000000000000057,14.839776240317926,7453.683794312286,160,179,1.11875,24.214285714285715,39,11.846314398797832,14,113,0.6208791208791209,16.142857142857142,22,2,4.925982757019048,8.071428571428571,12,8.071428571428571,11,0.1694856409496619,0.2396349326714951,0.04228643447806426,0.07686901392258536,0.34843142968142965,0.09106116852406775,0.07142857142857144,0.11425226445425471,0.028788255700810485,0.4208804678017493,0.5909090909090909,1,1,3.0,14,2.2340882799204413,339,0.2022320469128979,0.05367034509214924,0.30952380952380953,0.08333333333333333,0.22619047619047622,0.05316048685613903,0.15708245836504287,0.12666182827336053,15.340425531914894,6.19704205647894,29,0.22137531780388925,0.18677017427017428,-0.034605143533714966,0.18975591522271615,0.13069235859538367,-0.00043782904704505225,derrota,1,4,0.545430767,1.5926148169999998,-1.0471840499999998,visitante,Barcelona,medio,False
303610,Barcelona,1019,14,14,943,0.9254170755642787,15.89278597372325,67.89830631171885,1.2041594578792265,8.629033991247388,16194.748907223991,528,491,0.9299242424242424,72.78571428571429,156,42.2850738739744,14,134,0.7362637362637363,19.142857142857142,26,12,4.733726150223112,9.571428571428571,13,9.571428571428571,13,0.15578276114977196,0.25178547831134485,0.04444831447587562,0.09606009070294785,0.35152625152625155,0.09616127584908842,0.07142857142857142,0.13107193514205373,0.03273114676360926,0.3423710314208667,0.41935483870967744,1,1,7.604477611940299,34,7.120517607292846,1019,0.3374842651438396,0.07605527811769232,0.5222222222222223,0.21212121212121213,0.3101010101010101,0.0551791203965117,0.22444781458556026,0.07283676601566202,35.255319148936174,8.183939959792893,49,0.3453627180899908,0.33055122655122654,-0.014811491538764265,0.21855377159262931,0.22963457241933952,-0.000627617192140782,victoria,1,0,1.5407311209999999,0.218909804,1.321821317,local,Granada,medio,True
303610,Granada,220,14,14,151,0.6863636363636364,24.77194406647435,83.50832293849518,1.264911064067354,17.407675992386288,5449.827694624357,124,96,0.7741935483870968,15.714285714285714,32,9.016468449271217,14,95,0.521978021978022,13.571428571428571,20,4,4.531071864901059,6.785714285714286,11,6.785714285714286,11,0.15844300279178306,0.2402884641374468,0.036823892781604105,0.07699393860108143,0.191025641025641,0.05963404693413574,0.07142857142857142,0.15048685165434436,0.04096793413463882,0.4561322599652112,0.5909090909090909,1,1,2.3157894736842106,10,1.766728513351499,220,0.17141837630968065,0.03958438139184802,0.25,0.09722222222222222,0.1527777777777778,0.03981641814975148,0.11860518710141349,0.10449220620396113,10.717391304347826,4.773366124087841,22,0.17948314311950678,0.1640256734006734,-0.015457469718833383,0.14727024472111808,0.09232888428335088,-0.00041596196314050123,derrota,0,1,0.218909804,1.5407311209999999,-1.321821317,visitante,Barcelona,medio,False
303473,Barcelona,581,14,14,533,0.9173838209982789,18.719755288220213,78.43698107398066,1.9104973174542856,11.558549059735183,10876.177822455944,313,268,0.8562300319488818,41.5,68,20.243707474365763,14,127,0.6978021978021978,18.142857142857142,24,2,5.436085025840128,9.071428571428571,12,9.071428571428571,13,0.20370054068807916,0.29648715157023897,0.05403416273989828,0.08741605616605616,0.27190170940170943,0.06870759909626448,0.07142857142857142,0.13234711175798014,0.03110777655195609,0.39317604664019296,0.5,1,1,4.574803149606299,19,3.7301066777495326,581,0.254491341991342,0.05347111772086347,0.38181818181818183,0.1111111111111111,0.27070707070707073,0.04587461920795255,0.19142494626163134,0.11313584900740738,24.23913043478261,8.281665915633415,42,0.2651400367309458,0.2447300384800385,-0.020409998250907335,0.2203511853133272,0.1649092271309102,-0.0005532451068991282,victoria,4,0,1.4673041635,1.7253259230000002,-0.2580217595000003,local,Sevilla,grande,True
303473,Sevilla,424,14,14,381,0.8985849056603774,21.006318105962315,66.27073260497427,2.109502310972893,11.971701290190458,8906.678876928021,223,201,0.9013452914798207,30.285714285714285,86,21.22200806647727,14,118,0.6483516483516484,16.857142857142858,24,8,4.172309104717209,8.428571428571429,12,8.428571428571429,12,0.12725184131006592,0.18290451418765402,0.021404149504807717,0.07253292342578056,0.2198717948717948,0.06995352664358209,0.07142857142857142,0.15255049426832407,0.03453412942083546,0.4043498365690525,0.5652173913043478,1,1,3.593220338983051,17,3.327434213170285,424,0.22133800006140433,0.059952545069813366,0.36666666666666664,0.12222222222222222,0.2444444444444444,0.053556528013049734,0.20861154535422896,0.11691204421514687,18.46808510638298,6.40601301709637,33,0.21968713105076743,0.2227907647907648,0.0031036337399973635,0.19596615112011342,0.21973949228025064,-0.00018126162176809813,derrota,0,4,1.7253259230000002,1.4673041635,0.2580217595000003,visitante,Barcelona,medio,False
15978,Barcelona,728,14,14,681,0.9354395604395604,21.026091356592367,71.77220910631077,0.0,12.044420597181775,15306.994507599244,381,347,0.910761154855643,52.0,109,28.057632994085036,14,143,0.7857142857142857,20.428571428571427,25,8,3.922722919355994,10.214285714285714,13,10.214285714285714,13,0.19319495540458495,0.24948313780004908,0.03787810913157055,0.0728283621140764,0.2339285714285714,0.07035414505901097,0.07142857142857142,0.13286092539459998,0.029733485161149775,0.40169354089542014,0.48148148148148145,1,1,5.090909090909091,22,4.70070533453068,728,0.2734848484848484,0.07723187597061926,0.5,0.13333333333333333,0.3666666666666667,0.05519640852974187,0.2134327148771596,0.08375264788721194,27.695652173913043,8.032903350089807,41,0.29593663911845725,0.2529040404040404,-0.043032598714416836,0.20640199044684931,0.2198775456049439,-0.0009208800929429995,victoria,2,1,1.398165227,0.914412035,0.483753192,visitante,Real Sociedad,medio,True
15978,Real Sociedad,316,14,14,276,0.8734177215189873,20.848953720102045,87.14315807910567,3.1064449134018077,13.338856795633971,6588.269375552246,167,149,0.8922155688622755,22.571428571428573,38,11.778169413167511,14,111,0.6098901098901099,15.857142857142858,21,5,4.778779623907923,7.928571428571429,12,7.928571428571429,11,0.19346656931564016,0.28163990202849504,0.04523333702276884,0.06858211233211234,0.181517094017094,0.04706106000130507,0.07142857142857142,0.11783210824178422,0.029119463428739775,0.4588610325236838,0.6190476190476191,1,1,2.8468468468468466,10,2.198272041294048,316,0.2036788861256946,0.10133582398045972,0.7,0.10714285714285714,0.5928571428571429,0.07739036325992847,0.21027921359760143,0.1617920463172048,14.446808510638299,6.385474381064444,29,0.20250557523284796,0.2047113997113997,0.002205824478551749,0.22123430888315984,0.2006387297463101,-0.00025829442168480123,derrota,1,2,0.914412035,1.398165227,-0.483753192,local,Barcelona,medio,False
15998,Barcelona,814,14,14,758,0.9312039312039312,18.567542635406646,71.58910531638176,2.0,10.621668853840124,15113.979705221009,443,371,0.837471783295711,58.142857142857146,106,37.42039169070407,14,125,0.6868131868131868,17.857142857142858,24,8,4.703450752329808,8.928571428571429,12,8.928571428571429,12,0.11311930171028033,0.15328264271275793,0.028558424618554984,0.0826923076923077,0.17724358974358972,0.03953292566824106,0.07142857142857144,0.11504076151712608,0.0355509715594537,0.3302751347904703,0.41935483870967744,1,1,6.512,36,6.788951023538173,814,0.2878043351447607,0.06343627658671847,0.44545454545454544,0.17777777777777778,0.2676767676767676,0.0568715101323797,0.21720654738187323,0.08793567033979911,28.95744680851064,8.330033265783857,49,0.2960743801652892,0.2805266955266955,-0.015547684638593684,0.22326558748081207,0.21187459209480702,-0.0005512768593827798,derrota,1,2,0.552077237,1.070911462,-0.518834225,visitante,Leganés,medio,True
15998,Leganés,245,13,13,184,0.7510204081632653,25.38531424847392,93.40770846134703,2.23606797749979,18.751450875453106,6219.401990876111,165,80,0.48484848484848486,18.846153846153847,31,9.388345202485134,14,91,0.5,13.0,19,1,5.644213218610974,6.5,11,6.5,10,0.1096017175429506,0.14717880067564937,0.03962667115520933,0.057151578580149985,0.1861263736263736,0.05122225501436095,0.07142857142857141,0.18962579375537686,0.05048137749537736,0.43691134465339804,0.5538461538461539,1,1,2.6923076923076925,15,2.527615858334384,245,0.1755968065750675,0.04660735547446496,0.3333333333333333,0.1,0.2333333333333333,0.0420715087381754,0.12476515872156994,0.1149942305356119,11.369565217391305,5.915548986084325,24,0.18611439065984517,0.16595568783068781,-0.020158702829157354,0.16338360974113886,0.08936491195363172,-0.0005933714930014654,victoria,2,1,1.070911462,0.552077237,0.518834225,local,Barcelona,medio,False
16029,Barcelona,502,14,14,448,0.8924302788844621,17.79973847467206,72.00694410957877,1.0,11.533081268556032,8935.468714285375,256,246,0.9609375,35.857142857142854,61,16.85621155929968,14,121,0.6648351648351648,17.285714285714285,23,7,4.414724897246412,8.642857142857142,13,8.642857142857142,11,0.12842383523271245,0.1618812619729453,0.019399471065010977,0.07754011861154718,0.17747252747252745,0.04501431300374158,0.07142857142857142,0.11426122542997443,0.029798040615165514,0.34087815461733795,0.5,1,1,4.148760330578512,21,3.1874266338010595,502,0.22574375978631295,0.06248729506463046,0.4222222222222222,0.11818181818181818,0.30404040404040406,0.05653271848924022,0.20901354696327337,0.09676360870957902,21.02127659574468,7.29052202372048,38,0.24932769250951073,0.20498989898989897,-0.04433779351961176,0.21593105376729638,0.20292614097573294,-0.0007268861136807483,victoria,4,2,2.3974202783,1.688973094,0.7084471842999998,local,Sevilla,grande,True
16029,Sevilla,444,14,14,364,0.8198198198198198,20.04857690708207,105.17128885774862,0.0,15.187334810209004,8901.56814674444,203,241,1.187192118226601,31.714285714285715,79,19.546506953057726,14,115,0.6318681318681318,16.428571428571427,24,6,5.066899385990914,8.214285714285714,12,8.214285714285714,12,0.16341575329922706,0.23820959389186194,0.04036913327079519,0.07673774638060352,0.23150946275946274,0.06103847484498025,0.07142857142857142,0.1354009086500086,0.039282972884209656,0.4034958128104917,0.5652173913043478,1,1,3.860869565217391,17,3.385100233624172,444,0.2015880691412606,0.0637315293859176,0.4,0.08928571428571429,0.3107142857142857,0.052859338728903936,0.19310570267125257,0.12222552867685198,19.48936170212766,8.617152612605638,44,0.19661753590325018,0.20560273060273063,0.008985194699480448,0.21897201528550778,0.17221368094435416,-0.0002981780271327005,derrota,2,4,1.688973094,2.3974202783,-0.7084471842999998,visitante,Barcelona,medio,False
16073,Barcelona,746,14,14,680,0.9115281501340483,17.133758280708506,58.077534382926416,1.0,9.504926880306256,12781.783677408546,398,348,0.8743718592964824,53.285714285714285,90,29.751350509562705,14,125,0.6868131868131868,17.857142857142858,25,4,5.767608353767529,8.928571428571429,13,8.928571428571429,12,0.17883839543868976,0.22567957336326103,0.03647789462452185,0.09400946275946276,0.28066239316239316,0.07288191479879898,0.07142857142857144,0.1175813259377916,0.03181354383974459,0.3147255147476437,0.43333333333333335,1,1,5.968,22,4.849636687423089,746,0.27956270782357734,0.0941109522817486,0.5,0.08888888888888889,0.4111111111111111,0.049017155683822346,0.2034293181716132,0.09795791403566655,28.891304347826086,12.087143327371656,49,0.28537649219467404,0.27423340548340547,-0.011143086711268568,0.20049762130667223,0.20611670696447573,-0.0013343222796495116,empate,1,1,0.296478192,0.141969905,0.15450828699999997,visitante,Atlético Madrid,grande,True
16073,Atlético Madrid,340,13,13,271,0.7970588235294118,18.763762188185826,81.04936767180853,2.0,13.607240145658647,6379.679143983181,210,130,0.6190476190476191,26.153846153846153,55,16.762289789117684,13,105,0.6730769230769231,16.153846153846153,22,10,4.016239225294342,8.076923076923077,12,8.076923076923077,12,0.15260267820875206,0.2003601684132643,0.028957612525210757,0.07141608391608392,0.14191919191919192,0.043354354416245945,0.07692307692307694,0.12590305956184006,0.03594841188976722,0.4312403575388372,0.5714285714285714,1,1,3.238095238095238,14,2.830190333575295,340,0.2316055693715268,0.05753154319299116,0.35,0.125,0.22499999999999998,0.0523182131877784,0.18704166391017982,0.13269949154832605,15.106382978723405,8.06558454323379,33,0.25108225108225113,0.2158744033744034,-0.03520784770784774,0.19278422784532123,0.18240343919333474,-0.0005199093485402476,empate,1,1,0.141969905,0.296478192,-0.15450828699999997,local,Barcelona,medio,False
16086,Barcelona,603,14,14,535,0.8872305140961857,18.656829463657253,68.62215385719105,2.0,11.471356554414232,11250.068166585323,358,245,0.6843575418994413,43.07142857142857,78,23.40106600370783,14,129,0.7087912087912088,18.428571428571427,24,9,4.41934522807372,9.214285714285714,12,9.214285714285714,13,0.13980297911369635,0.18673661386394916,0.03600184927792302,0.08297248386534099,0.1699175824175824,0.04738910277359385,0.07142857142857142,0.11649874840320132,0.027645600124834486,0.3854784872146642,0.4642857142857143,1,1,4.674418604651163,23,4.19516663692777,603,0.24284916472416473,0.07990492991418871,0.43333333333333335,0.09615384615384616,0.3371794871794872,0.054973159228478376,0.1804600473732351,0.10511515397476996,23.916666666666668,9.010238463166255,43,0.2832988980716254,0.20862246727631342,-0.07467643079531197,0.18268227870013884,0.178579697788932,-0.001614681996249514,victoria,4,0,2.3132187269999998,1.224688889,1.0885298379999997,visitante,Espanyol,medio,True
16086,Espanyol,481,14,14,412,0.8565488565488566,18.881738264593658,77.07788269017254,2.8284271247461903,11.879329106657075,9082.11610526955,227,254,1.118942731277533,34.357142857142854,70,17.908344178309484,14,141,0.7747252747252747,20.142857142857142,25,15,3.1815796359028696,10.071428571428571,13,10.071428571428571,13,0.1438909138032674,0.18055169511183938,0.025939100621446085,0.06956981510552938,0.21124847374847372,0.05553120182715865,0.07142857142857144,0.11732455765374515,0.026051410106390244,0.4816726717681151,0.5909090909090909,1,1,3.4113475177304964,17,2.8783144249502723,481,0.23139430014430018,0.059981715594240446,0.4222222222222222,0.14285714285714285,0.27936507936507937,0.04002333364035491,0.18350643978376682,0.09059577681497119,20.145833333333332,7.119017333973731,38,0.22540541469112899,0.2360523221634333,0.010646907472304318,0.16079110021227394,0.20117392611715015,-0.0003201776934408314,derrota,0,4,1.224688889,2.3132187269999998,-1.0885298379999997,local,Barcelona,medio,False
16190,Barcelona,579,14,14,508,0.8773747841105354,18.538381529119075,78.49203781276162,1.4142135623730951,10.997180320631552,10733.722905359944,331,248,0.7492447129909365,41.357142857142854,89,21.553536718017885,14,126,0.6923076923076923,18.0,24,10,4.035556254807296,9.0,13,9.0,12,0.18866492478094812,0.2364497279195867,0.030219445148255444,0.0863476800976801,0.20726495726495722,0.053325470640969166,0.07142857142857144,0.13306863335412214,0.033688175954990386,0.4383052823134899,0.5652173913043478,1,1,4.595238095238095,15,3.7441564447807467,579,0.25051042338276375,0.05468377633321993,0.3888888888888889,0.16071428571428573,0.22817460317460317,0.05261308739569608,0.19041129833244,0.08942649858072786,23.06382978723404,9.032319398112989,40,0.26667158598976776,0.2362886002886003,-0.03038298570116746,0.1828033084705618,0.19710632941089273,-0.0006630456474351037,victoria,4,2,1.6004439970000002,1.122434296,0.4780097010000002,visitante,Sevilla,grande,True
16190,Sevilla,395,14,14,295,0.7468354430379747,21.17506333821312,84.17244204607586,2.0,15.644657671867684,8364.150018594182,204,191,0.9362745098039216,28.214285714285715,58,12.950667172766824,14,123,0.6758241758241759,17.571428571428573,26,12,3.9769745448785865,8.785714285714286,13,8.785714285714286,13,0.20882896118682467,0.26157433342968384,0.030893730618800304,0.06627747252747251,0.16765873015873015,0.05097116363656123,0.07142857142857141,0.12233839948509283,0.03426804276208257,0.4391124699912293,0.5416666666666666,1,1,3.2113821138211383,16,2.687677489001115,395,0.21644937749588913,0.05601605805898578,0.3333333333333333,0.1,0.2333333333333333,0.05331546760118188,0.20144074735834783,0.09906489644313227,19.209302325581394,6.638840043313948,35,0.21459595959595962,0.21806104523495828,0.003465085638998666,0.18373822813630758,0.216834242334035,0.00028011247452070035,derrota,2,4,1.122434296,1.6004439970000002,-0.4780097010000002,local,Barcelona,medio,False
16109,Barcelona,544,14,14,504,0.9264705882352942,20.165555620101554,79.48993646997083,3.584689665786984,12.959509786681888,10970.062257335245,285,259,0.9087719298245615,38.857142857142854,67,21.85918973393515,14,125,0.6868131868131868,17.857142857142858,24,8,4.372922247146848,8.928571428571429,13,8.928571428571429,12,0.15755205370777808,0.207709874557575,0.039012660024688076,0.08248844409558695,0.2634157509157509,0.07743896058057557,0.07142857142857144,0.12040850713858045,0.029998781276894024,0.3992899821150817,0.52,1,1,4.352,18,3.662252858555782,544,0.25299576310214605,0.0708306121892138,0.45555555555555555,0.15454545454545454,0.301010101010101,0.06416337285902503,0.18020746921273365,0.10255180446338213,22.361702127659573,8.94773600686082,41,0.278481240981241,0.23056854256854253,-0.04791269841269846,0.20906506729759214,0.15481278289805814,-0.0007863402593397983,victoria,2,0,1.134397363,0.899607741,0.23478962199999998,local,Celta Vigo,medio,True
16109,Celta Vigo,483,14,14,451,0.9337474120082816,19.641143223868088,75.74516486218774,0.0,12.273331836952673,9486.672177128286,195,288,1.476923076923077,34.5,72,15.113671854419657,14,133,0.7307692307692307,19.0,25,13,3.3806170189140663,9.5,12,9.5,13,0.21236863461076297,0.27339864893281846,0.03657410266668284,0.06714743589743588,0.14690170940170938,0.049105363976990654,0.07142857142857142,0.11687659494408628,0.022390347913459747,0.4273999397428348,0.5909090909090909,1,1,3.6315789473684212,12,2.7046984577817006,483,0.230824549846289,0.06846021638899057,0.3787878787878788,0.125,0.2537878787878788,0.04749799583132915,0.2086500453204775,0.11023446883370196,21.26086956521739,8.46282007793487,50,0.20598673812959523,0.2516883116883117,0.04570157355871646,0.19926959467012853,0.2165296238667706,0.0007787836071832359,derrota,0,2,0.899607741,1.134397363,-0.23478962199999998,visitante,Barcelona,medio,False
16120,Barcelona,750,14,14,693,0.924,19.06833023650491,103.16006979447037,2.0,12.104743494942957,14301.247677378682,434,316,0.728110599078341,53.57142857142857,113,32.89543874323445,14,125,0.6868131868131868,17.857142857142858,24,8,4.626895640200471,8.928571428571429,12,8.928571428571429,12,0.1601450097282005,0.25984984491548924,0.05659695799570079,0.09350961538461537,0.23557692307692302,0.08127408117715891,0.07142857142857142,0.139239091696997,0.03456698829575029,0.39376698735150634,0.52,1,1,6.0,22,5.216895628628198,750,0.28922277486107273,0.0726460299138948,0.43636363636363634,0.14444444444444443,0.2919191919191919,0.047266139657443994,0.24270078512261356,0.0872063312564908,29.148936170212767,10.082224399588776,48,0.3157254361799816,0.2659004329004329,-0.049825003279548696,0.2369657613201025,0.24774760606882323,-0.0009887242151927639,victoria,2,1,1.7478493249999998,1.5908359879999998,0.15701333699999998,visitante,Getafe,medio,True
16120,Getafe,236,14,14,165,0.6991525423728814,25.287807391287014,79.30952023559341,1.4142135623730951,17.16073253563621,5967.922544343735,117,119,1.017094017094017,16.857142857142858,31,8.319182123790249,14,102,0.5604395604395604,14.571428571428571,20,5,4.135461378894322,7.285714285714286,12,7.285714285714286,11,0.22842525225531612,0.29437746590010244,0.03434966448938985,0.06589845339845339,0.1752136752136752,0.05073048012922555,0.07142857142857141,0.17028392099066428,0.03714775053085418,0.4806777187941517,0.65,1,1,2.3137254901960786,8,1.559162621892634,236,0.1601362652499016,0.039846167933969556,0.2619047619047619,0.09722222222222222,0.1646825396825397,0.03206315648176113,0.13502612007706902,0.13644204430502418,11.568181818181818,4.363685914094991,22,0.16742234373813317,0.1545988455988456,-0.01282349813928757,0.10291992367826674,0.15942682934015873,-0.0003849046811433475,derrota,1,2,1.5908359879999998,1.7478493249999998,-0.15701333699999998,local,Barcelona,medio,False
16182,Barcelona,729,14,14,662,0.9080932784636488,16.860686145738686,68.8839603971781,1.0,9.580047697162893,12291.440200243502,379,350,0.9234828496042217,52.07142857142857,88,30.144432540467786,14,129,0.7087912087912088,18.428571428571427,25,10,4.776643856371567,9.214285714285714,13,9.214285714285714,13,0.2144404586691145,0.36982622022998396,0.06255651886481117,0.071504884004884,0.1393162393162393,0.043725667851225294,0.07142857142857142,0.15142667443807456,0.035528653578412,0.38784065283123953,0.52,1,1,5.651162790697675,22,5.106085687786543,729,0.2705512572533849,0.06739389952939896,0.4111111111111111,0.125,0.2861111111111111,0.05866271409749671,0.20143688111832322,0.07826270266791412,27.53191489361702,7.683554045831143,43,0.28764921946740135,0.2555050505050505,-0.03214416896235084,0.21693407546200358,0.1877993500958845,-0.0010880515375774405,victoria,1,0,3.661527874,0.44353789800000004,3.2179899759999997,local,Real Valladolid,medio,True
16182,Real Valladolid,466,14,14,377,0.8090128755364807,20.501313633818746,76.68767828015137,0.0,13.682765307826548,9553.612153359536,231,235,1.0173160173160174,33.285714285714285,61,19.585821290014763,14,117,0.6428571428571429,16.714285714285715,23,4,5.2566769979926,8.357142857142858,12,8.357142857142858,12,0.17409950025455376,0.23618663552747007,0.03768665990294812,0.08877442002442001,0.24487179487179483,0.07368735611567277,0.07142857142857144,0.11050445086058508,0.0324534016557577,0.3803390340691695,0.5416666666666666,1,1,3.982905982905983,16,3.0633842689409647,466,0.20815065549108105,0.05366540761242671,0.35714285714285715,0.12222222222222222,0.23492063492063492,0.03953274985883681,0.16707629492278417,0.10264788922135493,20.04255319148936,6.7080660298807135,33,0.2168699986881805,0.20047763347763348,-0.016392365210547016,0.17330650806700934,0.16159370735586603,-1.5386536836583638e-05,derrota,0,1,0.44353789800000004,3.661527874,-3.2179899759999997,visitante,Barcelona,medio,False
16215,Barcelona,480,14,14,424,0.8833333333333333,18.430508268415245,88.36288813749809,1.0,13.073970952258666,8846.643968839318,249,231,0.927710843373494,34.285714285714285,59,16.716774493021955,14,126,0.6923076923076923,18.0,25,5,5.606119105813881,9.0,13,9.0,12,0.21616553716068365,0.32527306807761464,0.04140977714985537,0.07812227455084597,0.20583028083028082,0.06803445079453822,0.07142857142857142,0.14376134536049315,0.034077343426278765,0.36435992168416054,0.43333333333333335,1,1,3.8095238095238093,13,2.6598552464321794,480,0.23361409122278684,0.06579231540598314,0.38181818181818183,0.12222222222222222,0.2595959595959596,0.0488231521564855,0.17461750227122366,0.09477025126990823,21.456521739130434,8.918660890363231,42,0.24923914469369013,0.21929112554112554,-0.029948019152564592,0.21715285569311096,0.1356267616344936,-0.00029024234066495823,victoria,4,1,2.050660124,1.007864181,1.0427959430000002,visitante,Real Betis,medio,True
16215,Real Betis,614,14,14,531,0.8648208469055375,17.447960890176574,75.13321502504735,1.0,10.549669494971447,10713.047986568417,309,305,0.9870550161812298,43.857142857142854,78,24.133784627355084,14,126,0.6923076923076923,18.0,25,9,4.675162334843877,9.0,12,9.0,13,0.21752177695010064,0.34155691624683876,0.07406596055075125,0.0847985347985348,0.21730769230769234,0.0700371348605966,0.07142857142857144,0.1130545261421151,0.026988302792539488,0.3905900746668909,0.43333333333333335,1,1,4.873015873015873,16,3.9076321880658575,614,0.25041217647600617,0.05964335960580162,0.37272727272727274,0.14545454545454545,0.2272727272727273,0.03997584541062802,0.20076742648691634,0.07821418572196746,25.25531914893617,8.320921994028804,41,0.25564082382264197,0.2458109668109668,-0.009829857011675158,0.21593661682648638,0.18741853898809463,-0.0008184774098858304,derrota,1,4,1.007864181,2.050660124,-1.0427959430000002,local,Barcelona,medio,False
16173,Barcelona,695,13,13,635,0.9136690647482014,18.4301042500644,73.8488320828434,2.140093455903271,10.08267008726956,12808.922453794758,357,338,0.9467787114845938,53.46153846153846,87,23.85237718626589,13,123,0.7884615384615384,18.923076923076923,24,11,3.604730619649225,9.461538461538462,12,9.461538461538462,12,0.2083372708215543,0.2605416462481136,0.03860109984412481,0.09532828282828285,0.24621212121212122,0.06030940654579795,0.07692307692307693,0.12059880948129521,0.028514515693158854,0.3738689378830043,0.48,1,1,5.650406504065041,24,4.565661404703236,695,0.27126022126022126,0.06716802495157424,0.4166666666666667,0.1111111111111111,0.3055555555555556,0.04917104172423322,0.21469865360555432,0.10112862125646803,27.291666666666668,9.13482542038943,41,0.2859307359307359,0.25984982096093207,-0.02608091496980386,0.24315626144395988,0.1925649586201278,-0.0006553187729913737,empate,0,0,0.49470533400000005,1.35796548,-0.863260146,visitante,Athletic Club,medio,True
16173,Athletic Club,336,14,14,286,0.8511904761904762,21.58082674800675,72.28008024345296,1.4560219778560957,14.990830039764006,7251.157787330269,189,147,0.7777777777777778,24.0,38,9.734948935111616,14,120,0.6593406593406593,17.142857142857142,22,9,3.481730744843983,8.571428571428571,12,8.571428571428571,11,0.14077690271057836,0.16719550443158793,0.021027177203618994,0.06946951857666142,0.16383547008547006,0.04899778750292528,0.07142857142857142,0.11979929545988684,0.025217426580700184,0.48712029745996144,0.5652173913043478,1,1,2.8,15,2.3295206946208196,336,0.20916075650118204,0.07067690240576112,0.5476190476190477,0.11904761904761904,0.4285714285714286,0.05559006211180124,0.1656902121011171,0.10570131790658265,14.446808510638299,5.896972364801308,29,0.20942706283615375,0.2089264069264069,-0.0005006559097468499,0.14740962326335708,0.1817771302783459,0.0003464769360007163,empate,0,0,1.35796548,0.49470533400000005,0.863260146,local,Barcelona,medio,False
16265,Barcelona,559,14,14,468,0.8372093023255814,19.94233523821052,79.20858539325141,2.0,12.849663208630266,11147.765398159681,342,217,0.6345029239766082,39.92857142857143,70,20.480626063576377,14,123,0.6758241758241759,17.571428571428573,23,3,5.407855208785057,8.785714285714286,12,8.785714285714286,12,0.22848355329569453,0.2776137593213474,0.036869634929360844,0.08142551892551893,0.41976495726495716,0.10687449650930621,0.07142857142857142,0.12828199463543055,0.03327289722911853,0.39852196092793996,0.5,1,1,4.544715447154472,20,3.6431292555560275,559,0.23345383930490307,0.05601078886833121,0.37272727272727274,0.1388888888888889,0.23383838383838385,0.044762845849802384,0.20086499669957644,0.07856179613541996,23.0,7.799108087244448,41,0.26423324150596883,0.2063679653679654,-0.057865276138003435,0.21821450700669331,0.18559742762931364,-0.0012250474047999502,victoria,2,1,1.245622556,0.8769487859999999,0.3686737700000001,local,Real Sociedad,medio,True
16265,Real Sociedad,543,14,14,453,0.8342541436464088,20.197202322741564,87.41853350405736,1.0,12.43422910450907,10967.080861248669,260,283,1.0884615384615384,38.785714285714285,79,23.527981937810438,14,125,0.6868131868131868,17.857142857142858,23,5,4.823412290324037,8.928571428571429,12,8.928571428571429,12,0.15864330262062926,0.2480897105024972,0.05257391696717591,0.0827462715855573,0.2951007326007326,0.08426927896047483,0.07142857142857142,0.1368196412382501,0.03329914884296605,0.44352772564721094,0.5652173913043478,1,1,4.344,18,3.9881905671620053,543,0.236392035860121,0.05374395390350828,0.32727272727272727,0.13333333333333333,0.19393939393939394,0.048796975970889014,0.21695003875172061,0.09872683873463493,23.893617021276597,7.830359097082917,36,0.23670892599464036,0.23613608613608614,-0.0005728398585542194,0.22268972705571397,0.21231413666003368,-0.00011406936418499689,derrota,1,2,0.8769487859999999,1.245622556,-0.3686737700000001,visitante,Barcelona,medio,False
15946,Barcelona,866,14,14,820,0.9468822170900693,17.93270656675943,66.41596193687177,2.7202941017470903,10.998896343739172,15529.723886813665,441,425,0.963718820861678,61.857142857142854,135,37.46353538464414,14,136,0.7472527472527473,19.428571428571427,24,7,4.403152859263554,9.714285714285714,13,9.714285714285714,12,0.1434552635078819,0.22553727515440686,0.04091184278595388,0.08009549973835688,0.21747557997557998,0.06977236700630104,0.07142857142857141,0.13806823850415972,0.03613677649717246,0.4050529860257487,0.4642857142857143,1,1,6.367647058823529,31,6.640792856111797,866,0.31786341677646024,0.06975120360164222,0.4666666666666667,0.2111111111111111,0.25555555555555554,0.04824354657687992,0.22221335207052967,0.06315227402457216,31.956521739130434,6.99509835285992,45,0.31867539026629943,0.31711910774410773,-0.0015562825221916987,0.2259937622035909,0.2187479761152236,-0.0005499646480219992,victoria,3,0,2.6599242,0.292109614,2.3678145859999997,local,Deportivo Alavés,medio,True
15946,Deportivo Alavés,192,14,14,164,0.8541666666666666,20.83546201517823,79.7241494153434,3.026549190084311,15.779758115635383,4000.40870691422,110,82,0.7454545454545455,13.714285714285714,26,6.544857892663892,14,93,0.510989010989011,13.285714285714286,19,6,4.113194299682277,6.642857142857143,10,6.642857142857143,10,0.21522824085904904,0.3266664289893875,0.049004421258949445,0.07035147392290249,0.21710927960927962,0.06637623034839994,0.07142857142857142,0.12539723009586465,0.03387758194136843,0.4887755951955995,0.65,1,1,2.064516129032258,9,1.5296809113668344,192,0.2063770825134461,0.09825568157857668,0.5,0.1,0.4,0.07596060270478874,0.1988220112876433,0.21658443167208752,10.045454545454545,4.302268441423883,24,0.2259937032664306,0.1867604617604617,-0.03923324150596888,0.3188976816730411,0.0787463409022455,-0.0003459958129019172,derrota,0,3,0.292109614,2.6599242,-2.3678145859999997,visitante,Barcelona,medio,False
16157,Barcelona,802,14,14,721,0.899002493765586,17.249189422534585,80.8084154033477,1.4142135623730951,9.874512414893964,13833.849916872736,399,403,1.0100250626566416,57.285714285714285,98,27.353606347605798,14,142,0.7802197802197802,20.285714285714285,26,12,4.216101303821059,10.142857142857142,13,10.142857142857142,13,0.17854189282416558,0.26901923409305256,0.0522367143245322,0.08469169719169718,0.1761752136752137,0.058998580873183534,0.07142857142857142,0.11108120418567374,0.02883598279335829,0.39341529858747615,0.5652173913043478,1,1,5.647887323943662,22,4.754830283990968,802,0.3065672250454859,0.10071704119143436,0.5777777777777777,0.09523809523809523,0.4825396825396825,0.07246192079525413,0.21962352617737047,0.08797017754053552,30.47826086956522,12.073366704232884,52,0.3165420438147711,0.2974236411736412,-0.019118402641129906,0.2371069051147736,0.20359709548475083,-0.0008334256622878253,empate,2,2,1.6903835109999998,2.4418723389999997,-0.7514888279999998,local,Valencia,medio,True
16157,Valencia,378,14,14,306,0.8095238095238095,20.714099196528533,86.58521813797087,1.4142135623730951,14.756023246387603,7829.929496287786,176,202,1.1477272727272727,27.0,63,16.469085257863266,14,118,0.6483516483516484,16.857142857142858,23,7,4.501700359025351,8.428571428571429,12,8.428571428571429,11,0.26302945159463315,0.3520429422514578,0.05081856418416466,0.07866845456131169,0.17486263736263732,0.049770088289855095,0.07142857142857144,0.13652003993219136,0.03321332271555095,0.43158656391849665,0.52,1,1,3.2033898305084745,13,2.312674444300432,378,0.20622529644268775,0.08050146133297813,0.42727272727272725,0.08888888888888889,0.33838383838383834,0.046040564373897704,0.1469839947284646,0.11757178933234684,15.978260869565217,9.927490743575039,47,0.21005017709563162,0.2027191558441558,-0.0073310212514758055,0.15782927420271237,0.1370424885437375,-4.364378554942836e-05,empate,2,2,2.4418723389999997,1.6903835109999998,0.7514888279999998,visitante,Barcelona,medio,False
16136,Barcelona,792,14,14,723,0.9128787878787878,18.018577290428205,68.01389563905306,1.7999999999999972,10.700690040231933,14270.713214019139,404,388,0.9603960396039604,56.57142857142857,113,29.374804184523864,14,137,0.7527472527472527,19.571428571428573,26,11,4.012734830053754,9.785714285714286,13,9.785714285714286,13,0.14268120780385982,0.20438746122906168,0.02960127310022812,0.08616452991452993,0.24102564102564097,0.0644756737962427,0.07142857142857142,0.12452311812846938,0.028698342560049276,0.36302177494141274,0.5,1,1,5.781021897810219,33,5.495473025431306,792,0.2784436085456494,0.05172888650578034,0.41818181818181815,0.16071428571428573,0.2574675324675324,0.04536811568061569,0.22635205297550012,0.06378521286973288,29.040816326530614,7.126707934691484,46,0.2988980716253443,0.26177700899923123,-0.03712106262611309,0.22841100244564264,0.2246743904442729,-0.0006661139314200506,victoria,3,1,1.74555982,0.6695991617,1.0759606583,local,Leganés,medio,True
16136,Leganés,263,13,14,212,0.8060836501901141,21.300677958276637,76.45501945588661,1.562049935181333,16.254210748656757,5602.078303026756,138,125,0.9057971014492754,20.23076923076923,43,10.32112595726072,14,92,0.5054945054945055,13.142857142857142,20,4,5.436085025840128,6.571428571428571,10,6.571428571428571,12,0.2263395721719052,0.29694082908405256,0.03605647217823109,0.06843711843711843,0.1549145299145299,0.05335195319939156,0.07142857142857142,0.13422417898303385,0.038653764335013184,0.3290601638399297,0.3956043956043956,1,1,2.858695652173913,9,1.8799949221666532,263,0.18943151755651755,0.06293402726124857,0.4166666666666667,0.10714285714285714,0.30952380952380953,0.054674403610573824,0.1561810612326602,0.10941860258276485,12.166666666666666,5.688111279596947,24,0.18716712580348946,0.1913475413475414,0.004180415544051935,0.1523045002101813,0.15946122825168083,0.0003145385214968376,derrota,1,3,0.6695991617,1.74555982,-1.0759606583,visitante,Barcelona,medio,False
16248,Barcelona,756,14,14,686,0.9074074074074074,17.24887063869769,60.67124524847005,2.0,9.842616154486477,13040.146202855452,417,339,0.8129496402877698,54.0,122,35.167729963266474,14,126,0.6923076923076923,18.0,23,3,5.68205194324324,9.0,12,9.0,12,0.10857939060919386,0.14388757865342108,0.027241142998321463,0.08435592185592185,0.2054487179487179,0.07926914049626152,0.07142857142857144,0.13644776573383066,0.03713247162498123,0.32886936523546256,0.40625,1,1,6.0,39,6.124372335834629,756,0.28501239099065184,0.07782840493496296,0.45555555555555555,0.125,0.33055555555555555,0.057316017316017306,0.18673988640308545,0.07576402990742538,27.97826086956522,8.772404029897855,50,0.3063918404827496,0.2654145622895623,-0.040977278193187305,0.2012323495068882,0.17345512855793285,-0.000979308747578868,victoria,2,0,1.9246822670000001,0.5219108577,1.4027714093,local,Atlético Madrid,grande,True
16248,Atlético Madrid,423,14,14,356,0.8416075650118203,19.81199745984903,80.49844718999243,1.4142135623730951,13.87614920422039,8380.47492551614,222,201,0.9054054054054054,30.214285714285715,64,19.482451952101254,14,121,0.6648351648351648,17.285714285714285,25,5,5.215753218151053,8.642857142857142,12,8.642857142857142,13,0.1832482306955973,0.2325415232544994,0.03412644044638597,0.06935504971219257,0.15888278388278387,0.042052438838630433,0.07142857142857142,0.14673990636069967,0.043281129753435406,0.40335244870305853,0.5,1,1,3.4958677685950414,17,2.9545425648717303,423,0.22188264633916807,0.08086637127797612,0.42727272727272725,0.08333333333333333,0.34393939393939393,0.04881433381433381,0.15584997149784363,0.1266476336294245,17.869565217391305,10.97190086975143,47,0.23651824366110083,0.20958874458874457,-0.026929499072356256,0.14415499749362912,0.16567374966138382,-0.0011029049581315982,derrota,0,2,0.5219108577,1.9246822670000001,-1.4027714093,visitante,Barcelona,medio,False
16056,Barcelona,488,14,14,452,0.9262295081967213,19.71150283064902,90.57173952177357,1.280624847486568,11.813401901492254,9619.213381356722,256,232,0.90625,34.857142857142854,61,18.063380477798564,14,124,0.6813186813186813,17.714285714285715,25,11,4.199125273342592,8.857142857142858,13,8.857142857142858,13,0.1932263498734135,0.2541139372647951,0.03623113648470821,0.07604166666666666,0.19022435897435894,0.04970691418487498,0.07142857142857142,0.1367709056951207,0.030121637705105512,0.37169743263874455,0.4642857142857143,1,1,3.935483870967742,16,3.0046789734696824,488,0.22211700336700338,0.05724551338513193,0.3333333333333333,0.1111111111111111,0.2222222222222222,0.05101010101010102,0.1704515248811184,0.09497574410011535,20.333333333333332,7.790701859331604,34,0.22021677817132365,0.2237248862248862,0.003508108053562553,0.1598866867098068,0.17939100333376673,8.061274615769187e-06,derrota,3,4,4.172701369,2.0215838760000002,2.151117493,local,Real Betis,medio,True
16056,Real Betis,409,14,14,376,0.9193154034229829,20.437599202800108,73.45433955866733,0.4000000000000057,12.676505439053605,8358.978073945244,209,200,0.9569377990430622,29.214285714285715,51,15.227397229127057,14,119,0.6538461538461539,17.0,22,2,5.0849919230164815,8.5,12,8.5,11,0.2281687369360419,0.32216547484150215,0.07761038975486982,0.07222440258154546,0.16285103785103788,0.055876822014521495,0.07142857142857144,0.11757381988670769,0.031156480540800464,0.3874397065433951,0.5416666666666666,1,1,3.436974789915966,12,2.2738508242171522,409,0.21843509499759498,0.05731312763517185,0.40476190476190477,0.1,0.3047619047619048,0.05651806822019588,0.18354263707193255,0.12734576866820255,17.895833333333332,6.081851563439897,36,0.20428800996982813,0.23040570540570543,0.026117695435877303,0.15751629087181518,0.20556493001049336,0.00019461506855666664,victoria,4,3,2.0215838760000002,4.172701369,-2.151117493,visitante,Barcelona,medio,False
16289,Barcelona,623,14,14,561,0.9004815409309791,18.449175183225016,73.00684899377592,1.4142135623730951,11.716863622728733,11493.836139149185,379,244,0.6437994722955145,44.5,83,25.123540906733425,14,122,0.6703296703296703,17.428571428571427,23,4,5.394630739571202,8.714285714285714,12,8.714285714285714,11,0.17598489087666344,0.23875164490201914,0.04608403364484994,0.07912523983952557,0.13762210012210013,0.04595846436218233,0.07142857142857142,0.11928379624561185,0.03231730685149111,0.3594809000519799,0.4482758620689655,1,1,5.10655737704918,19,4.358536709344992,623,0.2637187088274045,0.0713693764167485,0.43333333333333335,0.13333333333333333,0.30000000000000004,0.04858425525092191,0.19519417712638337,0.0918031392354869,24.869565217391305,9.694462785304411,40,0.2858471074380165,0.24343434343434345,-0.042412764003673054,0.20421892535471517,0.18692149125041246,-0.0010055101475082973,victoria,1,0,1.7492327289999998,0.7343230099999999,1.0149097189999998,local,Levante UD,medio,True
16289,Levante UD,352,14,14,309,0.8778409090909091,20.926057885580907,84.17244204607586,2.0,15.612767410568928,7365.972375724479,160,192,1.2,25.142857142857142,49,14.580583204844947,14,115,0.6318681318681318,16.428571428571427,24,6,4.880197386439636,8.214285714285714,12,8.214285714285714,12,0.1914859305988859,0.2379936261315912,0.03570436673886475,0.07184829059829059,0.2288461538461538,0.051219926216560276,0.07142857142857142,0.13326389430615998,0.031875845500370995,0.4233786128530945,0.5652173913043478,1,1,3.0608695652173914,11,2.1560307996579557,352,0.2022586109542631,0.06878125133332715,0.4222222222222222,0.08333333333333333,0.3388888888888889,0.050883437550104216,0.16741299971603202,0.1127532144830819,15.543478260869565,7.026004148840001,38,0.19396687968116538,0.20922366522366523,0.015256785542499846,0.1699407948069259,0.16528965183968114,0.0005486497947182507,derrota,0,1,0.7343230099999999,1.7492327289999998,-1.0149097189999998,visitante,Barcelona,medio,False
16079,Barcelona,698,13,13,645,0.9240687679083095,18.097255086138414,81.54048074422911,2.022374841615668,10.457927743681743,12631.884050124614,461,237,0.5140997830802603,53.69230769230769,106,31.16992304392333,13,114,0.7307692307692307,17.53846153846154,23,7,4.601260439611748,8.76923076923077,12,8.76923076923077,12,0.16709503348311097,0.27090050059514803,0.044150957209532965,0.077020202020202,0.24747474747474746,0.05908611490124833,0.07692307692307694,0.1524462259628358,0.037193911508700384,0.3210253615241534,0.5454545454545454,1,1,6.12280701754386,25,5.712621223524234,698,0.2743207147462466,0.08814295022626499,0.4666666666666667,0.11818181818181818,0.3484848484848485,0.06376027354288222,0.19359880770306223,0.09625575946358526,26.617021276595743,10.018576639964472,49,0.33305785123966936,0.22263203463203463,-0.11042581660763473,0.22093225015933404,0.16954537834154304,-0.0020224859103790674,victoria,2,0,1.0838477350000002,0.8975263569999998,0.18632137800000037,local,Villarreal,medio,True
16079,Villarreal,396,14,14,370,0.9343434343434344,20.214483494424424,73.15640778496439,2.4413111231467357,12.57773139606264,8004.9354637920715,151,245,1.6225165562913908,28.285714285714285,53,15.764754122011308,14,103,0.5659340659340659,14.714285714285714,23,4,5.508805567045384,7.357142857142857,11,7.357142857142857,12,0.19698683381607038,0.2802894545025905,0.04866273259120575,0.09446188731903016,0.34436813186813187,0.09345865597058778,0.07142857142857142,0.12007777641805176,0.033720905804417445,0.3780033685419828,0.5,1,1,3.8446601941747574,12,2.782599474589958,396,0.2034632034632034,0.06937386454720251,0.4444444444444444,0.1,0.34444444444444444,0.05730639730639731,0.1771656914752849,0.11985916053772064,17.67391304347826,8.857023196502402,40,0.1825242218099361,0.22105194805194806,0.03852772624201195,0.13444247425774244,0.21305319393802055,0.00032184983618841146,derrota,0,2,0.8975263569999998,1.0838477350000002,-0.18632137800000037,visitante,Barcelona,medio,False
16149,Barcelona,635,14,14,583,0.9181102362204724,18.184844610659397,80.4114419718985,2.823118842698629,9.795915570235303,11547.376327768718,269,366,1.3605947955390334,45.357142857142854,85,24.104283509710125,14,122,0.6703296703296703,17.428571428571427,24,5,4.981598792617913,8.714285714285714,12,8.714285714285714,12,0.17409639713612685,0.2426645224993013,0.04190558985970172,0.0944793301936159,0.23624847374847377,0.06876419850294972,0.07142857142857144,0.11730701467178063,0.03346453878690854,0.37459328875551673,0.4482758620689655,1,1,5.204918032786885,25,4.33615854125754,635,0.253526142887845,0.08647159006883307,0.6666666666666666,0.125,0.5416666666666666,0.062241985068072034,0.18991950284939796,0.078644843116266,24.93617021276596,8.723791196490376,41,0.22465892693165418,0.2789292929292929,0.054270365997638736,0.18556859923347346,0.1937482980314117,0.0008280009190624367,victoria,2,0,1.906738469,1.212639442,0.694099027,visitante,Girona,medio,True
16149,Girona,348,14,14,287,0.8247126436781609,21.79614220169451,82.18911120093708,3.512833614050059,13.002382670474605,7585.057486189689,211,137,0.6492890995260664,24.857142857142858,47,14.54360627617798,14,105,0.5769230769230769,15.0,22,5,4.613644360558612,7.5,12,7.5,10,0.20094703611643894,0.28517923861192357,0.04544768724744723,0.08817373103087388,0.20749389499389495,0.056680188348382156,0.07142857142857142,0.12848471343743664,0.03441540576082113,0.41000861457379434,0.48148148148148145,1,1,3.3142857142857145,11,2.4739183714996615,348,0.193280204643841,0.052551822888938324,0.34545454545454546,0.1111111111111111,0.23434343434343435,0.041232927279438905,0.1315949431613716,0.09808843520762119,15.590909090909092,7.815661622421642,38,0.20576169861884144,0.1818840579710145,-0.023877640647826937,0.14629773079174627,0.11817065880320346,-0.0003829209582792788,derrota,0,2,1.212639442,1.906738469,-0.694099027,local,Barcelona,medio,False
16275,Barcelona,790,14,14,719,0.910126582278481,18.331978192738,80.06247560499239,1.0,10.826753857187432,14482.262772263019,459,331,0.7211328976034859,56.42857142857143,97,31.00549401865191,14,137,0.7527472527472527,19.571428571428573,24,8,4.2209390579126165,9.785714285714286,12,9.785714285714286,12,0.17026298912775029,0.24392684707623266,0.04794393968831386,0.082811137275423,0.21074481074481077,0.06927464255376126,0.07142857142857144,0.11222447707470042,0.02897320319545712,0.39288515857957973,0.52,1,1,5.766423357664234,23,5.153501784057761,790,0.3003842775581906,0.07500361328443186,0.5,0.12727272727272726,0.37272727272727274,0.05601571268237936,0.24064922016237353,0.13398130733530603,29.82608695652174,8.585011092534312,42,0.31501377410468323,0.28697390572390574,-0.02803986838077749,0.22560751680896451,0.2544374482363317,-0.00048571692200046905,victoria,2,0,2.2655810069999998,0.41362018800000006,1.8519608189999996,visitante,Deportivo Alavés,medio,True
16275,Deportivo Alavés,248,14,14,178,0.717741935483871,23.53683537406862,97.83659846908007,1.4142135623730951,17.73150063892788,5837.135172769018,105,143,1.361904761904762,17.714285714285715,35,9.722523979269607,14,108,0.5934065934065934,15.428571428571429,22,9,4.321280989215478,7.714285714285714,12,7.714285714285714,11,0.1927955459009098,0.27765498399221933,0.034486709801059945,0.06340048840048838,0.1183048433048433,0.02940663845983431,0.07142857142857142,0.1426650261893003,0.03691040212186414,0.4905634753901561,0.6190476190476191,1,1,2.2962962962962963,9,1.6513701340450337,248,0.21157087593257806,0.08260262103543153,0.5,0.09722222222222222,0.4027777777777778,0.061946326620239654,0.17703676466245993,0.12940447103087346,11.25531914893617,4.488962720826848,21,0.18175587039223406,0.23780808080808083,0.056052210415846765,0.1535653041669186,0.19769164989853624,0.0006044049421130819,derrota,0,2,0.41362018800000006,2.2655810069999998,-1.8519608189999996,local,Barcelona,medio,False
15973,Barcelona,673,14,14,636,0.9450222882615156,18.655507364028832,70.81200463198313,1.3038404810405324,10.316683226488616,12555.156455991404,360,313,0.8694444444444445,48.07142857142857,86,24.42402438241837,14,140,0.7692307692307693,20.0,24,13,3.5050983275386565,10.0,12,10.0,12,0.13659260532149872,0.20609895328629546,0.035607435466172656,0.06580433455433456,0.2158119658119658,0.05837472401184358,0.07142857142857142,0.13208661341462466,0.03284902756277058,0.44467313855384444,0.5909090909090909,1,1,4.807142857142857,23,4.713046373891199,673,0.26978480456741327,0.06497161097785822,0.4222222222222222,0.1111111111111111,0.3111111111111111,0.06906846240179573,0.20222431618159015,0.09367120806509124,26.891304347826086,7.939292610161087,42,0.28213957759412306,0.25845959595959594,-0.023679981634527114,0.1955141669863113,0.20837528627726246,-0.0001415792211351877,victoria,8,2,4.513569743,1.264742864,3.2488268789999997,local,Huesca,medio,True
15973,Huesca,288,14,14,257,0.8923611111111112,20.051471064522403,69.15562160808042,2.731300056749533,12.921447253221285,5774.823666582452,141,147,1.0425531914893618,20.571428571428573,40,12.100313318984034,14,110,0.6043956043956044,15.714285714285714,23,7,5.076958755404817,7.857142857142857,12,7.857142857142857,12,0.16312180988095015,0.20982561250513004,0.027392362347854086,0.06830248124890981,0.15014205879590495,0.04317629767323479,0.07142857142857142,0.14626219036105628,0.039030446048194126,0.5107041975098227,0.6190476190476191,1,1,2.618181818181818,10,2.0975388962990897,288,0.19598925765592437,0.06076217799670125,0.3333333333333333,0.10714285714285714,0.22619047619047616,0.049385084612357334,0.14394251811804895,0.13377093877590387,13.422222222222222,6.743646467362273,30,0.19908609908609906,0.19327952140452143,-0.005806577681577635,0.12591166724893177,0.1597195126285265,5.387391153680955e-05,derrota,2,8,1.264742864,4.513569743,-3.2488268789999997,visitante,Barcelona,medio,False
16317,Barcelona,638,14,14,567,0.8887147335423198,18.568145207408385,73.16419889536138,2.0,11.680391968132456,11846.47664232655,328,310,0.9451219512195121,45.57142857142857,78,22.520808448783832,14,130,0.7142857142857143,18.571428571428573,24,11,4.16986271980755,9.285714285714286,12,9.285714285714286,13,0.1639539421573967,0.19179328610930127,0.027469589439402645,0.09458943833943834,0.25235042735042734,0.08020569723704521,0.07142857142857142,0.11454059032610894,0.02704495671166025,0.38733394073801664,0.48148148148148145,1,1,4.907692307692308,20,3.93885214409195,638,0.2789596273291925,0.09017767564063102,0.6666666666666666,0.125,0.5416666666666666,0.06454545454545452,0.2612115375050231,0.14520742811077014,26.717391304347824,9.488385984930936,43,0.27486881805063623,0.28270953583453584,0.007840717783899609,0.25291931306596793,0.26881274324082366,-4.579738622289718e-06,empate,2,2,0.7572143847999999,1.477804292,-0.7205899072000002,visitante,Eibar,medio,True
16317,Eibar,421,14,14,316,0.7505938242280285,25.4301050753347,88.25531145489205,1.4142135623730951,17.976731469423566,10706.07423671591,223,198,0.8878923766816144,30.071428571428573,55,17.89913743394136,14,117,0.6428571428571429,16.714285714285715,23,7,4.164965639175215,8.357142857142858,12,8.357142857142858,13,0.18849049468323922,0.24429117554682306,0.0483149786117673,0.07782719925577068,0.17754629629629629,0.06172542489414256,0.07142857142857142,0.14891099812618472,0.03298021586038595,0.392008594098589,0.5,1,1,3.5982905982905984,14,2.785983933847286,421,0.21546697982868196,0.045916106373447674,0.3333333333333333,0.13333333333333333,0.19999999999999998,0.048626011669489926,0.194268501383382,0.10263228153046507,19.170212765957448,6.627738642928215,32,0.2152318640955004,0.2156738816738817,0.00044201757838130407,0.20940723559900964,0.18094641527362973,-0.00014280257978222885,empate,2,2,1.477804292,0.7572143847999999,0.7205899072000002,local,Barcelona,medio,False
16131,Barcelona,630,14,14,551,0.8746031746031746,19.859288878435148,69.38969664150436,3.6000000000000014,11.63916463595641,12511.351993414144,350,280,0.8,45.0,73,22.99832769840183,14,122,0.6703296703296703,17.428571428571427,23,5,4.370588154508101,8.714285714285714,12,8.714285714285714,12,0.15375341406519533,0.22786239478043901,0.04563784371419798,0.08701159951159951,0.28525641025641024,0.08338438562413013,0.07142857142857142,0.11823099096015394,0.028250262976067714,0.3766714297209405,0.52,1,1,5.163934426229508,22,4.283710387529095,630,0.2454270970575318,0.05254392496657404,0.36363636363636365,0.125,0.23863636363636365,0.0457070707070707,0.19875630979323236,0.1030034642742821,25.67391304347826,6.16460991944642,40,0.2645546372819099,0.2278935185185185,-0.036661118763391426,0.19763262093980385,0.1997863579088753,-0.0008027935849397451,victoria,3,0,1.16775373,0.9653471839999999,0.2024065460000002,local,Eibar,medio,True
16131,Eibar,429,14,14,357,0.8321678321678322,22.697359916845922,82.24268964473377,3.700000000000003,15.20104036446773,9737.167404326901,213,216,1.0140845070422535,30.642857142857142,68,19.225812548026887,14,115,0.6318681318681318,16.428571428571427,22,6,4.746642207381757,8.214285714285714,12,8.214285714285714,11,0.10854657243359189,0.1344369775072941,0.016022891443932808,0.08532618175475318,0.3018925518925518,0.07261358293125118,0.07142857142857142,0.1371789580424542,0.03848165197746205,0.4353046313733719,0.5909090909090909,1,1,3.7304347826086954,22,3.316157386338001,429,0.21148567744312421,0.051439275647780294,0.375,0.12727272727272726,0.24772727272727274,0.041404730535165316,0.1715134387488258,0.09828386558111925,19.29787234042553,5.977911855929443,32,0.20934671389216844,0.21336796536796537,0.004021251475796933,0.17608704116770224,0.16748866862021458,-0.00010596416123705653,derrota,0,3,0.9653471839999999,1.16775373,-0.2024065460000002,visitante,Barcelona,medio,False
16205,Barcelona,730,14,14,657,0.9,18.07577129889654,67.36467917239716,3.0,10.139529939043612,13195.313048194475,330,400,1.2121212121212122,52.142857142857146,95,29.492781757985732,14,135,0.7417582417582418,19.285714285714285,25,7,4.494895063586364,9.642857142857142,13,9.642857142857142,12,0.16268537156217505,0.24842995229372514,0.043464968930004726,0.08674450549450549,0.20277777777777775,0.0685588129563359,0.07142857142857142,0.11887941824518078,0.03264465061947218,0.3832210592418348,0.4642857142857143,1,1,5.407407407407407,27,5.063004957966125,730,0.2930359495576887,0.07481205650906114,0.4888888888888889,0.14285714285714285,0.346031746031746,0.05349366682700017,0.21703042004978865,0.0777096902880703,27.891304347826086,7.584276896227309,44,0.2849681883772793,0.3004313973063973,0.01546320892911801,0.22102734033783766,0.21336657645241042,-0.00016860157008168265,victoria,3,1,2.619028352,0.3626478485,2.2563805035,local,Rayo Vallecano,medio,True
16205,Rayo Vallecano,333,13,13,271,0.8138138138138138,20.492232720070742,75.18643494673756,1.0,15.641481821188355,6823.913495783557,165,168,1.018181818181818,25.615384615384617,42,10.905185781227065,13,105,0.6730769230769231,16.153846153846153,22,4,4.486666637359288,8.076923076923077,12,8.076923076923077,10,0.16143622331597846,0.23579296873976224,0.036183943609391915,0.07748640248640247,0.2633838383838384,0.08756527069470789,0.07692307692307691,0.1293275654154547,0.035385416288791605,0.4325509635386372,0.6,1,1,3.1714285714285713,14,2.344018295301358,333,0.20173480840147506,0.06572642244455722,0.4166666666666667,0.08888888888888889,0.3277777777777778,0.055811360356814894,0.17616208609683826,0.15035740686033727,15.311111111111112,6.888139418338209,33,0.1986789665361094,0.20440867003367003,0.005729703497560634,0.19914814951381332,0.15604928060698509,0.00027167734183544575,derrota,1,3,0.3626478485,2.619028352,-2.2563805035,visitante,Barcelona,medio,False
16095,Barcelona,498,14,14,492,0.9879518072289156,18.10957770801348,73.66987172514963,3.799999999999997,10.26862358049505,9018.569698590713,252,246,0.9761904761904762,35.57142857142857,62,17.588082878490745,14,122,0.6703296703296703,17.428571428571427,23,8,4.562491263620375,8.714285714285714,12,8.714285714285714,12,0.16971687833889645,0.2264410153322144,0.03120843522424463,0.07739621489621488,0.16452991452991453,0.053559639046561344,0.07142857142857144,0.11228496850828197,0.02846449194359394,0.357899421640576,0.48148148148148145,1,1,4.081967213114754,16,2.8703977103040033,498,0.24125220458553795,0.058494630451346646,0.35555555555555557,0.09722222222222222,0.25833333333333336,0.04421077659714023,0.18800033410344155,0.09700191571201562,22.22222222222222,8.615231988880057,36,0.24690738554374916,0.23584290106029235,-0.011064484483456816,0.19753281116560314,0.1788823125657217,-0.00019499531357238957,victoria,5,0,2.9769174072,1.164957094,1.8119603132000002,visitante,Levante UD,medio,True
16095,Levante UD,391,14,14,338,0.8644501278772379,19.534790586843325,89.44076251911095,2.236067977499789,13.04829835459618,7638.10311945574,187,204,1.0909090909090908,27.928571428571427,64,17.648117292109205,14,114,0.6263736263736264,16.285714285714285,23,10,4.182080333801271,8.142857142857142,12,8.142857142857142,12,0.127562016200959,0.21325434159458764,0.034302283275755255,0.07094017094017094,0.16249999999999998,0.056116366726575294,0.07142857142857144,0.1385112437921647,0.037258282611841054,0.4305304966035748,0.5416666666666666,1,1,3.4298245614035086,18,2.8775272591438705,391,0.21654903067946538,0.059849401001350486,0.4583333333333333,0.07777777777777778,0.38055555555555554,0.05086259419592753,0.16610051265632328,0.08986406381363136,17.282608695652176,5.920446843039471,33,0.2016873278236915,0.2301722582972583,0.02848493047356679,0.14373680508957426,0.1866005779258432,0.0002872453890030204,derrota,0,5,1.164957094,2.9769174072,-1.8119603132000002,local,Barcelona,medio,False
16306,Barcelona,899,14,14,829,0.9221357063403782,18.39289348361514,76.69419795525604,2.8284271247461903,11.180420609811753,16535.211241770012,533,366,0.6866791744840526,64.21428571428571,110,33.3401549796328,14,134,0.7362637362637363,19.142857142857142,24,11,4.033026918140886,9.571428571428571,13,9.571428571428571,12,0.1379075826712172,0.20970642132317946,0.03766673770367256,0.06748321123321123,0.19775641025641025,0.05937704828131474,0.07142857142857142,0.10729244456467567,0.029210224219693992,0.28249364177358854,0.37142857142857144,1,1,6.708955223880597,32,6.347904374927129,899,0.29659896840747907,0.07305112612598973,0.41818181818181815,0.1388888888888889,0.27929292929292926,0.04240228370663153,0.2127515238845055,0.08262312042929744,31.48936170212766,9.219243438792512,46,0.33310376492194677,0.2644747474747475,-0.06862901744719929,0.2344901685222671,0.1936215166032752,-0.0015293137199936476,victoria,2,0,2.040483553,0.9995465319999999,1.0409370210000002,local,Getafe,medio,True
16306,Getafe,233,14,14,154,0.6609442060085837,23.03284536470721,91.0,2.0,17.89043666904074,5366.65296997678,83,150,1.8072289156626506,16.642857142857142,34,8.307615994765497,14,96,0.5274725274725275,13.714285714285714,23,5,4.147780325987993,6.857142857142857,13,6.857142857142857,10,0.20891361390719038,0.27060569318261357,0.038639628266348015,0.07690563404849118,0.15885225885225884,0.05006665780967559,0.07142857142857142,0.18610784151947599,0.04901047510266192,0.4519273437408892,0.6842105263157895,1,1,2.4270833333333335,12,1.835669676091595,233,0.1878097747662965,0.07491774959795991,0.45,0.1,0.35,0.048940195606862275,0.11738873696441489,0.1423773512203761,10.326086956521738,4.492236996944282,23,0.2130007558578987,0.16664935064935066,-0.04635140520854805,0.15360164803070586,0.0869698916687305,-0.0009357282066690172,derrota,0,2,0.9995465319999999,2.040483553,-1.0409370210000002,visitante,Barcelona,medio,False
16010,Barcelona,657,14,14,587,0.893455098934551,17.874833377828903,65.91760007767273,2.6419689627245875,10.093858155552768,11743.76552923359,335,322,0.9611940298507463,46.92857142857143,91,23.335230168844856,14,138,0.7582417582417582,19.714285714285715,25,9,4.043134770881402,9.857142857142858,13,9.857142857142858,13,0.1796671481749322,0.2798467021229805,0.038788213855402306,0.07466422466422465,0.1967948717948718,0.056619408226131714,0.07142857142857142,0.12919119010429508,0.028531525128064467,0.40945456351310855,0.52,1,1,4.760869565217392,20,4.155587033342272,657,0.2803828559147708,0.07276575018693725,0.4166666666666667,0.10714285714285714,0.30952380952380953,0.056545266327875036,0.23997646529107575,0.10745635252221902,27.27659574468085,9.50446606157514,44,0.274791748655385,0.28530303030303034,0.01051128164764531,0.21820845880456027,0.2591323109992093,0.0007853599594464521,empate,1,1,2.7532440959999995,0.48522814999999997,2.2680159459999993,local,Athletic Club,medio,True
16010,Athletic Club,240,14,14,186,0.775,20.61237321521621,72.60371891301436,3.5902646142032477,14.613877869336632,4946.96957165189,139,101,0.7266187050359713,17.142857142857142,34,8.601047725598434,14,103,0.5659340659340659,14.714285714285714,21,6,4.216101303821059,7.357142857142857,12,7.357142857142857,11,0.13228966498296377,0.16143555571460014,0.017278975459843887,0.07244352869352869,0.2561965811965812,0.06467214220369297,0.07142857142857142,0.1274744485783098,0.03860583870660627,0.4754066558484884,0.5652173913043478,1,1,2.3300970873786406,12,1.9024172131028365,240,0.18469434605798238,0.05425471352204652,0.3333333333333333,0.09090909090909091,0.2424242424242424,0.04767441860465116,0.12197874059950392,0.14212591607537958,11.704545454545455,5.963374826678869,28,0.19891946677660965,0.1717061923583663,-0.027213274418243366,0.10233013848007515,0.13991876862159108,-0.00035109566169340515,empate,1,1,0.48522814999999997,2.7532440959999995,-2.2680159459999993,visitante,Barcelona,medio,False
15986,Barcelona,731,14,14,696,0.9521203830369357,17.454905422760934,78.69243928103893,2.7294688127912234,9.888416376313806,12759.535864038244,406,325,0.8004926108374384,52.214285714285715,110,32.81223639349896,14,128,0.7032967032967034,18.285714285714285,25,12,4.266624149448022,9.142857142857142,13,9.142857142857142,13,0.13597016624479993,0.17853702219049788,0.027887175546471722,0.07975427350427348,0.3231837606837607,0.07751396550014375,0.07142857142857142,0.12941477820593894,0.0365482150941059,0.35099520513484644,0.5416666666666666,1,1,5.7109375,28,5.347534980820018,731,0.3144031500414479,0.06683716615648941,0.4722222222222222,0.19642857142857142,0.2757936507936508,0.06626199887069452,0.23611855377329788,0.10477289387774585,26.595744680851062,8.906908833982374,45,0.3198921028466483,0.3095728715728716,-0.010319231273776708,0.2212687047937585,0.2491864208752925,-0.00021472322004236987,empate,2,2,1.502485224,1.069202315,0.4332829089999999,local,Girona,medio,True
15986,Girona,351,13,14,299,0.8518518518518519,21.528432709334812,82.13756753155039,2.745906043549185,14.27479410539077,7556.479880976519,191,160,0.837696335078534,27.0,43,11.247221879201993,14,111,0.6098901098901099,15.857142857142858,21,1,5.1941882750565265,7.928571428571429,11,7.928571428571429,12,0.21533491007718847,0.31504801571552343,0.07182476049950899,0.07319575266003837,0.21153846153846154,0.06841902528186564,0.07142857142857142,0.12348705496013762,0.03389834836797667,0.423029950488086,0.582995951417004,1,1,3.1621621621621623,13,2.433032958903113,351,0.19867885201218535,0.05209533476612497,0.34545454545454546,0.11818181818181818,0.2272727272727273,0.04457316673225764,0.1478023132709479,0.09749943970346936,15.866666666666667,8.737588600149044,44,0.20229076479076477,0.19522397891963109,-0.007066785871133685,0.143214758970847,0.1521904086884357,2.706340651004734e-05,empate,2,2,1.069202315,1.502485224,-0.4332829089999999,visitante,Barcelona,medio,False
16240,Barcelona,705,14,14,636,0.902127659574468,19.405724653659263,68.6804193347711,2.23606797749979,11.448413491701228,13681.03588082978,324,381,1.1759259259259258,50.357142857142854,88,24.774699075583428,14,133,0.7307692307692307,19.0,24,11,3.760699023168052,9.5,12,9.5,13,0.14501121958808974,0.2102670784154971,0.03536443331080732,0.0820054945054945,0.20779914529914528,0.06402393572967138,0.07142857142857142,0.11937463698669298,0.02821620728217888,0.3274256139012672,0.4482758620689655,1,1,5.3007518796992485,24,4.648526264006489,705,0.26082404593042885,0.06711517374912825,0.43333333333333335,0.14444444444444443,0.2888888888888889,0.05797728841207102,0.18907335236290512,0.09512609070356799,26.382978723404257,8.360240249016567,43,0.2406795224977044,0.2785512265512266,0.03787170405352219,0.18290798071721784,0.19449887941110988,0.00013837245856209804,empate,4,4,2.2952025089999997,2.572822366,-0.27761985700000036,visitante,Villarreal,medio,True
16240,Villarreal,312,13,13,281,0.9006410256410257,21.010682346814882,81.02468759581859,0.0,14.315123983953905,6555.332892206243,217,95,0.4377880184331797,24.0,53,13.668699035875116,13,95,0.6089743589743589,14.615384615384615,22,3,4.731863538224523,7.3076923076923075,11,7.3076923076923075,11,0.17880574704540045,0.21480100004112898,0.03134386070917195,0.08660380024016388,0.20792011019283743,0.06061077829101682,0.07692307692307696,0.15599659095330518,0.035328739900883026,0.40783314267910487,0.5217391304347826,1,1,3.2842105263157895,12,2.460907654097256,312,0.18388888888888885,0.05611208937969926,0.3333333333333333,0.09722222222222222,0.2361111111111111,0.04100583759674669,0.16394433131359168,0.15571753339922104,14.28888888888889,7.738986961606746,35,0.204491341991342,0.16418219461697725,-0.04030914737436475,0.22666161391014297,0.10395388709080348,-0.00037421915683930995,empate,4,4,2.572822366,2.2952025089999997,0.27761985700000036,local,Barcelona,medio,False
16023,Barcelona,969,13,13,935,0.9649122807017544,16.460194050552072,70.50397151934068,3.0413812651491003,8.711250055695697,15949.928034984958,464,505,1.0883620689655173,74.53846153846153,142,45.76318641407339,13,112,0.717948717948718,17.23076923076923,23,9,4.64350408393433,8.615384615384615,12,8.615384615384615,11,0.1402136426603345,0.2426879188456935,0.05030344859118506,0.10430426055426055,0.26776094276094276,0.06904836977266406,0.07692307692307694,0.13511983404703368,0.039292283788388234,0.3268786861985881,0.375,1,1,8.651785714285714,37,8.858722317407786,969,0.3323120089786757,0.045624426053302226,0.45555555555555555,0.23333333333333334,0.2222222222222222,0.04573002754820938,0.23658589823547088,0.05813653660480936,35.24444444444445,5.835454159919796,45,0.3355459355459356,0.32948232323232324,-0.006063612313612354,0.22433944333580802,0.24730154627267584,-8.630441436765734e-05,empate,1,1,0.3969471124999999,1.376319467,-0.9793723545000002,visitante,Valencia,medio,True
16023,Valencia,309,14,14,260,0.8414239482200647,21.415102449252068,86.00430221797046,3.301514803843837,15.360840181190943,6617.266656818889,155,154,0.9935483870967742,22.071428571428573,48,12.400150654880619,14,105,0.5769230769230769,15.0,22,6,4.035556254807296,7.5,13,7.5,12,0.11482874637783347,0.17554875620653893,0.024623008654850877,0.07659493284493282,0.13675213675213674,0.03981803687392474,0.07142857142857141,0.14407004102110377,0.04063859169425163,0.41924175149680404,0.5652173913043478,1,1,2.942857142857143,16,2.3455269341108527,309,0.1944340227673561,0.05494802618541935,0.4166666666666667,0.12222222222222222,0.29444444444444445,0.04773711137347501,0.15908093229369566,0.12897817106393347,14.577777777777778,6.15514894912045,27,0.19215531942804673,0.19661365204843467,0.004458332620387945,0.164705842916568,0.15370058300225253,0.00014737531535950472,empate,1,1,1.376319467,0.3969471124999999,0.9793723545000002,local,Barcelona,medio,False
16196,Barcelona,531,14,13,459,0.864406779661017,18.58819563457731,100.68763578513501,0.0,13.768253064665226,9870.331881960552,262,269,1.0267175572519085,37.92857142857143,63,18.88615400728304,14,119,0.6538461538461539,17.0,22,1,5.490251100164468,8.5,12,8.5,12,0.1755169642831041,0.2609200132794784,0.06180975389183895,0.07699175824175822,0.24690170940170933,0.07194991425424895,0.07142857142857141,0.14990359245612214,0.03816600650690443,0.34659592817612056,0.4482758620689655,1,1,4.46218487394958,16,3.580502560768581,531,0.23450615578275158,0.06148077689327741,0.34545454545454546,0.10909090909090909,0.2363636363636364,0.04074283204717987,0.20048572410471655,0.0907080281918285,22.51063829787234,7.572468268053376,38,0.24427226813590452,0.22591197691197692,-0.0183602912239276,0.19492026388307584,0.20538332909976034,-0.0008101678039814047,victoria,1,0,1.2611960085,1.0888610150000002,0.1723349934999998,visitante,Real Madrid,grande,True
16196,Real Madrid,511,14,14,424,0.8297455968688845,19.246270623452908,87.82368700982668,1.0,13.28561991899983,9834.844288584436,253,258,1.0197628458498025,36.5,60,15.189824529294906,14,137,0.7527472527472527,19.571428571428573,25,13,3.519624284215691,9.785714285714286,13,9.785714285714286,12,0.23653256960374874,0.3290924347320128,0.034820639510440385,0.06345172684458399,0.17187118437118434,0.050880088181062266,0.07142857142857142,0.10923431333177927,0.026511909209206323,0.40972575529890554,0.5416666666666666,1,1,3.72992700729927,20,3.0338808218826583,511,0.2153948297565319,0.06741805905227019,0.37272727272727274,0.11818181818181818,0.2545454545454546,0.039525691699604744,0.18075822329591096,0.10740255928400473,21.595744680851062,8.674449173010016,43,0.2064279155188246,0.22328571428571428,0.01685779876688967,0.18471260811714832,0.17727836465322214,3.331976765140542e-05,derrota,0,1,1.0888610150000002,1.2611960085,-0.1723349934999998,local,Barcelona,medio,False
15956,Barcelona,557,14,14,525,0.9425493716337523,18.51148667913494,86.88900966175183,2.0880613017821106,11.419823539393514,10310.898080278163,346,211,0.6098265895953757,39.785714285714285,81,27.31913550673163,14,107,0.5879120879120879,15.285714285714286,22,2,6.226998490772391,7.642857142857143,11,7.642857142857143,11,0.10641556583729828,0.14648223832267235,0.03322805872420408,0.08974358974358974,0.3504273504273504,0.09817606269338358,0.07142857142857142,0.12893381591137,0.03995252962484994,0.3433267902005092,0.40625,1,1,5.205607476635514,30,5.41499875778933,557,0.22459340428090427,0.05459051183110653,0.3333333333333333,0.11904761904761904,0.21428571428571427,0.041590678824721374,0.16255065990505446,0.10192728079869516,20.9375,7.899383897333184,35,0.2526711924439197,0.2008352758352758,-0.05183591660864392,0.1983148686198331,0.1322886371463956,-0.001206096500956464,victoria,1,0,0.7582223709999999,0.33820088000000004,0.42002149099999986,visitante,Real Valladolid,medio,True
15956,Real Valladolid,356,14,14,272,0.7640449438202247,23.239840712632073,81.0698464288665,1.552417469626002,16.653565375561858,8273.383293697018,134,222,1.6567164179104477,25.428571428571427,53,14.632494322906473,14,119,0.6538461538461539,17.0,22,5,4.292851200376205,8.5,11,8.5,12,0.15607530389934232,0.21409059229054758,0.03460188123294419,0.06156898656898656,0.16020299145299144,0.04785116371599483,0.07142857142857142,0.13634261509224332,0.03177402973879744,0.4523302118407792,0.6190476190476191,1,1,2.991596638655462,13,2.451190067061845,356,0.19552592797273644,0.05512182698852516,0.3333333333333333,0.1,0.2333333333333333,0.0462027103331451,0.15957875680013808,0.1264952072113714,16.361702127659573,7.03848282785707,31,0.1866780045351474,0.20267232767232768,0.015994323137180272,0.1678224401566021,0.15292039716607103,0.0007551729799648394,derrota,0,1,0.33820088000000004,0.7582223709999999,-0.42002149099999986,local,Barcelona,medio,False
16231,Barcelona,719,14,14,628,0.8734353268428373,17.786135108072436,82.29823813423954,0.0,11.591274759953372,12788.23114270408,369,350,0.948509485094851,51.357142857142854,114,29.676738217142248,14,132,0.7252747252747253,18.857142857142858,25,10,4.672979209656036,9.428571428571429,12,9.428571428571429,13,0.13305902186237412,0.1938501634937248,0.027566725182056166,0.0833028083028083,0.19230769230769226,0.06412864724952957,0.07142857142857141,0.1499135545120958,0.03650504099919411,0.3644868576835841,0.48148148148148145,1,1,5.446969696969697,35,5.422057076283472,719,0.27065120869468695,0.05983415282529023,0.3888888888888889,0.125,0.2638888888888889,0.039104907438240764,0.1853785650545821,0.07882226176495527,27.02173913043478,7.903555122530571,42,0.2903728846910665,0.2525730056980057,-0.037799878993060754,0.20406949520126802,0.16824521242011994,-0.0008183294803368715,victoria,2,0,1.059880911,0.179885682,0.879995229,local,Espanyol,medio,True
16231,Espanyol,309,14,14,241,0.7799352750809061,21.110073044465626,82.03657720797473,2.0,16.249248550229094,6523.012570739878,144,165,1.1458333333333333,22.071428571428573,41,11.565627361442019,14,113,0.6208791208791209,16.142857142857142,23,8,4.172309104717209,8.071428571428571,11,8.071428571428571,12,0.18343475940757278,0.2905231847104197,0.0486804792992275,0.07021520146520145,0.19967948717948714,0.057951783013096496,0.07142857142857144,0.12288902208614033,0.031004723303795254,0.46864290559882277,0.5909090909090909,1,1,2.734513274336283,11,2.035167358972557,309,0.18318519541923795,0.04346128793976413,0.3333333333333333,0.1111111111111111,0.2222222222222222,0.04040560888386975,0.15624433479200647,0.12864875032019998,13.829787234042554,5.494341551467412,26,0.1882575757575758,0.17872150072150073,-0.009536075036075065,0.13221483502242803,0.17739029458923553,-0.000294323571381851,derrota,0,2,0.179885682,1.059880911,-0.879995229,visitante,Barcelona,medio,False
