id,isResult,h,a,goals,xG,datetime,forecast,season
9957,True,"{'id': '223', 'title': 'Girona', 'short_title': 'GIR'}","{'id': '231', 'title': 'Real Valladolid', 'short_title': 'VAL'}","{'h': '0', 'a': '0'}","{'h': '0.626716', 'a': '0.030934'}",2018-08-17 21:15:00,"{'w': '0.4708', 'd': '0.5147', 'l': '0.0145'}",2018
9958,True,"{'id': '153', 'title': 'Real Betis', 'short_title': 'BET'}","{'id': '151', 'title': 'Levante', 'short_title': 'LEV'}","{'h': '0', 'a': '3'}","{'h': '1.00338', 'a': '2.67481'}",2018-08-17 23:15:00,"{'w': '0.0628', 'd': '0.1268', 'l': '0.8104'}",2018
9959,True,"{'id': '152', 'title': 'Celta Vigo', 'short_title': 'CEL'}","{'id': '141', 'title': 'Espanyol', 'short_title': 'ESP'}","{'h': '1', 'a': '1'}","{'h': '0.428686', 'a': '0.647286'}",2018-08-18 19:15:00,"{'w': '0.2028', 'd': '0.4356', 'l': '0.3616'}",2018
9960,True,"{'id': '154', 'title': 'Villarreal', 'short_title': 'VIL'}","{'id': '140', 'title': 'Real Sociedad', 'short_title': 'SOC'}","{'h': '1', 'a': '2'}","{'h': '1.39716', 'a': '0.410646'}",2018-08-18 21:15:00,"{'w': '0.6536', 'd': '0.2547', 'l': '0.0917'}",2018
9961,True,"{'id': '148', 'title': 'Barcelona', 'short_title': 'BAR'}","{'id': '158', 'title': 'Alaves', 'short_title': 'ALA'}","{'h': '3', 'a': '0'}","{'h': '3.26753', 'a': '0.248353'}",2018-08-18 23:15:00,"{'w': '0.9538', 'd': '0.0395', 'l': '0.0067'}",2018
9962,True,"{'id': '156', 'title': 'Eibar', 'short_title': 'EIB'}","{'id': '232', 'title': 'SD Huesca', 'short_title': 'HUE'}","{'h': '1', 'a': '2'}","{'h': '1.49776', 'a': '1.51617'}",2018-08-19 19:15:00,"{'w': '0.3464', 'd': '0.2743', 'l': '0.3793'}",2018
9963,True,"{'id': '145', 'title': 'Rayo Vallecano', 'short_title': 'RVL'}","{'id': '138', 'title': 'Sevilla', 'short_title': 'SEV'}","{'h': '1', 'a': '4'}","{'h': '2.39239', 'a': '3.34997'}",2018-08-19 21:15:00,"{'w': '0.2054', 'd': '0.2004', 'l': '0.5942'}",2018
9964,True,"{'id': '150', 'title': 'Real Madrid', 'short_title': 'RMA'}","{'id': '142', 'title': 'Getafe', 'short_title': 'GET'}","{'h': '2', 'a': '0'}","{'h': '1.16219', 'a': '0.188446'}",2018-08-19 23:15:00,"{'w': '0.6773', 'd': '0.2766', 'l': '0.0461'}",2018
9965,True,"{'id': '146', 'title': 'Valencia', 'short_title': 'VAL'}","{'id': '143', 'title': 'Atletico Madrid', 'short_title': 'ATL'}","{'h': '1', 'a': '1'}","{'h': '1.07885', 'a': '0.979952'}",2018-08-20 21:00:00,"{'w': '0.3654', 'd': '0.3258', 'l': '0.3088'}",2018
9966,True,"{'id': '147', 'title': 'Athletic Club', 'short_title': 'ATH'}","{'id': '159', 'title': 'Leganes', 'short_title': 'LEG'}","{'h': '2', 'a': '1'}","{'h': '2.45697', 'a': '1.14522'}",2018-08-20 23:00:00,"{'w': '0.7016', 'd': '0.1829', 'l': '0.1155'}",2018
9967,True,"{'id': '142', 'title': 'Getafe', 'short_title': 'GET'}","{'id': '156', 'title': 'Eibar', 'short_title': 'EIB'}","{'h': '2', 'a': '0'}","{'h': '1.74287', 'a': '0.529404'}",2018-08-24 21:15:00,"{'w': '0.7778', 'd': '0.1694', 'l': '0.0528'}",2018
9968,True,"{'id': '159', 'title': 'Leganes', 'short_title': 'LEG'}","{'id': '140', 'title': 'Real Sociedad', 'short_title': 'SOC'}","{'h': '2', 'a': '2'}","{'h': '1.67636', 'a': '1.69572'}",2018-08-24 23:15:00,"{'w': '0.333', 'd': '0.2849', 'l': '0.3821'}",2018
9969,True,"{'id': '158', 'title': 'Alaves', 'short_title': 'ALA'}","{'id': '153', 'title': 'Real Betis', 'short_title': 'BET'}","{'h': '0', 'a': '0'}","{'h': '0.580983', 'a': '1.5812'}",2018-08-25 19:15:00,"{'w': '0.1037', 'd': '0.2311', 'l': '0.6652'}",2018
9970,True,"{'id': '143', 'title': 'Atletico Madrid', 'short_title': 'ATL'}","{'id': '145', 'title': 'Rayo Vallecano', 'short_title': 'RVL'}","{'h': '1', 'a': '0'}","{'h': '0.976216', 'a': '1.48336'}",2018-08-25 21:15:00,"{'w': '0.1843', 'd': '0.3283', 'l': '0.4874'}",2018
9971,True,"{'id': '231', 'title': 'Real Valladolid', 'short_title': 'VAL'}","{'id': '148', 'title': 'Barcelona', 'short_title': 'BAR'}","{'h': '0', 'a': '1'}","{'h': '0.510742', 'a': '1.20392'}",2018-08-25 23:15:00,"{'w': '0.1335', 'd': '0.3065', 'l': '0.56'}",2018
9972,True,"{'id': '141', 'title': 'Espanyol', 'short_title': 'ESP'}","{'id': '146', 'title': 'Valencia', 'short_title': 'VAL'}","{'h': '2', 'a': '0'}","{'h': '1.50101', 'a': '1.0368'}",2018-08-26 19:15:00,"{'w': '0.4814', 'd': '0.2788', 'l': '0.2398'}",2018
9973,True,"{'id': '138', 'title': 'Sevilla', 'short_title': 'SEV'}","{'id': '154', 'title': 'Villarreal', 'short_title': 'VIL'}","{'h': '0', 'a': '0'}","{'h': '1.97161', 'a': '0.671429'}",2018-08-26 21:15:00,"{'w': '0.7155', 'd': '0.1866', 'l': '0.0979'}",2018
9974,True,"{'id': '223', 'title': 'Girona', 'short_title': 'GIR'}","{'id': '150', 'title': 'Real Madrid', 'short_title': 'RMA'}","{'h': '1', 'a': '4'}","{'h': '0.502361', 'a': '4.09404'}",2018-08-26 23:15:00,"{'w': '0.0054', 'd': '0.019', 'l': '0.9756'}",2018
9975,True,"{'id': '151', 'title': 'Levante', 'short_title': 'LEV'}","{'id': '152', 'title': 'Celta Vigo', 'short_title': 'CEL'}","{'h': '1', 'a': '2'}","{'h': '1.84058', 'a': '2.61735'}",2018-08-27 21:15:00,"{'w': '0.2195', 'd': '0.2221', 'l': '0.5584'}",2018
9976,True,"{'id': '147', 'title': 'Athletic Club', 'short_title': 'ATH'}","{'id': '232', 'title': 'SD Huesca', 'short_title': 'HUE'}","{'h': '2', 'a': '2'}","{'h': '0.852349', 'a': '0.217866'}",2018-08-27 23:00:00,"{'w': '0.5164', 'd': '0.3972', 'l': '0.0864'}",2018
9977,True,"{'id': '142', 'title': 'Getafe', 'short_title': 'GET'}","{'id': '231', 'title': 'Real Valladolid', 'short_title': 'VAL'}","{'h': '0', 'a': '0'}","{'h': '1.0807', 'a': '1.09505'}",2018-08-31 21:00:00,"{'w': '0.2664', 'd': '0.425', 'l': '0.3086'}",2018
9978,True,"{'id': '156', 'title': 'Eibar', 'short_title': 'EIB'}","{'id': '140', 'title': 'Real Sociedad', 'short_title': 'SOC'}","{'h': '2', 'a': '1'}","{'h': '0.798059', 'a': '1.32388'}",2018-08-31 23:00:00,"{'w': '0.139', 'd': '0.3461', 'l': '0.5149'}",2018
9979,True,"{'id': '154', 'title': 'Villarreal', 'short_title': 'VIL'}","{'id': '223', 'title': 'Girona', 'short_title': 'GIR'}","{'h': '0', 'a': '1'}","{'h': '1.13128', 'a': '0.832999'}",2018-08-31 23:00:00,"{'w': '0.4238', 'd': '0.3229', 'l': '0.2533'}",2018
9980,True,"{'id': '152', 'title': 'Celta Vigo', 'short_title': 'CEL'}","{'id': '143', 'title': 'Atletico Madrid', 'short_title': 'ATL'}","{'h': '2', 'a': '0'}","{'h': '0.678086', 'a': '0.432703'}",2018-09-01 16:30:00,"{'w': '0.3633', 'd': '0.4315', 'l': '0.2052'}",2018
9982,True,"{'id': '150', 'title': 'Real Madrid', 'short_title': 'RMA'}","{'id': '159', 'title': 'Leganes', 'short_title': 'LEG'}","{'h': '4', 'a': '1'}","{'h': '2.31092', 'a': '1.00157'}",2018-09-01 18:45:00,"{'w': '0.7176', 'd': '0.203', 'l': '0.0794'}",2018
9983,True,"{'id': '151', 'title': 'Levante', 'short_title': 'LEV'}","{'id': '146', 'title': 'Valencia', 'short_title': 'VAL'}","{'h': '2', 'a': '2'}","{'h': '1.50228', 'a': '3.39969'}",2018-09-02 10:00:00,"{'w': '0.066', 'd': '0.1222', 'l': '0.8118'}",2018
9984,True,"{'id': '158', 'title': 'Alaves', 'short_title': 'ALA'}","{'id': '141', 'title': 'Espanyol', 'short_title': 'ESP'}","{'h': '2', 'a': '1'}","{'h': '1.15622', 'a': '1.04802'}",2018-09-02 14:15:00,"{'w': '0.3435', 'd': '0.3588', 'l': '0.2977'}",2018
9985,True,"{'id': '148', 'title': 'Barcelona', 'short_title': 'BAR'}","{'id': '232', 'title': 'SD Huesca', 'short_title': 'HUE'}","{'h': '8', 'a': '2'}","{'h': '6.0418', 'a': '1.63632'}",2018-09-02 16:30:00,"{'w': '0.982', 'd': '0.0147', 'l': '0.0033'}",2018
9986,True,"{'id': '153', 'title': 'Real Betis', 'short_title': 'BET'}","{'id': '138', 'title': 'Sevilla', 'short_title': 'SEV'}","{'h': '1', 'a': '0'}","{'h': '1.18295', 'a': '0.784969'}",2018-09-02 18:45:00,"{'w': '0.4628', 'd': '0.328', 'l': '0.2092'}",2018
9987,True,"{'id': '232', 'title': 'SD Huesca', 'short_title': 'HUE'}","{'id': '145', 'title': 'Rayo Vallecano', 'short_title': 'RVL'}","{'h': '0', 'a': '1'}","{'h': '1.66772', 'a': '1.20514'}",2018-09-14 19:00:00,"{'w': '0.4832', 'd': '0.3041', 'l': '0.2127'}",2018
9988,True,"{'id': '143', 'title': 'Atletico Madrid', 'short_title': 'ATL'}","{'id': '156', 'title': 'Eibar', 'short_title': 'EIB'}","{'h': '1', 'a': '1'}","{'h': '2.4656', 'a': '1.21431'}",2018-09-15 11:00:00,"{'w': '0.6905', 'd': '0.2032', 'l': '0.1063'}",2018
9989,True,"{'id': '140', 'title': 'Real Sociedad', 'short_title': 'SOC'}","{'id': '148', 'title': 'Barcelona', 'short_title': 'BAR'}","{'h': '1', 'a': '2'}","{'h': '1.47969', 'a': '1.7617'}",2018-09-15 14:15:00,"{'w': '0.2888', 'd': '0.2734', 'l': '0.4378'}",2018
9990,True,"{'id': '146', 'title': 'Valencia', 'short_title': 'VAL'}","{'id': '153', 'title': 'Real Betis', 'short_title': 'BET'}","{'h': '0', 'a': '0'}","{'h': '1.04644', 'a': '1.22346'}",2018-09-15 16:30:00,"{'w': '0.3049', 'd': '0.3031', 'l': '0.392'}",2018
9991,True,"{'id': '147', 'title': 'Athletic Club', 'short_title': 'ATH'}","{'id': '150', 'title': 'Real Madrid', 'short_title': 'RMA'}","{'h': '1', 'a': '1'}","{'h': '1.45129', 'a': '1.95843'}",2018-09-15 18:45:00,"{'w': '0.2071', 'd': '0.2915', 'l': '0.5014'}",2018
9992,True,"{'id': '159', 'title': 'Leganes', 'short_title': 'LEG'}","{'id': '154', 'title': 'Villarreal', 'short_title': 'VIL'}","{'h': '0', 'a': '1'}","{'h': '1.22184', 'a': '0.533854'}",2018-09-16 10:00:00,"{'w': '0.5929', 'd': '0.2841', 'l': '0.123'}",2018
9993,True,"{'id': '141', 'title': 'Espanyol', 'short_title': 'ESP'}","{'id': '151', 'title': 'Levante', 'short_title': 'LEV'}","{'h': '1', 'a': '0'}","{'h': '1.61848', 'a': '0.690773'}",2018-09-16 14:15:00,"{'w': '0.6356', 'd': '0.2315', 'l': '0.1329'}",2018
9994,True,"{'id': '231', 'title': 'Real Valladolid', 'short_title': 'VAL'}","{'id': '158', 'title': 'Alaves', 'short_title': 'ALA'}","{'h': '0', 'a': '1'}","{'h': '1.10397', 'a': '0.848478'}",2018-09-16 16:30:00,"{'w': '0.3993', 'd': '0.3304', 'l': '0.2703'}",2018
9995,True,"{'id': '138', 'title': 'Sevilla', 'short_title': 'SEV'}","{'id': '142', 'title': 'Getafe', 'short_title': 'GET'}","{'h': '0', 'a': '2'}","{'h': '1.08255', 'a': '2.12717'}",2018-09-16 18:45:00,"{'w': '0.1432', 'd': '0.2042', 'l': '0.6526'}",2018
9996,True,"{'id': '223', 'title': 'Girona', 'short_title': 'GIR'}","{'id': '152', 'title': 'Celta Vigo', 'short_title': 'CEL'}","{'h': '3', 'a': '2'}","{'h': '1.72168', 'a': '0.901248'}",2018-09-17 19:00:00,"{'w': '0.6202', 'd': '0.2362', 'l': '0.1436'}",2018
10003,True,"{'id': '232', 'title': 'SD Huesca', 'short_title': 'HUE'}","{'id': '140', 'title': 'Real Sociedad', 'short_title': 'SOC'}","{'h': '0', 'a': '1'}","{'h': '0.565773', 'a': '0.200875'}",2018-09-21 19:00:00,"{'w': '0.3805', 'd': '0.5118', 'l': '0.1077'}",2018
10001,True,"{'id': '145', 'title': 'Rayo Vallecano', 'short_title': 'RVL'}","{'id': '158', 'title': 'Alaves', 'short_title': 'ALA'}","{'h': '1', 'a': '5'}","{'h': '1.08157', 'a': '1.24884'}",2018-09-22 11:00:00,"{'w': '0.2932', 'd': '0.327', 'l': '0.3798'}",2018
10004,True,"{'id': '156', 'title': 'Eibar', 'short_title': 'EIB'}","{'id': '159', 'title': 'Leganes', 'short_title': 'LEG'}","{'h': '1', 'a': '0'}","{'h': '1.78459', 'a': '0.781041'}",2018-09-22 14:15:00,"{'w': '0.6418', 'd': '0.2387', 'l': '0.1195'}",2018
10005,True,"{'id': '152', 'title': 'Celta Vigo', 'short_title': 'CEL'}","{'id': '231', 'title': 'Real Valladolid', 'short_title': 'VAL'}","{'h': '3', 'a': '3'}","{'h': '2.13067', 'a': '2.16098'}",2018-09-22 14:15:00,"{'w': '0.3706', 'd': '0.2433', 'l': '0.3861'}",2018
9999,True,"{'id': '142', 'title': 'Getafe', 'short_title': 'GET'}","{'id': '143', 'title': 'Atletico Madrid', 'short_title': 'ATL'}","{'h': '0', 'a': '2'}","{'h': '0.580433', 'a': '1.4765'}",2018-09-22 16:30:00,"{'w': '0.1072', 'd': '0.2426', 'l': '0.6502'}",2018
9998,True,"{'id': '150', 'title': 'Real Madrid', 'short_title': 'RMA'}","{'id': '141', 'title': 'Espanyol', 'short_title': 'ESP'}","{'h': '1', 'a': '0'}","{'h': '1.08701', 'a': '0.424687'}",2018-09-22 18:45:00,"{'w': '0.5338', 'd': '0.3269', 'l': '0.1393'}",2018
10002,True,"{'id': '151', 'title': 'Levante', 'short_title': 'LEV'}","{'id': '138', 'title': 'Sevilla', 'short_title': 'SEV'}","{'h': '2', 'a': '6'}","{'h': '2.24847', 'a': '3.40128'}",2018-09-23 10:00:00,"{'w': '0.1703', 'd': '0.1803', 'l': '0.6494'}",2018
10006,True,"{'id': '154', 'title': 'Villarreal', 'short_title': 'VIL'}","{'id': '146', 'title': 'Valencia', 'short_title': 'VAL'}","{'h': '0', 'a': '0'}","{'h': '0.480494', 'a': '0.376192'}",2018-09-23 14:15:00,"{'w': '0.2903', 'd': '0.4978', 'l': '0.2119'}",2018
10000,True,"{'id': '153', 'title': 'Real Betis', 'short_title': 'BET'}","{'id': '147', 'title': 'Athletic Club', 'short_title': 'ATH'}","{'h': '2', 'a': '2'}","{'h': '1.55308', 'a': '0.947496'}",2018-09-23 18:00:00,"{'w': '0.5188', 'd': '0.3032', 'l': '0.178'}",2018
9997,True,"{'id': '148', 'title': 'Barcelona', 'short_title': 'BAR'}","{'id': '223', 'title': 'Girona', 'short_title': 'GIR'}","{'h': '2', 'a': '2'}","{'h': '1.67678', 'a': '1.54969'}",2018-09-23 18:45:00,"{'w': '0.3891', 'd': '0.269', 'l': '0.3419'}",2018
10010,True,"{'id': '141', 'title': 'Espanyol', 'short_title': 'ESP'}","{'id': '156', 'title': 'Eibar', 'short_title': 'EIB'}","{'h': '1', 'a': '0'}","{'h': '0.897083', 'a': '0.200168'}",2018-09-25 18:00:00,"{'w': '0.5797', 'd': '0.3526', 'l': '0.0677'}",2018
10008,True,"{'id': '140', 'title': 'Real Sociedad', 'short_title': 'SOC'}","{'id': '145', 'title': 'Rayo Vallecano', 'short_title': 'RVL'}","{'h': '2', 'a': '2'}","{'h': '1.23911', 'a': '1.77977'}",2018-09-25 19:00:00,"{'w': '0.2163', 'd': '0.2589', 'l': '0.5248'}",2018
10014,True,"{'id': '143', 'title': 'Atletico Madrid', 'short_title': 'ATL'}","{'id': '232', 'title': 'SD Huesca', 'short_title': 'HUE'}","{'h': '3', 'a': '0'}","{'h': '1.1563', 'a': '0.500396'}",2018-09-25 20:00:00,"{'w': '0.5461', 'd': '0.3122', 'l': '0.1417'}",2018
10013,True,"{'id': '159', 'title': 'Leganes', 'short_title': 'LEG'}","{'id': '148', 'title': 'Barcelona', 'short_title': 'BAR'}","{'h': '2', 'a': '1'}","{'h': '1.17874', 'a': '0.40097'}",2018-09-26 18:00:00,"{'w': '0.6009', 'd': '0.2931', 'l': '0.106'}",2018
10015,True,"{'id': '147', 'title': 'Athletic Club', 'short_title': 'ATH'}","{'id': '154', 'title': 'Villarreal', 'short_title': 'VIL'}","{'h': '0', 'a': '3'}","{'h': '0.754289', 'a': '2.45205'}",2018-09-26 18:00:00,"{'w': '0.0572', 'd': '0.1296', 'l': '0.8132'}",2018
10011,True,"{'id': '146', 'title': 'Valencia', 'short_title': 'VAL'}","{'id': '152', 'title': 'Celta Vigo', 'short_title': 'CEL'}","{'h': '1', 'a': '1'}","{'h': '1.03637', 'a': '0.404953'}",2018-09-26 20:00:00,"{'w': '0.5251', 'd': '0.3413', 'l': '0.1336'}",2018
10016,True,"{'id': '138', 'title': 'Sevilla', 'short_title': 'SEV'}","{'id': '150', 'title': 'Real Madrid', 'short_title': 'RMA'}","{'h': '3', 'a': '0'}","{'h': '2.29262', 'a': '1.55351'}",2018-09-26 20:00:00,"{'w': '0.5625', 'd': '0.2149', 'l': '0.2226'}",2018
10007,True,"{'id': '158', 'title': 'Alaves', 'short_title': 'ALA'}","{'id': '142', 'title': 'Getafe', 'short_title': 'GET'}","{'h': '1', 'a': '1'}","{'h': '1.65223', 'a': '1.20669'}",2018-09-27 18:00:00,"{'w': '0.4926', 'd': '0.2698', 'l': '0.2376'}",2018
10009,True,"{'id': '231', 'title': 'Real Valladolid', 'short_title': 'VAL'}","{'id': '151', 'title': 'Levante', 'short_title': 'LEV'}","{'h': '2', 'a': '1'}","{'h': '1.25362', 'a': '1.09992'}",2018-09-27 18:00:00,"{'w': '0.3728', 'd': '0.3291', 'l': '0.2981'}",2018
10012,True,"{'id': '223', 'title': 'Girona', 'short_title': 'GIR'}","{'id': '153', 'title': 'Real Betis', 'short_title': 'BET'}","{'h': '0', 'a': '1'}","{'h': '0.830935', 'a': '1.56038'}",2018-09-27 20:00:00,"{'w': '0.1612', 'd': '0.2652', 'l': '0.5736'}",2018
10019,True,"{'id': '145', 'title': 'Rayo Vallecano', 'short_title': 'RVL'}","{'id': '141', 'title': 'Espanyol', 'short_title': 'ESP'}","{'h': '2', 'a': '2'}","{'h': '1.22522', 'a': '1.7919'}",2018-09-28 19:00:00,"{'w': '0.1947', 'd': '0.2793', 'l': '0.526'}",2018
10023,True,"{'id': '140', 'title': 'Real Sociedad', 'short_title': 'SOC'}","{'id': '146', 'title': 'Valencia', 'short_title': 'VAL'}","{'h': '0', 'a': '1'}","{'h': '1.12097', 'a': '0.924746'}",2018-09-29 11:00:00,"{'w': '0.3852', 'd': '0.3861', 'l': '0.2287'}",2018
10020,True,"{'id': '148', 'title': 'Barcelona', 'short_title': 'BAR'}","{'id': '147', 'title': 'Athletic Club', 'short_title': 'ATH'}","{'h': '1', 'a': '1'}","{'h': '3.06389', 'a': '0.889081'}",2018-09-29 14:15:00,"{'w': '0.8687', 'd': '0.0962', 'l': '0.0351'}",2018
10024,True,"{'id': '156', 'title': 'Eibar', 'short_title': 'EIB'}","{'id': '138', 'title': 'Sevilla', 'short_title': 'SEV'}","{'h': '1', 'a': '3'}","{'h': '0.563865', 'a': '1.98532'}",2018-09-29 16:30:00,"{'w': '0.0548', 'd': '0.1555', 'l': '0.7897'}",2018
10022,True,"{'id': '150', 'title': 'Real Madrid', 'short_title': 'RMA'}","{'id': '143', 'title': 'Atletico Madrid', 'short_title': 'ATL'}","{'h': '0', 'a': '0'}","{'h': '1.13552', 'a': '0.661567'}",2018-09-29 18:45:00,"{'w': '0.4877', 'd': '0.3179', 'l': '0.1944'}",2018
10018,True,"{'id': '232', 'title': 'SD Huesca', 'short_title': 'HUE'}","{'id': '223', 'title': 'Girona', 'short_title': 'GIR'}","{'h': '1', 'a': '1'}","{'h': '1.6139', 'a': '1.80702'}",2018-09-30 10:00:00,"{'w': '0.2987', 'd': '0.2868', 'l': '0.4145'}",2018
10026,True,"{'id': '154', 'title': 'Villarreal', 'short_title': 'VIL'}","{'id': '231', 'title': 'Real Valladolid', 'short_title': 'VAL'}","{'h': '0', 'a': '1'}","{'h': '2.90806', 'a': '0.848198'}",2018-09-30 14:15:00,"{'w': '0.8519', 'd': '0.1079', 'l': '0.0402'}",2018
10021,True,"{'id': '151', 'title': 'Levante', 'short_title': 'LEV'}","{'id': '158', 'title': 'Alaves', 'short_title': 'ALA'}","{'h': '2', 'a': '1'}","{'h': '1.37126', 'a': '0.703753'}",2018-09-30 16:30:00,"{'w': '0.5644', 'd': '0.2695', 'l': '0.1661'}",2018
10017,True,"{'id': '153', 'title': 'Real Betis', 'short_title': 'BET'}","{'id': '159', 'title': 'Leganes', 'short_title': 'LEG'}","{'h': '1', 'a': '0'}","{'h': '2.09064', 'a': '0.410456'}",2018-09-30 18:45:00,"{'w': '0.8285', 'd': '0.1314', 'l': '0.0401'}",2018
10025,True,"{'id': '152', 'title': 'Celta Vigo', 'short_title': 'CEL'}","{'id': '142', 'title': 'Getafe', 'short_title': 'GET'}","{'h': '1', 'a': '1'}","{'h': '0.481181', 'a': '1.02662'}",2018-10-01 19:00:00,"{'w': '0.1462', 'd': '0.3376', 'l': '0.5162'}",2018
10035,True,"{'id': '147', 'title': 'Athletic Club', 'short_title': 'ATH'}","{'id': '140', 'title': 'Real Sociedad', 'short_title': 'SOC'}","{'h': '1', 'a': '3'}","{'h': '1.18842', 'a': '2.11494'}",2018-10-05 19:00:00,"{'w': '0.122', 'd': '0.2282', 'l': '0.6498'}",2018
10028,True,"{'id': '223', 'title': 'Girona', 'short_title': 'GIR'}","{'id': '156', 'title': 'Eibar', 'short_title': 'EIB'}","{'h': '2', 'a': '3'}","{'h': '1.31255', 'a': '2.11152'}",2018-10-06 11:00:00,"{'w': '0.1704', 'd': '0.2449', 'l': '0.5847'}",2018
10032,True,"{'id': '142', 'title': 'Getafe', 'short_title': 'GET'}","{'id': '151', 'title': 'Levante', 'short_title': 'LEV'}","{'h': '0', 'a': '1'}","{'h': '1.04946', 'a': '0.902661'}",2018-10-06 14:15:00,"{'w': '0.385', 'd': '0.3191', 'l': '0.2959'}",2018
10027,True,"{'id': '158', 'title': 'Alaves', 'short_title': 'ALA'}","{'id': '150', 'title': 'Real Madrid', 'short_title': 'RMA'}","{'h': '1', 'a': '0'}","{'h': '1.16947', 'a': '0.872949'}",2018-10-06 16:30:00,"{'w': '0.4427', 'd': '0.3222', 'l': '0.2351'}",2018
10031,True,"{'id': '159', 'title': 'Leganes', 'short_title': 'LEG'}","{'id': '145', 'title': 'Rayo Vallecano', 'short_title': 'RVL'}","{'h': '1', 'a': '0'}","{'h': '1.18789', 'a': '0.408158'}",2018-10-06 18:45:00,"{'w': '0.583', 'd': '0.3045', 'l': '0.1125'}",2018
10036,True,"{'id': '231', 'title': 'Real Valladolid', 'short_title': 'VAL'}","{'id': '232', 'title': 'SD Huesca', 'short_title': 'HUE'}","{'h': '1', 'a': '0'}","{'h': '0.927264', 'a': '0.800191'}",2018-10-07 10:00:00,"{'w': '0.362', 'd': '0.361', 'l': '0.277'}",2018
10034,True,"{'id': '143', 'title': 'Atletico Madrid', 'short_title': 'ATL'}","{'id': '153', 'title': 'Real Betis', 'short_title': 'BET'}","{'h': '1', 'a': '0'}","{'h': '0.573515', 'a': '0.281257'}",2018-10-07 14:15:00,"{'w': '0.3603', 'd': '0.4976', 'l': '0.1421'}",2018
10029,True,"{'id': '138', 'title': 'Sevilla', 'short_title': 'SEV'}","{'id': '152', 'title': 'Celta Vigo', 'short_title': 'CEL'}","{'h': '2', 'a': '1'}","{'h': '2.237', 'a': '0.895831'}",2018-10-07 16:30:00,"{'w': '0.7308', 'd': '0.1787', 'l': '0.0905'}",2018
10033,True,"{'id': '141', 'title': 'Espanyol', 'short_title': 'ESP'}","{'id': '154', 'title': 'Villarreal', 'short_title': 'VIL'}","{'h': '3', 'a': '1'}","{'h': '2.74615', 'a': '1.59419'}",2018-10-07 16:30:00,"{'w': '0.6362', 'd': '0.2041', 'l': '0.1597'}",2018
10030,True,"{'id': '146', 'title': 'Valencia', 'short_title': 'VAL'}","{'id': '148', 'title': 'Barcelona', 'short_title': 'BAR'}","{'h': '1', 'a': '1'}","{'h': '1.53635', 'a': '0.373489'}",2018-10-07 18:45:00,"{'w': '0.7736', 'd': '0.179', 'l': '0.0474'}",2018
10044,True,"{'id': '152', 'title': 'Celta Vigo', 'short_title': 'CEL'}","{'id': '158', 'title': 'Alaves', 'short_title': 'ALA'}","{'h': '0', 'a': '1'}","{'h': '0.733589', 'a': '0.988217'}",2018-10-19 19:00:00,"{'w': '0.2308', 'd': '0.3378', 'l': '0.4314'}",2018
10046,True,"{'id': '150', 'title': 'Real Madrid', 'short_title': 'RMA'}","{'id': '151', 'title': 'Levante', 'short_title': 'LEV'}","{'h': '1', 'a': '2'}","{'h': '3.02601', 'a': '1.83965'}",2018-10-20 11:00:00,"{'w': '0.649', 'd': '0.1935', 'l': '0.1575'}",2018
10038,True,"{'id': '146', 'title': 'Valencia', 'short_title': 'VAL'}","{'id': '159', 'title': 'Leganes', 'short_title': 'LEG'}","{'h': '1', 'a': '1'}","{'h': '1.18124', 'a': '0.973224'}",2018-10-20 14:15:00,"{'w': '0.376', 'd': '0.3428', 'l': '0.2812'}",2018
10042,True,"{'id': '154', 'title': 'Villarreal', 'short_title': 'VIL'}","{'id': '143', 'title': 'Atletico Madrid', 'short_title': 'ATL'}","{'h': '1', 'a': '1'}","{'h': '1.86233', 'a': '1.62367'}",2018-10-20 16:30:00,"{'w': '0.4212', 'd': '0.2554', 'l': '0.3234'}",2018
10037,True,"{'id': '148', 'title': 'Barcelona', 'short_title': 'BAR'}","{'id': '138', 'title': 'Sevilla', 'short_title': 'SEV'}","{'h': '4', 'a': '2'}","{'h': '3.21948', 'a': '1.89801'}",2018-10-20 18:45:00,"{'w': '0.675', 'd': '0.1719', 'l': '0.1531'}",2018
10040,True,"{'id': '145', 'title': 'Rayo Vallecano', 'short_title': 'RVL'}","{'id': '142', 'title': 'Getafe', 'short_title': 'GET'}","{'h': '1', 'a': '2'}","{'h': '0.320919', 'a': '0.498066'}",2018-10-21 10:00:00,"{'w': '0.1687', 'd': '0.503', 'l': '0.3283'}",2018
10043,True,"{'id': '156', 'title': 'Eibar', 'short_title': 'EIB'}","{'id': '147', 'title': 'Athletic Club', 'short_title': 'ATH'}","{'h': '1', 'a': '1'}","{'h': '1.68646', 'a': '0.992745'}",2018-10-21 14:15:00,"{'w': '0.5497', 'd': '0.2829', 'l': '0.1674'}",2018
10041,True,"{'id': '232', 'title': 'SD Huesca', 'short_title': 'HUE'}","{'id': '141', 'title': 'Espanyol', 'short_title': 'ESP'}","{'h': '0', 'a': '2'}","{'h': '0.264947', 'a': '1.84992'}",2018-10-21 16:30:00,"{'w': '0.0237', 'd': '0.1246', 'l': '0.8517'}",2018
10045,True,"{'id': '153', 'title': 'Real Betis', 'short_title': 'BET'}","{'id': '231', 'title': 'Real Valladolid', 'short_title': 'VAL'}","{'h': '0', 'a': '1'}","{'h': '0.820674', 'a': '0.501587'}",2018-10-21 18:45:00,"{'w': '0.4015', 'd': '0.3911', 'l': '0.2074'}",2018
10039,True,"{'id': '140', 'title': 'Real Sociedad', 'short_title': 'SOC'}","{'id': '223', 'title': 'Girona', 'short_title': 'GIR'}","{'h': '0', 'a': '0'}","{'h': '0.57678', 'a': '0.53783'}",2018-10-22 19:00:00,"{'w': '0.3005', 'd': '0.4303', 'l': '0.2692'}",2018
9981,True,"{'id': '145', 'title': 'Rayo Vallecano', 'short_title': 'RVL'}","{'id': '147', 'title': 'Athletic Club', 'short_title': 'ATH'}","{'h': '1', 'a': '1'}","{'h': '1.35392', 'a': '1.23764'}",2018-10-24 17:00:00,"{'w': '0.3142', 'd': '0.4553', 'l': '0.2305'}",2018
10049,True,"{'id': '231', 'title': 'Real Valladolid', 'short_title': 'VAL'}","{'id': '141', 'title': 'Espanyol', 'short_title': 'ESP'}","{'h': '1', 'a': '1'}","{'h': '1.2412', 'a': '0.508367'}",2018-10-26 19:00:00,"{'w': '0.563', 'd': '0.2967', 'l': '0.1403'}",2018
10051,True,"{'id': '223', 'title': 'Girona', 'short_title': 'GIR'}","{'id': '145', 'title': 'Rayo Vallecano', 'short_title': 'RVL'}","{'h': '2', 'a': '1'}","{'h': '2.73207', 'a': '1.74235'}",2018-10-27 11:00:00,"{'w': '0.6405', 'd': '0.2195', 'l': '0.14'}",2018
10054,True,"{'id': '147', 'title': 'Athletic Club', 'short_title': 'ATH'}","{'id': '146', 'title': 'Valencia', 'short_title': 'VAL'}","{'h': '0', 'a': '0'}","{'h': '0.632913', 'a': '0.723783'}",2018-10-27 14:15:00,"{'w': '0.2768', 'd': '0.3847', 'l': '0.3385'}",2018
10052,True,"{'id': '152', 'title': 'Celta Vigo', 'short_title': 'CEL'}","{'id': '156', 'title': 'Eibar', 'short_title': 'EIB'}","{'h': '4', 'a': '0'}","{'h': '1.28908', 'a': '1.37498'}",2018-10-27 16:30:00,"{'w': '0.3159', 'd': '0.3352', 'l': '0.3489'}",2018
10056,True,"{'id': '151', 'title': 'Levante', 'short_title': 'LEV'}","{'id': '159', 'title': 'Leganes', 'short_title': 'LEG'}","{'h': '2', 'a': '0'}","{'h': '1.15766', 'a': '1.46459'}",2018-10-27 16:30:00,"{'w': '0.2629', 'd': '0.2851', 'l': '0.452'}",2018
10053,True,"{'id': '143', 'title': 'Atletico Madrid', 'short_title': 'ATL'}","{'id': '140', 'title': 'Real Sociedad', 'short_title': 'SOC'}","{'h': '2', 'a': '0'}","{'h': '1.41243', 'a': '0.211158'}",2018-10-27 18:45:00,"{'w': '0.7264', 'd': '0.23', 'l': '0.0436'}",2018
10050,True,"{'id': '142', 'title': 'Getafe', 'short_title': 'GET'}","{'id': '153', 'title': 'Real Betis', 'short_title': 'BET'}","{'h': '2', 'a': '0'}","{'h': '2.5306', 'a': '0.554027'}",2018-10-28 10:00:00,"{'w': '0.8724', 'd': '0.1003', 'l': '0.0273'}",2018
10047,True,"{'id': '148', 'title': 'Barcelona', 'short_title': 'BAR'}","{'id': '150', 'title': 'Real Madrid', 'short_title': 'RMA'}","{'h': '5', 'a': '1'}","{'h': '3.15939', 'a': '2.11339'}",2018-10-28 14:15:00,"{'w': '0.6222', 'd': '0.1965', 'l': '0.1813'}",2018
10055,True,"{'id': '158', 'title': 'Alaves', 'short_title': 'ALA'}","{'id': '154', 'title': 'Villarreal', 'short_title': 'VIL'}","{'h': '2', 'a': '1'}","{'h': '1.97594', 'a': '1.0916'}",2018-10-28 16:30:00,"{'w': '0.6045', 'd': '0.2458', 'l': '0.1497'}",2018
10048,True,"{'id': '138', 'title': 'Sevilla', 'short_title': 'SEV'}","{'id': '232', 'title': 'SD Huesca', 'short_title': 'HUE'}","{'h': '2', 'a': '1'}","{'h': '1.88431', 'a': '1.01306'}",2018-10-28 18:45:00,"{'w': '0.6109', 'd': '0.2394', 'l': '0.1497'}",2018
10061,True,"{'id': '159', 'title': 'Leganes', 'short_title': 'LEG'}","{'id': '143', 'title': 'Atletico Madrid', 'short_title': 'ATL'}","{'h': '1', 'a': '1'}","{'h': '1.35197', 'a': '0.406811'}",2018-11-03 12:00:00,"{'w': '0.7354', 'd': '0.2162', 'l': '0.0484'}",2018
10065,True,"{'id': '150', 'title': 'Real Madrid', 'short_title': 'RMA'}","{'id': '231', 'title': 'Real Valladolid', 'short_title': 'VAL'}","{'h': '2', 'a': '0'}","{'h': '1.93382', 'a': '1.1095'}",2018-11-03 15:15:00,"{'w': '0.5951', 'd': '0.2406', 'l': '0.1643'}",2018
10058,True,"{'id': '146', 'title': 'Valencia', 'short_title': 'VAL'}","{'id': '223', 'title': 'Girona', 'short_title': 'GIR'}","{'h': '0', 'a': '1'}","{'h': '2.25862', 'a': '0.37733'}",2018-11-03 17:30:00,"{'w': '0.8675', 'd': '0.1095', 'l': '0.023'}",2018
10060,True,"{'id': '145', 'title': 'Rayo Vallecano', 'short_title': 'RVL'}","{'id': '148', 'title': 'Barcelona', 'short_title': 'BAR'}","{'h': '2', 'a': '3'}","{'h': '1.62632', 'a': '1.95386'}",2018-11-03 19:45:00,"{'w': '0.278', 'd': '0.2623', 'l': '0.4597'}",2018
10063,True,"{'id': '156', 'title': 'Eibar', 'short_title': 'EIB'}","{'id': '158', 'title': 'Alaves', 'short_title': 'ALA'}","{'h': '2', 'a': '1'}","{'h': '1.161', 'a': '0.596162'}",2018-11-04 11:00:00,"{'w': '0.5012', 'd': '0.3146', 'l': '0.1842'}",2018
10066,True,"{'id': '154', 'title': 'Villarreal', 'short_title': 'VIL'}","{'id': '151', 'title': 'Levante', 'short_title': 'LEV'}","{'h': '1', 'a': '1'}","{'h': '1.10744', 'a': '0.761911'}",2018-11-04 15:15:00,"{'w': '0.4269', 'd': '0.3243', 'l': '0.2488'}",2018
10059,True,"{'id': '232', 'title': 'SD Huesca', 'short_title': 'HUE'}","{'id': '142', 'title': 'Getafe', 'short_title': 'GET'}","{'h': '1', 'a': '1'}","{'h': '1.31412', 'a': '0.470822'}",2018-11-04 17:30:00,"{'w': '0.5919', 'd': '0.2853', 'l': '0.1228'}",2018
10064,True,"{'id': '140', 'title': 'Real Sociedad', 'short_title': 'SOC'}","{'id': '138', 'title': 'Sevilla', 'short_title': 'SEV'}","{'h': '0', 'a': '0'}","{'h': '0.74078', 'a': '0.413773'}",2018-11-04 17:30:00,"{'w': '0.4132', 'd': '0.4109', 'l': '0.1759'}",2018
10057,True,"{'id': '153', 'title': 'Real Betis', 'short_title': 'BET'}","{'id': '152', 'title': 'Celta Vigo', 'short_title': 'CEL'}","{'h': '3', 'a': '3'}","{'h': '1.86082', 'a': '2.25389'}",2018-11-04 19:45:00,"{'w': '0.2892', 'd': '0.2483', 'l': '0.4625'}",2018
10062,True,"{'id': '141', 'title': 'Espanyol', 'short_title': 'ESP'}","{'id': '147', 'title': 'Athletic Club', 'short_title': 'ATH'}","{'h': '1', 'a': '0'}","{'h': '1.46389', 'a': '0.782205'}",2018-11-05 20:00:00,"{'w': '0.5505', 'd': '0.278', 'l': '0.1715'}",2018
10071,True,"{'id': '151', 'title': 'Levante', 'short_title': 'LEV'}","{'id': '140', 'title': 'Real Sociedad', 'short_title': 'SOC'}","{'h': '1', 'a': '3'}","{'h': '1.06813', 'a': '1.43351'}",2018-11-09 20:00:00,"{'w': '0.2476', 'd': '0.2838', 'l': '0.4686'}",2018
10068,True,"{'id': '231', 'title': 'Real Valladolid', 'short_title': 'VAL'}","{'id': '156', 'title': 'Eibar', 'short_title': 'EIB'}","{'h': '0', 'a': '0'}","{'h': '0.407826', 'a': '1.21893'}",2018-11-10 12:00:00,"{'w': '0.111', 'd': '0.2898', 'l': '0.5992'}",2018
10073,True,"{'id': '142', 'title': 'Getafe', 'short_title': 'GET'}","{'id': '146', 'title': 'Valencia', 'short_title': 'VAL'}","{'h': '0', 'a': '1'}","{'h': '1.61368', 'a': '2.19428'}",2018-11-10 15:15:00,"{'w': '0.2265', 'd': '0.2502', 'l': '0.5233'}",2018
10069,True,"{'id': '143', 'title': 'Atletico Madrid', 'short_title': 'ATL'}","{'id': '147', 'title': 'Athletic Club', 'short_title': 'ATH'}","{'h': '3', 'a': '2'}","{'h': '1.10416', 'a': '2.04637'}",2018-11-10 17:30:00,"{'w': '0.0825', 'd': '0.2411', 'l': '0.6764'}",2018
10072,True,"{'id': '223', 'title': 'Girona', 'short_title': 'GIR'}","{'id': '159', 'title': 'Leganes', 'short_title': 'LEG'}","{'h': '0', 'a': '0'}","{'h': '0.49139', 'a': '1.39653'}",2018-11-10 19:45:00,"{'w': '0.0968', 'd': '0.2671', 'l': '0.6361'}",2018
10067,True,"{'id': '158', 'title': 'Alaves', 'short_title': 'ALA'}","{'id': '232', 'title': 'SD Huesca', 'short_title': 'HUE'}","{'h': '2', 'a': '1'}","{'h': '1.44304', 'a': '0.980901'}",2018-11-11 11:00:00,"{'w': '0.4702', 'd': '0.3063', 'l': '0.2235'}",2018
10075,True,"{'id': '148', 'title': 'Barcelona', 'short_title': 'BAR'}","{'id': '153', 'title': 'Real Betis', 'short_title': 'BET'}","{'h': '3', 'a': '4'}","{'h': '4.11761', 'a': '2.64063'}",2018-11-11 15:15:00,"{'w': '0.6986', 'd': '0.1609', 'l': '0.1405'}",2018
10070,True,"{'id': '145', 'title': 'Rayo Vallecano', 'short_title': 'RVL'}","{'id': '154', 'title': 'Villarreal', 'short_title': 'VIL'}","{'h': '2', 'a': '2'}","{'h': '2.35537', 'a': '0.861644'}",2018-11-11 17:30:00,"{'w': '0.7884', 'd': '0.1476', 'l': '0.064'}",2018
10076,True,"{'id': '138', 'title': 'Sevilla', 'short_title': 'SEV'}","{'id': '141', 'title': 'Espanyol', 'short_title': 'ESP'}","{'h': '2', 'a': '1'}","{'h': '3.95375', 'a': '0.686451'}",2018-11-11 17:30:00,"{'w': '0.9507', 'd': '0.0375', 'l': '0.0118'}",2018
10074,True,"{'id': '152', 'title': 'Celta Vigo', 'short_title': 'CEL'}","{'id': '150', 'title': 'Real Madrid', 'short_title': 'RMA'}","{'h': '2', 'a': '4'}","{'h': '0.698688', 'a': '2.7089'}",2018-11-11 19:45:00,"{'w': '0.0367', 'd': '0.1063', 'l': '0.857'}",2018
10080,True,"{'id': '159', 'title': 'Leganes', 'short_title': 'LEG'}","{'id': '158', 'title': 'Alaves', 'short_title': 'ALA'}","{'h': '1', 'a': '0'}","{'h': '0.92467', 'a': '0.394518'}",2018-11-23 20:00:00,"{'w': '0.4989', 'd': '0.3602', 'l': '0.1409'}",2018
10084,True,"{'id': '156', 'title': 'Eibar', 'short_title': 'EIB'}","{'id': '150', 'title': 'Real Madrid', 'short_title': 'RMA'}","{'h': '3', 'a': '0'}","{'h': '3.98937', 'a': '1.10765'}",2018-11-24 12:00:00,"{'w': '0.963', 'd': '0.0317', 'l': '0.0053'}",2018
10086,True,"{'id': '146', 'title': 'Valencia', 'short_title': 'VAL'}","{'id': '145', 'title': 'Rayo Vallecano', 'short_title': 'RVL'}","{'h': '3', 'a': '0'}","{'h': '2.14664', 'a': '0.813582'}",2018-11-24 15:15:00,"{'w': '0.7591', 'd': '0.1747', 'l': '0.0662'}",2018
10082,True,"{'id': '232', 'title': 'SD Huesca', 'short_title': 'HUE'}","{'id': '151', 'title': 'Levante', 'short_title': 'LEV'}","{'h': '2', 'a': '2'}","{'h': '2.96039', 'a': '0.564721'}",2018-11-24 17:30:00,"{'w': '0.9012', 'd': '0.0787', 'l': '0.0201'}",2018
10077,True,"{'id': '143', 'title': 'Atletico Madrid', 'short_title': 'ATL'}","{'id': '148', 'title': 'Barcelona', 'short_title': 'BAR'}","{'h': '1', 'a': '1'}","{'h': '0.432553', 'a': '0.564664'}",2018-11-24 19:45:00,"{'w': '0.229', 'd': '0.4548', 'l': '0.3162'}",2018
10085,True,"{'id': '147', 'title': 'Athletic Club', 'short_title': 'ATH'}","{'id': '142', 'title': 'Getafe', 'short_title': 'GET'}","{'h': '1', 'a': '1'}","{'h': '0.75771', 'a': '1.8113'}",2018-11-25 11:00:00,"{'w': '0.1113', 'd': '0.2356', 'l': '0.6531'}",2018
10081,True,"{'id': '138', 'title': 'Sevilla', 'short_title': 'SEV'}","{'id': '231', 'title': 'Real Valladolid', 'short_title': 'VAL'}","{'h': '1', 'a': '0'}","{'h': '1.40358', 'a': '0.53321'}",2018-11-25 15:15:00,"{'w': '0.6252', 'd': '0.2545', 'l': '0.1203'}",2018
10083,True,"{'id': '141', 'title': 'Espanyol', 'short_title': 'ESP'}","{'id': '223', 'title': 'Girona', 'short_title': 'GIR'}","{'h': '1', 'a': '3'}","{'h': '2.63865', 'a': '2.56699'}",2018-11-25 17:30:00,"{'w': '0.3935', 'd': '0.2396', 'l': '0.3669'}",2018
10079,True,"{'id': '154', 'title': 'Villarreal', 'short_title': 'VIL'}","{'id': '153', 'title': 'Real Betis', 'short_title': 'BET'}","{'h': '2', 'a': '1'}","{'h': '1.20925', 'a': '0.991351'}",2018-11-25 19:45:00,"{'w': '0.4122', 'd': '0.3021', 'l': '0.2857'}",2018
10078,True,"{'id': '140', 'title': 'Real Sociedad', 'short_title': 'SOC'}","{'id': '152', 'title': 'Celta Vigo', 'short_title': 'CEL'}","{'h': '2', 'a': '1'}","{'h': '2.07409', 'a': '0.545872'}",2018-11-26 20:00:00,"{'w': '0.776', 'd': '0.1664', 'l': '0.0576'}",2018
10089,True,"{'id': '145', 'title': 'Rayo Vallecano', 'short_title': 'RVL'}","{'id': '156', 'title': 'Eibar', 'short_title': 'EIB'}","{'h': '1', 'a': '0'}","{'h': '0.815372', 'a': '0.951549'}",2018-11-30 20:00:00,"{'w': '0.2838', 'd': '0.3693', 'l': '0.3469'}",2018
10093,True,"{'id': '152', 'title': 'Celta Vigo', 'short_title': 'CEL'}","{'id': '232', 'title': 'SD Huesca', 'short_title': 'HUE'}","{'h': '2', 'a': '0'}","{'h': '2.39172', 'a': '1.24346'}",2018-12-01 12:00:00,"{'w': '0.6927', 'd': '0.218', 'l': '0.0893'}",2018
10096,True,"{'id': '231', 'title': 'Real Valladolid', 'short_title': 'VAL'}","{'id': '159', 'title': 'Leganes', 'short_title': 'LEG'}","{'h': '2', 'a': '4'}","{'h': '1.85147', 'a': '1.6677'}",2018-12-01 15:15:00,"{'w': '0.4018', 'd': '0.2904', 'l': '0.3078'}",2018
10088,True,"{'id': '142', 'title': 'Getafe', 'short_title': 'GET'}","{'id': '141', 'title': 'Espanyol', 'short_title': 'ESP'}","{'h': '3', 'a': '0'}","{'h': '1.33323', 'a': '0.97845'}",2018-12-01 17:30:00,"{'w': '0.4496', 'd': '0.2976', 'l': '0.2528'}",2018
10092,True,"{'id': '150', 'title': 'Real Madrid', 'short_title': 'RMA'}","{'id': '146', 'title': 'Valencia', 'short_title': 'VAL'}","{'h': '2', 'a': '0'}","{'h': '0.966947', 'a': '0.974267'}",2018-12-01 19:45:00,"{'w': '0.3144', 'd': '0.3312', 'l': '0.3544'}",2018
10094,True,"{'id': '153', 'title': 'Real Betis', 'short_title': 'BET'}","{'id': '140', 'title': 'Real Sociedad', 'short_title': 'SOC'}","{'h': '1', 'a': '0'}","{'h': '1.31385', 'a': '1.39194'}",2018-12-02 11:00:00,"{'w': '0.3326', 'd': '0.307', 'l': '0.3604'}",2018
10090,True,"{'id': '223', 'title': 'Girona', 'short_title': 'GIR'}","{'id': '143', 'title': 'Atletico Madrid', 'short_title': 'ATL'}","{'h': '1', 'a': '1'}","{'h': '1.20781', 'a': '1.60399'}",2018-12-02 15:15:00,"{'w': '0.2374', 'd': '0.3', 'l': '0.4626'}",2018
10095,True,"{'id': '148', 'title': 'Barcelona', 'short_title': 'BAR'}","{'id': '154', 'title': 'Villarreal', 'short_title': 'VIL'}","{'h': '2', 'a': '0'}","{'h': '0.99822', 'a': '0.941415'}",2018-12-02 17:30:00,"{'w': '0.3484', 'd': '0.3284', 'l': '0.3232'}",2018
10087,True,"{'id': '158', 'title': 'Alaves', 'short_title': 'ALA'}","{'id': '138', 'title': 'Sevilla', 'short_title': 'SEV'}","{'h': '1', 'a': '1'}","{'h': '1.0211', 'a': '1.64539'}",2018-12-02 19:45:00,"{'w': '0.194', 'd': '0.277', 'l': '0.529'}",2018
10091,True,"{'id': '151', 'title': 'Levante', 'short_title': 'LEV'}","{'id': '147', 'title': 'Athletic Club', 'short_title': 'ATH'}","{'h': '3', 'a': '0'}","{'h': '2.15414', 'a': '0.950526'}",2018-12-03 20:00:00,"{'w': '0.6986', 'd': '0.1936', 'l': '0.1078'}",2018
10098,True,"{'id': '159', 'title': 'Leganes', 'short_title': 'LEG'}","{'id': '142', 'title': 'Getafe', 'short_title': 'GET'}","{'h': '1', 'a': '1'}","{'h': '1.49188', 'a': '1.10842'}",2018-12-07 20:00:00,"{'w': '0.4521', 'd': '0.2867', 'l': '0.2612'}",2018
10101,True,"{'id': '143', 'title': 'Atletico Madrid', 'short_title': 'ATL'}","{'id': '158', 'title': 'Alaves', 'short_title': 'ALA'}","{'h': '3', 'a': '0'}","{'h': '2.64303', 'a': '1.36734'}",2018-12-08 12:00:00,"{'w': '0.6924', 'd': '0.1906', 'l': '0.117'}",2018
10106,True,"{'id': '146', 'title': 'Valencia', 'short_title': 'VAL'}","{'id': '138', 'title': 'Sevilla', 'short_title': 'SEV'}","{'h': '1', 'a': '1'}","{'h': '1.44342', 'a': '1.64731'}",2018-12-08 15:15:00,"{'w': '0.2924', 'd': '0.2911', 'l': '0.4165'}",2018
10099,True,"{'id': '154', 'title': 'Villarreal', 'short_title': 'VIL'}","{'id': '152', 'title': 'Celta Vigo', 'short_title': 'CEL'}","{'h': '2', 'a': '3'}","{'h': '1.74178', 'a': '2.48201'}",2018-12-08 17:30:00,"{'w': '0.2235', 'd': '0.2259', 'l': '0.5506'}",2018
10100,True,"{'id': '141', 'title': 'Espanyol', 'short_title': 'ESP'}","{'id': '148', 'title': 'Barcelona', 'short_title': 'BAR'}","{'h': '0', 'a': '4'}","{'h': '0.812936', 'a': '3.16793'}",2018-12-08 19:45:00,"{'w': '0.0242', 'd': '0.0817', 'l': '0.8941'}",2018
10104,True,"{'id': '156', 'title': 'Eibar', 'short_title': 'EIB'}","{'id': '151', 'title': 'Levante', 'short_title': 'LEV'}","{'h': '4', 'a': '4'}","{'h': '4.25053', 'a': '2.17449'}",2018-12-09 11:00:00,"{'w': '0.7873', 'd': '0.1186', 'l': '0.0941'}",2018
10103,True,"{'id': '232', 'title': 'SD Huesca', 'short_title': 'HUE'}","{'id': '150', 'title': 'Real Madrid', 'short_title': 'RMA'}","{'h': '0', 'a': '1'}","{'h': '1.04156', 'a': '0.460413'}",2018-12-09 15:15:00,"{'w': '0.5318', 'd': '0.3402', 'l': '0.128'}",2018
10102,True,"{'id': '140', 'title': 'Real Sociedad', 'short_title': 'SOC'}","{'id': '231', 'title': 'Real Valladolid', 'short_title': 'VAL'}","{'h': '1', 'a': '2'}","{'h': '1.7451', 'a': '1.31256'}",2018-12-09 17:30:00,"{'w': '0.4736', 'd': '0.2675', 'l': '0.2589'}",2018
10105,True,"{'id': '153', 'title': 'Real Betis', 'short_title': 'BET'}","{'id': '145', 'title': 'Rayo Vallecano', 'short_title': 'RVL'}","{'h': '2', 'a': '0'}","{'h': '2.2468', 'a': '0.671932'}",2018-12-09 19:45:00,"{'w': '0.7872', 'd': '0.1526', 'l': '0.0602'}",2018
10097,True,"{'id': '147', 'title': 'Athletic Club', 'short_title': 'ATH'}","{'id': '223', 'title': 'Girona', 'short_title': 'GIR'}","{'h': '1', 'a': '0'}","{'h': '1.79501', 'a': '0.145529'}",2018-12-10 20:00:00,"{'w': '0.8643', 'd': '0.1205', 'l': '0.0152'}",2018
10115,True,"{'id': '152', 'title': 'Celta Vigo', 'short_title': 'CEL'}","{'id': '159', 'title': 'Leganes', 'short_title': 'LEG'}","{'h': '0', 'a': '0'}","{'h': '1.24233', 'a': '0.978595'}",2018-12-14 20:00:00,"{'w': '0.4245', 'd': '0.3105', 'l': '0.265'}",2018
10113,True,"{'id': '142', 'title': 'Getafe', 'short_title': 'GET'}","{'id': '140', 'title': 'Real Sociedad', 'short_title': 'SOC'}","{'h': '1', 'a': '0'}","{'h': '0.358274', 'a': '0.608285'}",2018-12-15 12:00:00,"{'w': '0.1707', 'd': '0.4634', 'l': '0.3659'}",2018
10111,True,"{'id': '231', 'title': 'Real Valladolid', 'short_title': 'VAL'}","{'id': '143', 'title': 'Atletico Madrid', 'short_title': 'ATL'}","{'h': '2', 'a': '3'}","{'h': '0.691151', 'a': '1.94316'}",2018-12-15 15:15:00,"{'w': '0.0763', 'd': '0.199', 'l': '0.7247'}",2018
10116,True,"{'id': '150', 'title': 'Real Madrid', 'short_title': 'RMA'}","{'id': '145', 'title': 'Rayo Vallecano', 'short_title': 'RVL'}","{'h': '1', 'a': '0'}","{'h': '1.25069', 'a': '0.588603'}",2018-12-15 17:30:00,"{'w': '0.5488', 'd': '0.3007', 'l': '0.1505'}",2018
10114,True,"{'id': '156', 'title': 'Eibar', 'short_title': 'EIB'}","{'id': '146', 'title': 'Valencia', 'short_title': 'VAL'}","{'h': '1', 'a': '1'}","{'h': '1.60912', 'a': '2.10397'}",2018-12-15 19:45:00,"{'w': '0.2509', 'd': '0.2552', 'l': '0.4939'}",2018
10108,True,"{'id': '138', 'title': 'Sevilla', 'short_title': 'SEV'}","{'id': '223', 'title': 'Girona', 'short_title': 'GIR'}","{'h': '2', 'a': '0'}","{'h': '2.28195', 'a': '0.811788'}",2018-12-16 11:00:00,"{'w': '0.7585', 'd': '0.1707', 'l': '0.0708'}",2018
10109,True,"{'id': '141', 'title': 'Espanyol', 'short_title': 'ESP'}","{'id': '153', 'title': 'Real Betis', 'short_title': 'BET'}","{'h': '1', 'a': '3'}","{'h': '0.52284', 'a': '1.8151'}",2018-12-16 15:15:00,"{'w': '0.0549', 'd': '0.1755', 'l': '0.7696'}",2018
10112,True,"{'id': '232', 'title': 'SD Huesca', 'short_title': 'HUE'}","{'id': '154', 'title': 'Villarreal', 'short_title': 'VIL'}","{'h': '2', 'a': '2'}","{'h': '3.99291', 'a': '1.64884'}",2018-12-16 17:30:00,"{'w': '0.8676', 'd': '0.0894', 'l': '0.043'}",2018
10110,True,"{'id': '151', 'title': 'Levante', 'short_title': 'LEV'}","{'id': '148', 'title': 'Barcelona', 'short_title': 'BAR'}","{'h': '0', 'a': '5'}","{'h': '0.830663', 'a': '3.96017'}",2018-12-16 19:45:00,"{'w': '0.0168', 'd': '0.0412', 'l': '0.942'}",2018
10107,True,"{'id': '158', 'title': 'Alaves', 'short_title': 'ALA'}","{'id': '147', 'title': 'Athletic Club', 'short_title': 'ATH'}","{'h': '0', 'a': '0'}","{'h': '0.479834', 'a': '0.334381'}",2018-12-17 20:00:00,"{'w': '0.2973', 'd': '0.5054', 'l': '0.1973'}",2018
10122,True,"{'id': '223', 'title': 'Girona', 'short_title': 'GIR'}","{'id': '142', 'title': 'Getafe', 'short_title': 'GET'}","{'h': '1', 'a': '1'}","{'h': '1.20739', 'a': '0.581831'}",2018-12-21 18:30:00,"{'w': '0.5461', 'd': '0.3033', 'l': '0.1506'}",2018
10123,True,"{'id': '140', 'title': 'Real Sociedad', 'short_title': 'SOC'}","{'id': '158', 'title': 'Alaves', 'short_title': 'ALA'}","{'h': '0', 'a': '1'}","{'h': '1.06219', 'a': '0.877996'}",2018-12-21 20:00:00,"{'w': '0.3779', 'd': '0.3325', 'l': '0.2896'}",2018
10125,True,"{'id': '153', 'title': 'Real Betis', 'short_title': 'BET'}","{'id': '156', 'title': 'Eibar', 'short_title': 'EIB'}","{'h': '1', 'a': '1'}","{'h': '1.40023', 'a': '2.06958'}",2018-12-22 12:00:00,"{'w': '0.161', 'd': '0.3007', 'l': '0.5383'}",2018
10118,True,"{'id': '143', 'title': 'Atletico Madrid', 'short_title': 'ATL'}","{'id': '141', 'title': 'Espanyol', 'short_title': 'ESP'}","{'h': '1', 'a': '0'}","{'h': '1.03123', 'a': '0.71456'}",2018-12-22 15:15:00,"{'w': '0.4548', 'd': '0.3428', 'l': '0.2024'}",2018
10117,True,"{'id': '148', 'title': 'Barcelona', 'short_title': 'BAR'}","{'id': '152', 'title': 'Celta Vigo', 'short_title': 'CEL'}","{'h': '2', 'a': '0'}","{'h': '1.56177', 'a': '0.517005'}",2018-12-22 17:30:00,"{'w': '0.6843', 'd': '0.2234', 'l': '0.0923'}",2018
10119,True,"{'id': '147', 'title': 'Athletic Club', 'short_title': 'ATH'}","{'id': '231', 'title': 'Real Valladolid', 'short_title': 'VAL'}","{'h': '1', 'a': '1'}","{'h': '1.14498', 'a': '0.59208'}",2018-12-22 19:45:00,"{'w': '0.5257', 'd': '0.3585', 'l': '0.1158'}",2018
10121,True,"{'id': '146', 'title': 'Valencia', 'short_title': 'VAL'}","{'id': '232', 'title': 'SD Huesca', 'short_title': 'HUE'}","{'h': '2', 'a': '1'}","{'h': '3.83492', 'a': '2.27108'}",2018-12-23 11:00:00,"{'w': '0.7176', 'd': '0.1506', 'l': '0.1318'}",2018
10124,True,"{'id': '159', 'title': 'Leganes', 'short_title': 'LEG'}","{'id': '138', 'title': 'Sevilla', 'short_title': 'SEV'}","{'h': '1', 'a': '1'}","{'h': '1.13295', 'a': '0.697523'}",2018-12-23 15:15:00,"{'w': '0.4663', 'd': '0.3457', 'l': '0.188'}",2018
10120,True,"{'id': '145', 'title': 'Rayo Vallecano', 'short_title': 'RVL'}","{'id': '151', 'title': 'Levante', 'short_title': 'LEV'}","{'h': '2', 'a': '1'}","{'h': '2.51639', 'a': '0.88589'}",2018-12-23 17:30:00,"{'w': '0.7776', 'd': '0.1475', 'l': '0.0749'}",2018
10126,True,"{'id': '154', 'title': 'Villarreal', 'short_title': 'VIL'}","{'id': '150', 'title': 'Real Madrid', 'short_title': 'RMA'}","{'h': '2', 'a': '2'}","{'h': '1.01914', 'a': '1.39918'}",2019-01-03 20:30:00,"{'w': '0.2424', 'd': '0.3063', 'l': '0.4513'}",2018
10128,True,"{'id': '151', 'title': 'Levante', 'short_title': 'LEV'}","{'id': '223', 'title': 'Girona', 'short_title': 'GIR'}","{'h': '2', 'a': '2'}","{'h': '1.86969', 'a': '1.03454'}",2019-01-04 18:00:00,"{'w': '0.5889', 'd': '0.2363', 'l': '0.1748'}",2018
10134,True,"{'id': '141', 'title': 'Espanyol', 'short_title': 'ESP'}","{'id': '159', 'title': 'Leganes', 'short_title': 'LEG'}","{'h': '1', 'a': '0'}","{'h': '1.68261', 'a': '0.358462'}",2019-01-04 20:00:00,"{'w': '0.7527', 'd': '0.1935', 'l': '0.0538'}",2018
10136,True,"{'id': '231', 'title': 'Real Valladolid', 'short_title': 'VAL'}","{'id': '145', 'title': 'Rayo Vallecano', 'short_title': 'RVL'}","{'h': '0', 'a': '1'}","{'h': '1.7931', 'a': '1.02768'}",2019-01-05 12:00:00,"{'w': '0.5864', 'd': '0.26', 'l': '0.1536'}",2018
10127,True,"{'id': '158', 'title': 'Alaves', 'short_title': 'ALA'}","{'id': '146', 'title': 'Valencia', 'short_title': 'VAL'}","{'h': '2', 'a': '1'}","{'h': '2.58897', 'a': '1.06272'}",2019-01-05 15:15:00,"{'w': '0.7677', 'd': '0.1545', 'l': '0.0778'}",2018
10129,True,"{'id': '232', 'title': 'SD Huesca', 'short_title': 'HUE'}","{'id': '153', 'title': 'Real Betis', 'short_title': 'BET'}","{'h': '2', 'a': '1'}","{'h': '1.33807', 'a': '1.03632'}",2019-01-05 19:45:00,"{'w': '0.4284', 'd': '0.3494', 'l': '0.2222'}",2018
10135,True,"{'id': '156', 'title': 'Eibar', 'short_title': 'EIB'}","{'id': '154', 'title': 'Villarreal', 'short_title': 'VIL'}","{'h': '0', 'a': '0'}","{'h': '2.02017', 'a': '1.05089'}",2019-01-06 11:00:00,"{'w': '0.6211', 'd': '0.2378', 'l': '0.1411'}",2018
10131,True,"{'id': '138', 'title': 'Sevilla', 'short_title': 'SEV'}","{'id': '143', 'title': 'Atletico Madrid', 'short_title': 'ATL'}","{'h': '1', 'a': '1'}","{'h': '1.57396', 'a': '0.758265'}",2019-01-06 15:15:00,"{'w': '0.5908', 'd': '0.2607', 'l': '0.1485'}",2018
10133,True,"{'id': '150', 'title': 'Real Madrid', 'short_title': 'RMA'}","{'id': '140', 'title': 'Real Sociedad', 'short_title': 'SOC'}","{'h': '0', 'a': '2'}","{'h': '2.2027', 'a': '2.29324'}",2019-01-06 17:30:00,"{'w': '0.3575', 'd': '0.2291', 'l': '0.4134'}",2018
10130,True,"{'id': '142', 'title': 'Getafe', 'short_title': 'GET'}","{'id': '148', 'title': 'Barcelona', 'short_title': 'BAR'}","{'h': '1', 'a': '2'}","{'h': '1.08947', 'a': '2.16266'}",2019-01-06 19:45:00,"{'w': '0.1281', 'd': '0.2162', 'l': '0.6557'}",2018
10132,True,"{'id': '152', 'title': 'Celta Vigo', 'short_title': 'CEL'}","{'id': '147', 'title': 'Athletic Club', 'short_title': 'ATH'}","{'h': '1', 'a': '2'}","{'h': '2.1296', 'a': '2.13661'}",2019-01-07 20:00:00,"{'w': '0.3603', 'd': '0.2588', 'l': '0.3809'}",2018
10139,True,"{'id': '145', 'title': 'Rayo Vallecano', 'short_title': 'RVL'}","{'id': '152', 'title': 'Celta Vigo', 'short_title': 'CEL'}","{'h': '4', 'a': '2'}","{'h': '2.07355', 'a': '1.39354'}",2019-01-11 20:00:00,"{'w': '0.5473', 'd': '0.2501', 'l': '0.2026'}",2018
10141,True,"{'id': '159', 'title': 'Leganes', 'short_title': 'LEG'}","{'id': '232', 'title': 'SD Huesca', 'short_title': 'HUE'}","{'h': '1', 'a': '0'}","{'h': '1.94908', 'a': '0.440876'}",2019-01-12 12:00:00,"{'w': '0.8061', 'd': '0.1455', 'l': '0.0484'}",2018
10142,True,"{'id': '146', 'title': 'Valencia', 'short_title': 'VAL'}","{'id': '231', 'title': 'Real Valladolid', 'short_title': 'VAL'}","{'h': '1', 'a': '1'}","{'h': '3.62567', 'a': '0.167732'}",2019-01-12 15:15:00,"{'w': '0.992', 'd': '0.0075', 'l': '0.0005'}",2018
10140,True,"{'id': '223', 'title': 'Girona', 'short_title': 'GIR'}","{'id': '158', 'title': 'Alaves', 'short_title': 'ALA'}","{'h': '1', 'a': '1'}","{'h': '0.538744', 'a': '1.04715'}",2019-01-12 17:30:00,"{'w': '0.1688', 'd': '0.338', 'l': '0.4932'}",2018
10137,True,"{'id': '154', 'title': 'Villarreal', 'short_title': 'VIL'}","{'id': '142', 'title': 'Getafe', 'short_title': 'GET'}","{'h': '1', 'a': '2'}","{'h': '2.91695', 'a': '0.845554'}",2019-01-12 19:45:00,"{'w': '0.8579', 'd': '0.1036', 'l': '0.0385'}",2018
10145,True,"{'id': '143', 'title': 'Atletico Madrid', 'short_title': 'ATL'}","{'id': '151', 'title': 'Levante', 'short_title': 'LEV'}","{'h': '1', 'a': '0'}","{'h': '2.42604', 'a': '0.897143'}",2019-01-13 11:00:00,"{'w': '0.7893', 'd': '0.1627', 'l': '0.048'}",2018
10146,True,"{'id': '147', 'title': 'Athletic Club', 'short_title': 'ATH'}","{'id': '138', 'title': 'Sevilla', 'short_title': 'SEV'}","{'h': '2', 'a': '0'}","{'h': '1.20272', 'a': '0.735092'}",2019-01-13 15:15:00,"{'w': '0.4994', 'd': '0.3026', 'l': '0.198'}",2018
10144,True,"{'id': '148', 'title': 'Barcelona', 'short_title': 'BAR'}","{'id': '156', 'title': 'Eibar', 'short_title': 'EIB'}","{'h': '3', 'a': '0'}","{'h': '1.51059', 'a': '0.708521'}",2019-01-13 17:30:00,"{'w': '0.5889', 'd': '0.2593', 'l': '0.1518'}",2018
10143,True,"{'id': '153', 'title': 'Real Betis', 'short_title': 'BET'}","{'id': '150', 'title': 'Real Madrid', 'short_title': 'RMA'}","{'h': '1', 'a': '2'}","{'h': '0.688888', 'a': '0.757727'}",2019-01-13 19:45:00,"{'w': '0.3085', 'd': '0.3823', 'l': '0.3092'}",2018
10138,True,"{'id': '140', 'title': 'Real Sociedad', 'short_title': 'SOC'}","{'id': '141', 'title': 'Espanyol', 'short_title': 'ESP'}","{'h': '3', 'a': '2'}","{'h': '2.68319', 'a': '2.4151'}",2019-01-14 20:00:00,"{'w': '0.4509', 'd': '0.2416', 'l': '0.3075'}",2018
10151,True,"{'id': '142', 'title': 'Getafe', 'short_title': 'GET'}","{'id': '158', 'title': 'Alaves', 'short_title': 'ALA'}","{'h': '4', 'a': '0'}","{'h': '2.08041', 'a': '0.272956'}",2019-01-18 20:00:00,"{'w': '0.8646', 'd': '0.1139', 'l': '0.0215'}",2018
10150,True,"{'id': '150', 'title': 'Real Madrid', 'short_title': 'RMA'}","{'id': '138', 'title': 'Sevilla', 'short_title': 'SEV'}","{'h': '2', 'a': '0'}","{'h': '1.59927', 'a': '0.396637'}",2019-01-19 15:15:00,"{'w': '0.6965', 'd': '0.2308', 'l': '0.0727'}",2018
10147,True,"{'id': '232', 'title': 'SD Huesca', 'short_title': 'HUE'}","{'id': '143', 'title': 'Atletico Madrid', 'short_title': 'ATL'}","{'h': '0', 'a': '3'}","{'h': '1.23016', 'a': '2.74037'}",2019-01-19 17:30:00,"{'w': '0.0989', 'd': '0.1602', 'l': '0.7409'}",2018
10154,True,"{'id': '152', 'title': 'Celta Vigo', 'short_title': 'CEL'}","{'id': '146', 'title': 'Valencia', 'short_title': 'VAL'}","{'h': '1', 'a': '2'}","{'h': '0.805422', 'a': '1.33595'}",2019-01-19 19:45:00,"{'w': '0.1983', 'd': '0.3014', 'l': '0.5003'}",2018
10153,True,"{'id': '153', 'title': 'Real Betis', 'short_title': 'BET'}","{'id': '223', 'title': 'Girona', 'short_title': 'GIR'}","{'h': '3', 'a': '2'}","{'h': '1.41803', 'a': '0.918079'}",2019-01-20 11:00:00,"{'w': '0.5015', 'd': '0.3056', 'l': '0.1929'}",2018
10152,True,"{'id': '154', 'title': 'Villarreal', 'short_title': 'VIL'}","{'id': '147', 'title': 'Athletic Club', 'short_title': 'ATH'}","{'h': '1', 'a': '1'}","{'h': '1.06242', 'a': '0.463927'}",2019-01-20 15:15:00,"{'w': '0.5925', 'd': '0.3063', 'l': '0.1012'}",2018
10149,True,"{'id': '145', 'title': 'Rayo Vallecano', 'short_title': 'RVL'}","{'id': '140', 'title': 'Real Sociedad', 'short_title': 'SOC'}","{'h': '2', 'a': '2'}","{'h': '0.768424', 'a': '1.82818'}",2019-01-20 17:30:00,"{'w': '0.1136', 'd': '0.2194', 'l': '0.667'}",2018
10156,True,"{'id': '151', 'title': 'Levante', 'short_title': 'LEV'}","{'id': '231', 'title': 'Real Valladolid', 'short_title': 'VAL'}","{'h': '2', 'a': '0'}","{'h': '1.42912', 'a': '1.49778'}",2019-01-20 17:30:00,"{'w': '0.3367', 'd': '0.2786', 'l': '0.3847'}",2018
10148,True,"{'id': '148', 'title': 'Barcelona', 'short_title': 'BAR'}","{'id': '159', 'title': 'Leganes', 'short_title': 'LEG'}","{'h': '3', 'a': '1'}","{'h': '2.03933', 'a': '0.815471'}",2019-01-20 19:45:00,"{'w': '0.7143', 'd': '0.2156', 'l': '0.0701'}",2018
10155,True,"{'id': '156', 'title': 'Eibar', 'short_title': 'EIB'}","{'id': '141', 'title': 'Espanyol', 'short_title': 'ESP'}","{'h': '3', 'a': '0'}","{'h': '2.18267', 'a': '0.65215'}",2019-01-21 20:00:00,"{'w': '0.7676', 'd': '0.1653', 'l': '0.0671'}",2018
10162,True,"{'id': '146', 'title': 'Valencia', 'short_title': 'VAL'}","{'id': '154', 'title': 'Villarreal', 'short_title': 'VIL'}","{'h': '3', 'a': '0'}","{'h': '1.63321', 'a': '0.928755'}",2019-01-26 00:00:00,"{'w': '0.5476', 'd': '0.2582', 'l': '0.1942'}",2018
10166,True,"{'id': '138', 'title': 'Sevilla', 'short_title': 'SEV'}","{'id': '151', 'title': 'Levante', 'short_title': 'LEV'}","{'h': '5', 'a': '0'}","{'h': '5.03124', 'a': '0.299152'}",2019-01-26 12:00:00,"{'w': '0.9973', 'd': '0.0024', 'l': '0.0003'}",2018
10164,True,"{'id': '143', 'title': 'Atletico Madrid', 'short_title': 'ATL'}","{'id': '142', 'title': 'Getafe', 'short_title': 'GET'}","{'h': '2', 'a': '0'}","{'h': '1.87881', 'a': '0.277316'}",2019-01-26 15:15:00,"{'w': '0.8399', 'd': '0.1332', 'l': '0.0269'}",2018
10159,True,"{'id': '159', 'title': 'Leganes', 'short_title': 'LEG'}","{'id': '156', 'title': 'Eibar', 'short_title': 'EIB'}","{'h': '2', 'a': '2'}","{'h': '0.422612', 'a': '0.491102'}",2019-01-26 17:30:00,"{'w': '0.2197', 'd': '0.4717', 'l': '0.3086'}",2018
10165,True,"{'id': '147', 'title': 'Athletic Club', 'short_title': 'ATH'}","{'id': '153', 'title': 'Real Betis', 'short_title': 'BET'}","{'h': '1', 'a': '0'}","{'h': '1.09062', 'a': '0.322397'}",2019-01-27 00:00:00,"{'w': '0.5941', 'd': '0.3095', 'l': '0.0964'}",2018
10160,True,"{'id': '231', 'title': 'Real Valladolid', 'short_title': 'VAL'}","{'id': '152', 'title': 'Celta Vigo', 'short_title': 'CEL'}","{'h': '2', 'a': '1'}","{'h': '1.95805', 'a': '0.902965'}",2019-01-27 11:00:00,"{'w': '0.6426', 'd': '0.2244', 'l': '0.133'}",2018
10161,True,"{'id': '223', 'title': 'Girona', 'short_title': 'GIR'}","{'id': '148', 'title': 'Barcelona', 'short_title': 'BAR'}","{'h': '0', 'a': '2'}","{'h': '1.51969', 'a': '2.62139'}",2019-01-27 15:15:00,"{'w': '0.1724', 'd': '0.1913', 'l': '0.6363'}",2018
10158,True,"{'id': '140', 'title': 'Real Sociedad', 'short_title': 'SOC'}","{'id': '232', 'title': 'SD Huesca', 'short_title': 'HUE'}","{'h': '0', 'a': '0'}","{'h': '0.307366', 'a': '0.549205'}",2019-01-27 17:30:00,"{'w': '0.1594', 'd': '0.4857', 'l': '0.3549'}",2018
10163,True,"{'id': '141', 'title': 'Espanyol', 'short_title': 'ESP'}","{'id': '150', 'title': 'Real Madrid', 'short_title': 'RMA'}","{'h': '2', 'a': '4'}","{'h': '1.20349', 'a': '2.37579'}",2019-01-27 19:45:00,"{'w': '0.1358', 'd': '0.1956', 'l': '0.6686'}",2018
10157,True,"{'id': '158', 'title': 'Alaves', 'short_title': 'ALA'}","{'id': '145', 'title': 'Rayo Vallecano', 'short_title': 'RVL'}","{'h': '0', 'a': '1'}","{'h': '0.861666', 'a': '1.19524'}",2019-01-28 20:00:00,"{'w': '0.2523', 'd': '0.3108', 'l': '0.4369'}",2018
10173,True,"{'id': '232', 'title': 'SD Huesca', 'short_title': 'HUE'}","{'id': '231', 'title': 'Real Valladolid', 'short_title': 'VAL'}","{'h': '4', 'a': '0'}","{'h': '1.97934', 'a': '0.546436'}",2019-02-01 20:00:00,"{'w': '0.7678', 'd': '0.1665', 'l': '0.0657'}",2018
10168,True,"{'id': '151', 'title': 'Levante', 'short_title': 'LEV'}","{'id': '142', 'title': 'Getafe', 'short_title': 'GET'}","{'h': '0', 'a': '0'}","{'h': '0.579123', 'a': '0.37179'}",2019-02-02 12:00:00,"{'w': '0.3445', 'd': '0.4614', 'l': '0.1941'}",2018
10171,True,"{'id': '140', 'title': 'Real Sociedad', 'short_title': 'SOC'}","{'id': '147', 'title': 'Athletic Club', 'short_title': 'ATH'}","{'h': '2', 'a': '1'}","{'h': '1.63134', 'a': '1.22419'}",2019-02-02 15:15:00,"{'w': '0.4712', 'd': '0.3557', 'l': '0.1731'}",2018
10167,True,"{'id': '148', 'title': 'Barcelona', 'short_title': 'BAR'}","{'id': '146', 'title': 'Valencia', 'short_title': 'VAL'}","{'h': '2', 'a': '2'}","{'h': '1.80518', 'a': '3.53962'}",2019-02-02 17:30:00,"{'w': '0.0854', 'd': '0.1315', 'l': '0.7831'}",2018
10175,True,"{'id': '152', 'title': 'Celta Vigo', 'short_title': 'CEL'}","{'id': '138', 'title': 'Sevilla', 'short_title': 'SEV'}","{'h': '1', 'a': '0'}","{'h': '0.935214', 'a': '0.682747'}",2019-02-02 19:45:00,"{'w': '0.4112', 'd': '0.3588', 'l': '0.23'}",2018
10169,True,"{'id': '154', 'title': 'Villarreal', 'short_title': 'VIL'}","{'id': '141', 'title': 'Espanyol', 'short_title': 'ESP'}","{'h': '2', 'a': '2'}","{'h': '2.80288', 'a': '1.34672'}",2019-02-03 11:00:00,"{'w': '0.7523', 'd': '0.1612', 'l': '0.0865'}",2018
10170,True,"{'id': '153', 'title': 'Real Betis', 'short_title': 'BET'}","{'id': '143', 'title': 'Atletico Madrid', 'short_title': 'ATL'}","{'h': '1', 'a': '0'}","{'h': '1.01873', 'a': '0.553708'}",2019-02-03 15:15:00,"{'w': '0.5192', 'd': '0.329', 'l': '0.1518'}",2018
10174,True,"{'id': '156', 'title': 'Eibar', 'short_title': 'EIB'}","{'id': '223', 'title': 'Girona', 'short_title': 'GIR'}","{'h': '3', 'a': '0'}","{'h': '1.8546', 'a': '0.235641'}",2019-02-03 17:30:00,"{'w': '0.843', 'd': '0.1337', 'l': '0.0233'}",2018
10172,True,"{'id': '150', 'title': 'Real Madrid', 'short_title': 'RMA'}","{'id': '158', 'title': 'Alaves', 'short_title': 'ALA'}","{'h': '3', 'a': '0'}","{'h': '2.9864', 'a': '0.665729'}",2019-02-03 19:45:00,"{'w': '0.8916', 'd': '0.0823', 'l': '0.0261'}",2018
10176,True,"{'id': '145', 'title': 'Rayo Vallecano', 'short_title': 'RVL'}","{'id': '159', 'title': 'Leganes', 'short_title': 'LEG'}","{'h': '1', 'a': '2'}","{'h': '1.86904', 'a': '0.86924'}",2019-02-04 20:00:00,"{'w': '0.6525', 'd': '0.2184', 'l': '0.1291'}",2018
10181,True,"{'id': '231', 'title': 'Real Valladolid', 'short_title': 'VAL'}","{'id': '154', 'title': 'Villarreal', 'short_title': 'VIL'}","{'h': '0', 'a': '0'}","{'h': '0.504205', 'a': '1.32176'}",2019-02-08 20:00:00,"{'w': '0.1172', 'd': '0.2748', 'l': '0.608'}",2018
10179,True,"{'id': '142', 'title': 'Getafe', 'short_title': 'GET'}","{'id': '152', 'title': 'Celta Vigo', 'short_title': 'CEL'}","{'h': '3', 'a': '1'}","{'h': '2.65279', 'a': '1.10966'}",2019-02-09 12:00:00,"{'w': '0.7679', 'd': '0.1507', 'l': '0.0814'}",2018
10177,True,"{'id': '143', 'title': 'Atletico Madrid', 'short_title': 'ATL'}","{'id': '150', 'title': 'Real Madrid', 'short_title': 'RMA'}","{'h': '1', 'a': '3'}","{'h': '1.02136', 'a': '1.4515'}",2019-02-09 15:15:00,"{'w': '0.2164', 'd': '0.3086', 'l': '0.475'}",2018
10183,True,"{'id': '141', 'title': 'Espanyol', 'short_title': 'ESP'}","{'id': '145', 'title': 'Rayo Vallecano', 'short_title': 'RVL'}","{'h': '2', 'a': '1'}","{'h': '1.70334', 'a': '0.627993'}",2019-02-09 17:30:00,"{'w': '0.6854', 'd': '0.2221', 'l': '0.0925'}",2018
10182,True,"{'id': '223', 'title': 'Girona', 'short_title': 'GIR'}","{'id': '232', 'title': 'SD Huesca', 'short_title': 'HUE'}","{'h': '0', 'a': '2'}","{'h': '1.37725', 'a': '0.683864'}",2019-02-09 19:45:00,"{'w': '0.5651', 'd': '0.2989', 'l': '0.136'}",2018
10180,True,"{'id': '159', 'title': 'Leganes', 'short_title': 'LEG'}","{'id': '153', 'title': 'Real Betis', 'short_title': 'BET'}","{'h': '3', 'a': '0'}","{'h': '2.08097', 'a': '0.125797'}",2019-02-10 11:00:00,"{'w': '0.8877', 'd': '0.1022', 'l': '0.0101'}",2018
10186,True,"{'id': '146', 'title': 'Valencia', 'short_title': 'VAL'}","{'id': '140', 'title': 'Real Sociedad', 'short_title': 'SOC'}","{'h': '0', 'a': '0'}","{'h': '1.62448', 'a': '0.502054'}",2019-02-10 15:15:00,"{'w': '0.7518', 'd': '0.1926', 'l': '0.0556'}",2018
10178,True,"{'id': '138', 'title': 'Sevilla', 'short_title': 'SEV'}","{'id': '156', 'title': 'Eibar', 'short_title': 'EIB'}","{'h': '2', 'a': '2'}","{'h': '1.54912', 'a': '1.43993'}",2019-02-10 17:30:00,"{'w': '0.3867', 'd': '0.2826', 'l': '0.3307'}",2018
10184,True,"{'id': '147', 'title': 'Athletic Club', 'short_title': 'ATH'}","{'id': '148', 'title': 'Barcelona', 'short_title': 'BAR'}","{'h': '0', 'a': '0'}","{'h': '1.67679', 'a': '0.697307'}",2019-02-10 19:45:00,"{'w': '0.6512', 'd': '0.2372', 'l': '0.1116'}",2018
10185,True,"{'id': '158', 'title': 'Alaves', 'short_title': 'ALA'}","{'id': '151', 'title': 'Levante', 'short_title': 'LEV'}","{'h': '2', 'a': '0'}","{'h': '2.07543', 'a': '0.269208'}",2019-02-11 20:00:00,"{'w': '0.8492', 'd': '0.1261', 'l': '0.0247'}",2018
10194,True,"{'id': '156', 'title': 'Eibar', 'short_title': 'EIB'}","{'id': '142', 'title': 'Getafe', 'short_title': 'GET'}","{'h': '2', 'a': '2'}","{'h': '1.64574', 'a': '0.845732'}",2019-02-15 20:00:00,"{'w': '0.5999', 'd': '0.271', 'l': '0.1291'}",2018
10195,True,"{'id': '152', 'title': 'Celta Vigo', 'short_title': 'CEL'}","{'id': '151', 'title': 'Levante', 'short_title': 'LEV'}","{'h': '1', 'a': '4'}","{'h': '1.61531', 'a': '2.9399'}",2019-02-16 12:00:00,"{'w': '0.1216', 'd': '0.1807', 'l': '0.6977'}",2018
10191,True,"{'id': '145', 'title': 'Rayo Vallecano', 'short_title': 'RVL'}","{'id': '143', 'title': 'Atletico Madrid', 'short_title': 'ATL'}","{'h': '0', 'a': '1'}","{'h': '1.07992', 'a': '0.146851'}",2019-02-16 15:15:00,"{'w': '0.6592', 'd': '0.3001', 'l': '0.0407'}",2018
10188,True,"{'id': '140', 'title': 'Real Sociedad', 'short_title': 'SOC'}","{'id': '159', 'title': 'Leganes', 'short_title': 'LEG'}","{'h': '3', 'a': '0'}","{'h': '1.87893', 'a': '1.05178'}",2019-02-16 17:30:00,"{'w': '0.5903', 'd': '0.24', 'l': '0.1697'}",2018
10187,True,"{'id': '148', 'title': 'Barcelona', 'short_title': 'BAR'}","{'id': '231', 'title': 'Real Valladolid', 'short_title': 'VAL'}","{'h': '1', 'a': '0'}","{'h': '3.7496', 'a': '0.306817'}",2019-02-16 19:45:00,"{'w': '0.982', 'd': '0.0155', 'l': '0.0025'}",2018
10189,True,"{'id': '150', 'title': 'Real Madrid', 'short_title': 'RMA'}","{'id': '223', 'title': 'Girona', 'short_title': 'GIR'}","{'h': '1', 'a': '2'}","{'h': '1.74859', 'a': '3.23428'}",2019-02-17 11:00:00,"{'w': '0.1099', 'd': '0.1559', 'l': '0.7342'}",2018
10190,True,"{'id': '146', 'title': 'Valencia', 'short_title': 'VAL'}","{'id': '141', 'title': 'Espanyol', 'short_title': 'ESP'}","{'h': '0', 'a': '0'}","{'h': '1.44111', 'a': '0.236317'}",2019-02-17 15:15:00,"{'w': '0.7136', 'd': '0.2349', 'l': '0.0515'}",2018
10196,True,"{'id': '154', 'title': 'Villarreal', 'short_title': 'VIL'}","{'id': '138', 'title': 'Sevilla', 'short_title': 'SEV'}","{'h': '3', 'a': '0'}","{'h': '1.85386', 'a': '2.49386'}",2019-02-17 17:30:00,"{'w': '0.2616', 'd': '0.2218', 'l': '0.5166'}",2018
10193,True,"{'id': '153', 'title': 'Real Betis', 'short_title': 'BET'}","{'id': '158', 'title': 'Alaves', 'short_title': 'ALA'}","{'h': '1', 'a': '1'}","{'h': '3.54904', 'a': '1.15597'}",2019-02-17 19:45:00,"{'w': '0.887', 'd': '0.0849', 'l': '0.0281'}",2018
10192,True,"{'id': '232', 'title': 'SD Huesca', 'short_title': 'HUE'}","{'id': '147', 'title': 'Athletic Club', 'short_title': 'ATH'}","{'h': '0', 'a': '1'}","{'h': '1.16274', 'a': '1.36952'}",2019-02-18 20:00:00,"{'w': '0.2768', 'd': '0.3144', 'l': '0.4088'}",2018
10203,True,"{'id': '141', 'title': 'Espanyol', 'short_title': 'ESP'}","{'id': '232', 'title': 'SD Huesca', 'short_title': 'HUE'}","{'h': '1', 'a': '1'}","{'h': '1.02096', 'a': '0.983427'}",2019-02-22 20:00:00,"{'w': '0.3538', 'd': '0.3151', 'l': '0.3311'}",2018
10202,True,"{'id': '142', 'title': 'Getafe', 'short_title': 'GET'}","{'id': '145', 'title': 'Rayo Vallecano', 'short_title': 'RVL'}","{'h': '2', 'a': '1'}","{'h': '1.17743', 'a': '0.7164'}",2019-02-23 12:00:00,"{'w': '0.4715', 'd': '0.3282', 'l': '0.2003'}",2018
10198,True,"{'id': '138', 'title': 'Sevilla', 'short_title': 'SEV'}","{'id': '148', 'title': 'Barcelona', 'short_title': 'BAR'}","{'h': '2', 'a': '4'}","{'h': '1.64536', 'a': '1.7385'}",2019-02-23 15:15:00,"{'w': '0.3612', 'd': '0.2511', 'l': '0.3877'}",2018
10197,True,"{'id': '158', 'title': 'Alaves', 'short_title': 'ALA'}","{'id': '152', 'title': 'Celta Vigo', 'short_title': 'CEL'}","{'h': '0', 'a': '0'}","{'h': '1.50901', 'a': '0.489844'}",2019-02-23 17:30:00,"{'w': '0.6527', 'd': '0.2468', 'l': '0.1005'}",2018
10205,True,"{'id': '147', 'title': 'Athletic Club', 'short_title': 'ATH'}","{'id': '156', 'title': 'Eibar', 'short_title': 'EIB'}","{'h': '1', 'a': '0'}","{'h': '1.33391', 'a': '0.597956'}",2019-02-23 19:45:00,"{'w': '0.5731', 'd': '0.2973', 'l': '0.1296'}",2018
10200,True,"{'id': '159', 'title': 'Leganes', 'short_title': 'LEG'}","{'id': '146', 'title': 'Valencia', 'short_title': 'VAL'}","{'h': '1', 'a': '1'}","{'h': '1.51123', 'a': '0.676896'}",2019-02-24 11:00:00,"{'w': '0.6263', 'd': '0.2666', 'l': '0.1071'}",2018
10204,True,"{'id': '143', 'title': 'Atletico Madrid', 'short_title': 'ATL'}","{'id': '154', 'title': 'Villarreal', 'short_title': 'VIL'}","{'h': '2', 'a': '0'}","{'h': '1.70719', 'a': '1.4124'}",2019-02-24 15:15:00,"{'w': '0.4548', 'd': '0.2564', 'l': '0.2888'}",2018
10206,True,"{'id': '231', 'title': 'Real Valladolid', 'short_title': 'VAL'}","{'id': '153', 'title': 'Real Betis', 'short_title': 'BET'}","{'h': '0', 'a': '2'}","{'h': '0.586609', 'a': '0.826265'}",2019-02-24 17:30:00,"{'w': '0.2139', 'd': '0.3756', 'l': '0.4105'}",2018
10199,True,"{'id': '151', 'title': 'Levante', 'short_title': 'LEV'}","{'id': '150', 'title': 'Real Madrid', 'short_title': 'RMA'}","{'h': '1', 'a': '2'}","{'h': '1.43781', 'a': '2.7512'}",2019-02-24 19:45:00,"{'w': '0.1084', 'd': '0.1833', 'l': '0.7083'}",2018
10201,True,"{'id': '223', 'title': 'Girona', 'short_title': 'GIR'}","{'id': '140', 'title': 'Real Sociedad', 'short_title': 'SOC'}","{'h': '0', 'a': '0'}","{'h': '1.09767', 'a': '0.422429'}",2019-02-25 20:00:00,"{'w': '0.566', 'd': '0.3079', 'l': '0.1261'}",2018
10216,True,"{'id': '145', 'title': 'Rayo Vallecano', 'short_title': 'RVL'}","{'id': '223', 'title': 'Girona', 'short_title': 'GIR'}","{'h': '0', 'a': '2'}","{'h': '0.661372', 'a': '1.72379'}",2019-03-01 20:00:00,"{'w': '0.1074', 'd': '0.228', 'l': '0.6646'}",2018
10214,True,"{'id': '141', 'title': 'Espanyol', 'short_title': 'ESP'}","{'id': '231', 'title': 'Real Valladolid', 'short_title': 'VAL'}","{'h': '3', 'a': '1'}","{'h': '2.93379', 'a': '1.44858'}",2019-03-02 12:00:00,"{'w': '0.7289', 'd': '0.1615', 'l': '0.1096'}",2018
10211,True,"{'id': '154', 'title': 'Villarreal', 'short_title': 'VIL'}","{'id': '158', 'title': 'Alaves', 'short_title': 'ALA'}","{'h': '1', 'a': '2'}","{'h': '1.20694', 'a': '1.3136'}",2019-03-02 15:15:00,"{'w': '0.3018', 'd': '0.3352', 'l': '0.363'}",2018
10213,True,"{'id': '232', 'title': 'SD Huesca', 'short_title': 'HUE'}","{'id': '138', 'title': 'Sevilla', 'short_title': 'SEV'}","{'h': '2', 'a': '1'}","{'h': '0.940056', 'a': '2.52975'}",2019-03-02 17:30:00,"{'w': '0.0493', 'd': '0.1397', 'l': '0.811'}",2018
10207,True,"{'id': '150', 'title': 'Real Madrid', 'short_title': 'RMA'}","{'id': '148', 'title': 'Barcelona', 'short_title': 'BAR'}","{'h': '0', 'a': '1'}","{'h': '0.7937', 'a': '1.25228'}",2019-03-02 19:45:00,"{'w': '0.2161', 'd': '0.3004', 'l': '0.4835'}",2018
10208,True,"{'id': '156', 'title': 'Eibar', 'short_title': 'EIB'}","{'id': '152', 'title': 'Celta Vigo', 'short_title': 'CEL'}","{'h': '1', 'a': '0'}","{'h': '2.66738', 'a': '0.563007'}",2019-03-03 11:00:00,"{'w': '0.9153', 'd': '0.0729', 'l': '0.0118'}",2018
10215,True,"{'id': '153', 'title': 'Real Betis', 'short_title': 'BET'}","{'id': '142', 'title': 'Getafe', 'short_title': 'GET'}","{'h': '1', 'a': '2'}","{'h': '0.572494', 'a': '1.81382'}",2019-03-03 15:15:00,"{'w': '0.0776', 'd': '0.2039', 'l': '0.7185'}",2018
10209,True,"{'id': '140', 'title': 'Real Sociedad', 'short_title': 'SOC'}","{'id': '143', 'title': 'Atletico Madrid', 'short_title': 'ATL'}","{'h': '0', 'a': '2'}","{'h': '0.727428', 'a': '2.1178'}",2019-03-03 17:30:00,"{'w': '0.0777', 'd': '0.1643', 'l': '0.758'}",2018
10210,True,"{'id': '146', 'title': 'Valencia', 'short_title': 'VAL'}","{'id': '147', 'title': 'Athletic Club', 'short_title': 'ATH'}","{'h': '2', 'a': '0'}","{'h': '1.4862', 'a': '0.442334'}",2019-03-03 19:45:00,"{'w': '0.6982', 'd': '0.2343', 'l': '0.0675'}",2018
10212,True,"{'id': '159', 'title': 'Leganes', 'short_title': 'LEG'}","{'id': '151', 'title': 'Levante', 'short_title': 'LEV'}","{'h': '1', 'a': '0'}","{'h': '2.26472', 'a': '1.74561'}",2019-03-04 20:00:00,"{'w': '0.4984', 'd': '0.2386', 'l': '0.263'}",2018
10226,True,"{'id': '147', 'title': 'Athletic Club', 'short_title': 'ATH'}","{'id': '141', 'title': 'Espanyol', 'short_title': 'ESP'}","{'h': '1', 'a': '1'}","{'h': '0.590825', 'a': '0.882653'}",2019-03-08 20:00:00,"{'w': '0.2109', 'd': '0.3607', 'l': '0.4284'}",2018
10217,True,"{'id': '158', 'title': 'Alaves', 'short_title': 'ALA'}","{'id': '156', 'title': 'Eibar', 'short_title': 'EIB'}","{'h': '1', 'a': '1'}","{'h': '2.39014', 'a': '2.53855'}",2019-03-09 12:00:00,"{'w': '0.3656', 'd': '0.2108', 'l': '0.4236'}",2018
10224,True,"{'id': '143', 'title': 'Atletico Madrid', 'short_title': 'ATL'}","{'id': '159', 'title': 'Leganes', 'short_title': 'LEG'}","{'h': '1', 'a': '0'}","{'h': '1.36052', 'a': '0.102711'}",2019-03-09 15:15:00,"{'w': '0.8861', 'd': '0.106', 'l': '0.0079'}",2018
10223,True,"{'id': '148', 'title': 'Barcelona', 'short_title': 'BAR'}","{'id': '145', 'title': 'Rayo Vallecano', 'short_title': 'RVL'}","{'h': '3', 'a': '1'}","{'h': '3.27738', 'a': '0.283535'}",2019-03-09 17:30:00,"{'w': '0.9655', 'd': '0.0288', 'l': '0.0057'}",2018
10222,True,"{'id': '142', 'title': 'Getafe', 'short_title': 'GET'}","{'id': '232', 'title': 'SD Huesca', 'short_title': 'HUE'}","{'h': '2', 'a': '1'}","{'h': '1.32144', 'a': '0.930257'}",2019-03-09 19:45:00,"{'w': '0.4601', 'd': '0.3327', 'l': '0.2072'}",2018
10219,True,"{'id': '152', 'title': 'Celta Vigo', 'short_title': 'CEL'}","{'id': '153', 'title': 'Real Betis', 'short_title': 'BET'}","{'h': '0', 'a': '1'}","{'h': '0.336565', 'a': '1.4229'}",2019-03-10 11:00:00,"{'w': '0.0676', 'd': '0.2337', 'l': '0.6987'}",2018
10221,True,"{'id': '223', 'title': 'Girona', 'short_title': 'GIR'}","{'id': '146', 'title': 'Valencia', 'short_title': 'VAL'}","{'h': '2', 'a': '3'}","{'h': '2.26151', 'a': '1.12034'}",2019-03-10 15:15:00,"{'w': '0.6852', 'd': '0.1958', 'l': '0.119'}",2018
10220,True,"{'id': '151', 'title': 'Levante', 'short_title': 'LEV'}","{'id': '154', 'title': 'Villarreal', 'short_title': 'VIL'}","{'h': '0', 'a': '2'}","{'h': '1.12697', 'a': '0.982637'}",2019-03-10 17:30:00,"{'w': '0.3764', 'd': '0.3185', 'l': '0.3051'}",2018
10225,True,"{'id': '138', 'title': 'Sevilla', 'short_title': 'SEV'}","{'id': '140', 'title': 'Real Sociedad', 'short_title': 'SOC'}","{'h': '5', 'a': '2'}","{'h': '2.88735', 'a': '1.23303'}",2019-03-10 17:30:00,"{'w': '0.769', 'd': '0.1545', 'l': '0.0765'}",2018
10218,True,"{'id': '231', 'title': 'Real Valladolid', 'short_title': 'VAL'}","{'id': '150', 'title': 'Real Madrid', 'short_title': 'RMA'}","{'h': '1', 'a': '4'}","{'h': '2.02975', 'a': '2.61033'}",2019-03-10 19:45:00,"{'w': '0.2331', 'd': '0.2542', 'l': '0.5127'}",2018
10228,True,"{'id': '140', 'title': 'Real Sociedad', 'short_title': 'SOC'}","{'id': '151', 'title': 'Levante', 'short_title': 'LEV'}","{'h': '1', 'a': '1'}","{'h': '2.68033', 'a': '1.05307'}",2019-03-15 20:00:00,"{'w': '0.7675', 'd': '0.1584', 'l': '0.0741'}",2018
10233,True,"{'id': '232', 'title': 'SD Huesca', 'short_title': 'HUE'}","{'id': '158', 'title': 'Alaves', 'short_title': 'ALA'}","{'h': '1', 'a': '3'}","{'h': '1.89009', 'a': '2.16298'}",2019-03-16 12:00:00,"{'w': '0.2897', 'd': '0.2778', 'l': '0.4325'}",2018
10231,True,"{'id': '150', 'title': 'Real Madrid', 'short_title': 'RMA'}","{'id': '152', 'title': 'Celta Vigo', 'short_title': 'CEL'}","{'h': '2', 'a': '0'}","{'h': '3.02092', 'a': '0.32231'}",2019-03-16 15:15:00,"{'w': '0.9615', 'd': '0.0337', 'l': '0.0048'}",2018
10227,True,"{'id': '147', 'title': 'Athletic Club', 'short_title': 'ATH'}","{'id': '143', 'title': 'Atletico Madrid', 'short_title': 'ATL'}","{'h': '2', 'a': '0'}","{'h': '1.32158', 'a': '1.02312'}",2019-03-16 17:30:00,"{'w': '0.4042', 'd': '0.3998', 'l': '0.196'}",2018
10229,True,"{'id': '159', 'title': 'Leganes', 'short_title': 'LEG'}","{'id': '223', 'title': 'Girona', 'short_title': 'GIR'}","{'h': '0', 'a': '2'}","{'h': '0.454611', 'a': '1.78393'}",2019-03-16 19:45:00,"{'w': '0.0547', 'd': '0.1698', 'l': '0.7755'}",2018
10235,True,"{'id': '156', 'title': 'Eibar', 'short_title': 'EIB'}","{'id': '231', 'title': 'Real Valladolid', 'short_title': 'VAL'}","{'h': '1', 'a': '2'}","{'h': '1.64354', 'a': '2.20799'}",2019-03-17 11:00:00,"{'w': '0.2302', 'd': '0.2489', 'l': '0.5209'}",2018
10234,True,"{'id': '141', 'title': 'Espanyol', 'short_title': 'ESP'}","{'id': '138', 'title': 'Sevilla', 'short_title': 'SEV'}","{'h': '0', 'a': '1'}","{'h': '0.665136', 'a': '1.34192'}",2019-03-17 15:15:00,"{'w': '0.1451', 'd': '0.2839', 'l': '0.571'}",2018
10230,True,"{'id': '146', 'title': 'Valencia', 'short_title': 'VAL'}","{'id': '142', 'title': 'Getafe', 'short_title': 'GET'}","{'h': '0', 'a': '0'}","{'h': '0.506711', 'a': '0.369827'}",2019-03-17 17:30:00,"{'w': '0.3084', 'd': '0.4861', 'l': '0.2055'}",2018
10236,True,"{'id': '154', 'title': 'Villarreal', 'short_title': 'VIL'}","{'id': '145', 'title': 'Rayo Vallecano', 'short_title': 'RVL'}","{'h': '3', 'a': '1'}","{'h': '2.6756', 'a': '0.181501'}",2019-03-17 17:30:00,"{'w': '0.9417', 'd': '0.0505', 'l': '0.0078'}",2018
10232,True,"{'id': '153', 'title': 'Real Betis', 'short_title': 'BET'}","{'id': '148', 'title': 'Barcelona', 'short_title': 'BAR'}","{'h': '1', 'a': '4'}","{'h': '1.15774', 'a': '3.79708'}",2019-03-17 19:45:00,"{'w': '0.0302', 'd': '0.0724', 'l': '0.8974'}",2018
10243,True,"{'id': '223', 'title': 'Girona', 'short_title': 'GIR'}","{'id': '147', 'title': 'Athletic Club', 'short_title': 'ATH'}","{'h': '1', 'a': '2'}","{'h': '0.243937', 'a': '1.06184'}",2019-03-29 20:00:00,"{'w': '0.0692', 'd': '0.3156', 'l': '0.6152'}",2018
10239,True,"{'id': '142', 'title': 'Getafe', 'short_title': 'GET'}","{'id': '159', 'title': 'Leganes', 'short_title': 'LEG'}","{'h': '0', 'a': '2'}","{'h': '0.793024', 'a': '1.28305'}",2019-03-30 12:00:00,"{'w': '0.1814', 'd': '0.3277', 'l': '0.4909'}",2018
10241,True,"{'id': '148', 'title': 'Barcelona', 'short_title': 'BAR'}","{'id': '141', 'title': 'Espanyol', 'short_title': 'ESP'}","{'h': '2', 'a': '0'}","{'h': '1.36012', 'a': '0.278344'}",2019-03-30 15:15:00,"{'w': '0.6768', 'd': '0.2575', 'l': '0.0657'}",2018
10240,True,"{'id': '152', 'title': 'Celta Vigo', 'short_title': 'CEL'}","{'id': '154', 'title': 'Villarreal', 'short_title': 'VIL'}","{'h': '3', 'a': '2'}","{'h': '1.89174', 'a': '2.58092'}",2019-03-30 17:30:00,"{'w': '0.2161', 'd': '0.2286', 'l': '0.5553'}",2018
10237,True,"{'id': '158', 'title': 'Alaves', 'short_title': 'ALA'}","{'id': '143', 'title': 'Atletico Madrid', 'short_title': 'ATL'}","{'h': '0', 'a': '4'}","{'h': '0.859209', 'a': '1.91501'}",2019-03-30 19:45:00,"{'w': '0.1227', 'd': '0.2182', 'l': '0.6591'}",2018
10245,True,"{'id': '151', 'title': 'Levante', 'short_title': 'LEV'}","{'id': '156', 'title': 'Eibar', 'short_title': 'EIB'}","{'h': '2', 'a': '2'}","{'h': '1.15414', 'a': '3.00118'}",2019-03-31 11:00:00,"{'w': '0.0653', 'd': '0.128', 'l': '0.8067'}",2018
10244,True,"{'id': '145', 'title': 'Rayo Vallecano', 'short_title': 'RVL'}","{'id': '153', 'title': 'Real Betis', 'short_title': 'BET'}","{'h': '1', 'a': '1'}","{'h': '2.30907', 'a': '0.494786'}",2019-03-31 13:00:00,"{'w': '0.826', 'd': '0.1279', 'l': '0.0461'}",2018
10238,True,"{'id': '138', 'title': 'Sevilla', 'short_title': 'SEV'}","{'id': '146', 'title': 'Valencia', 'short_title': 'VAL'}","{'h': '0', 'a': '1'}","{'h': '0.745225', 'a': '0.923071'}",2019-03-31 14:15:00,"{'w': '0.2307', 'd': '0.3578', 'l': '0.4115'}",2018
10242,True,"{'id': '231', 'title': 'Real Valladolid', 'short_title': 'VAL'}","{'id': '140', 'title': 'Real Sociedad', 'short_title': 'SOC'}","{'h': '1', 'a': '1'}","{'h': '1.99145', 'a': '0.736713'}",2019-03-31 16:30:00,"{'w': '0.7437', 'd': '0.1815', 'l': '0.0748'}",2018
10246,True,"{'id': '150', 'title': 'Real Madrid', 'short_title': 'RMA'}","{'id': '232', 'title': 'SD Huesca', 'short_title': 'HUE'}","{'h': '3', 'a': '2'}","{'h': '4.62852', 'a': '1.37203'}",2019-03-31 18:45:00,"{'w': '0.9497', 'd': '0.0377', 'l': '0.0126'}",2018
10255,True,"{'id': '143', 'title': 'Atletico Madrid', 'short_title': 'ATL'}","{'id': '223', 'title': 'Girona', 'short_title': 'GIR'}","{'h': '2', 'a': '0'}","{'h': '2.67949', 'a': '0.687163'}",2019-04-02 18:30:00,"{'w': '0.8599', 'd': '0.106', 'l': '0.0341'}",2018
10253,True,"{'id': '141', 'title': 'Espanyol', 'short_title': 'ESP'}","{'id': '142', 'title': 'Getafe', 'short_title': 'GET'}","{'h': '1', 'a': '1'}","{'h': '1.4931', 'a': '1.61764'}",2019-04-02 19:30:00,"{'w': '0.3162', 'd': '0.3111', 'l': '0.3727'}",2018
10250,True,"{'id': '154', 'title': 'Villarreal', 'short_title': 'VIL'}","{'id': '148', 'title': 'Barcelona', 'short_title': 'BAR'}","{'h': '4', 'a': '4'}","{'h': '2.19549', 'a': '3.08215'}",2019-04-02 20:30:00,"{'w': '0.2028', 'd': '0.1958', 'l': '0.6014'}",2018
10247,True,"{'id': '147', 'title': 'Athletic Club', 'short_title': 'ATH'}","{'id': '151', 'title': 'Levante', 'short_title': 'LEV'}","{'h': '3', 'a': '2'}","{'h': '1.86572', 'a': '1.62609'}",2019-04-03 18:30:00,"{'w': '0.413', 'd': '0.3004', 'l': '0.2866'}",2018
10248,True,"{'id': '232', 'title': 'SD Huesca', 'short_title': 'HUE'}","{'id': '152', 'title': 'Celta Vigo', 'short_title': 'CEL'}","{'h': '3', 'a': '3'}","{'h': '3.48876', 'a': '1.96582'}",2019-04-03 19:30:00,"{'w': '0.7129', 'd': '0.1572', 'l': '0.1299'}",2018
10254,True,"{'id': '156', 'title': 'Eibar', 'short_title': 'EIB'}","{'id': '145', 'title': 'Rayo Vallecano', 'short_title': 'RVL'}","{'h': '2', 'a': '1'}","{'h': '1.54524', 'a': '0.960572'}",2019-04-03 19:30:00,"{'w': '0.5297', 'd': '0.2692', 'l': '0.2011'}",2018
10256,True,"{'id': '146', 'title': 'Valencia', 'short_title': 'VAL'}","{'id': '150', 'title': 'Real Madrid', 'short_title': 'RMA'}","{'h': '2', 'a': '1'}","{'h': '1.76708', 'a': '0.852925'}",2019-04-03 20:30:00,"{'w': '0.6284', 'd': '0.2338', 'l': '0.1378'}",2018
10251,True,"{'id': '138', 'title': 'Sevilla', 'short_title': 'SEV'}","{'id': '158', 'title': 'Alaves', 'short_title': 'ALA'}","{'h': '2', 'a': '0'}","{'h': '2.02786', 'a': '0.590085'}",2019-04-04 18:30:00,"{'w': '0.7576', 'd': '0.176', 'l': '0.0664'}",2018
10252,True,"{'id': '159', 'title': 'Leganes', 'short_title': 'LEG'}","{'id': '231', 'title': 'Real Valladolid', 'short_title': 'VAL'}","{'h': '1', 'a': '0'}","{'h': '1.85079', 'a': '0.902127'}",2019-04-04 19:30:00,"{'w': '0.6199', 'd': '0.2475', 'l': '0.1326'}",2018
10249,True,"{'id': '140', 'title': 'Real Sociedad', 'short_title': 'SOC'}","{'id': '153', 'title': 'Real Betis', 'short_title': 'BET'}","{'h': '2', 'a': '1'}","{'h': '2.57254', 'a': '1.42634'}",2019-04-04 20:30:00,"{'w': '0.6582', 'd': '0.1954', 'l': '0.1464'}",2018
10259,True,"{'id': '223', 'title': 'Girona', 'short_title': 'GIR'}","{'id': '141', 'title': 'Espanyol', 'short_title': 'ESP'}","{'h': '1', 'a': '2'}","{'h': '1.3644', 'a': '0.408067'}",2019-04-06 12:00:00,"{'w': '0.6808', 'd': '0.2452', 'l': '0.074'}",2018
10260,True,"{'id': '150', 'title': 'Real Madrid', 'short_title': 'RMA'}","{'id': '156', 'title': 'Eibar', 'short_title': 'EIB'}","{'h': '2', 'a': '1'}","{'h': '1.70378', 'a': '0.679412'}",2019-04-06 15:15:00,"{'w': '0.6657', 'd': '0.2495', 'l': '0.0848'}",2018
10265,True,"{'id': '145', 'title': 'Rayo Vallecano', 'short_title': 'RVL'}","{'id': '146', 'title': 'Valencia', 'short_title': 'VAL'}","{'h': '2', 'a': '0'}","{'h': '1.73543', 'a': '2.28937'}",2019-04-06 17:30:00,"{'w': '0.232', 'd': '0.242', 'l': '0.526'}",2018
10261,True,"{'id': '148', 'title': 'Barcelona', 'short_title': 'BAR'}","{'id': '143', 'title': 'Atletico Madrid', 'short_title': 'ATL'}","{'h': '2', 'a': '0'}","{'h': '2.57608', 'a': '1.02054'}",2019-04-06 19:45:00,"{'w': '0.7485', 'd': '0.161', 'l': '0.0905'}",2018
10257,True,"{'id': '158', 'title': 'Alaves', 'short_title': 'ALA'}","{'id': '159', 'title': 'Leganes', 'short_title': 'LEG'}","{'h': '1', 'a': '1'}","{'h': '0.908638', 'a': '0.829461'}",2019-04-07 11:00:00,"{'w': '0.3601', 'd': '0.3854', 'l': '0.2545'}",2018
10266,True,"{'id': '142', 'title': 'Getafe', 'short_title': 'GET'}","{'id': '147', 'title': 'Athletic Club', 'short_title': 'ATH'}","{'h': '1', 'a': '0'}","{'h': '1.29044', 'a': '0.747402'}",2019-04-07 13:00:00,"{'w': '0.5135', 'd': '0.2937', 'l': '0.1928'}",2018
10262,True,"{'id': '231', 'title': 'Real Valladolid', 'short_title': 'VAL'}","{'id': '138', 'title': 'Sevilla', 'short_title': 'SEV'}","{'h': '0', 'a': '2'}","{'h': '1.33089', 'a': '2.24314'}",2019-04-07 15:15:00,"{'w': '0.1433', 'd': '0.2396', 'l': '0.6171'}",2018
10258,True,"{'id': '151', 'title': 'Levante', 'short_title': 'LEV'}","{'id': '232', 'title': 'SD Huesca', 'short_title': 'HUE'}","{'h': '2', 'a': '2'}","{'h': '2.60648', 'a': '1.76678'}",2019-04-07 17:30:00,"{'w': '0.5993', 'd': '0.2142', 'l': '0.1865'}",2018
10264,True,"{'id': '152', 'title': 'Celta Vigo', 'short_title': 'CEL'}","{'id': '140', 'title': 'Real Sociedad', 'short_title': 'SOC'}","{'h': '3', 'a': '1'}","{'h': '3.30598', 'a': '1.24845'}",2019-04-07 17:30:00,"{'w': '0.858', 'd': '0.1006', 'l': '0.0414'}",2018
10263,True,"{'id': '153', 'title': 'Real Betis', 'short_title': 'BET'}","{'id': '154', 'title': 'Villarreal', 'short_title': 'VIL'}","{'h': '2', 'a': '1'}","{'h': '1.80228', 'a': '1.88778'}",2019-04-07 19:45:00,"{'w': '0.3382', 'd': '0.2509', 'l': '0.4109'}",2018
10276,True,"{'id': '141', 'title': 'Espanyol', 'short_title': 'ESP'}","{'id': '158', 'title': 'Alaves', 'short_title': 'ALA'}","{'h': '2', 'a': '1'}","{'h': '0.624479', 'a': '1.09624'}",2019-04-13 12:00:00,"{'w': '0.182', 'd': '0.3416', 'l': '0.4764'}",2018
10268,True,"{'id': '232', 'title': 'SD Huesca', 'short_title': 'HUE'}","{'id': '148', 'title': 'Barcelona', 'short_title': 'BAR'}","{'h': '0', 'a': '0'}","{'h': '0.21138', 'a': '0.962057'}",2019-04-13 15:15:00,"{'w': '0.0682', 'd': '0.3516', 'l': '0.5802'}",2018
10273,True,"{'id': '143', 'title': 'Atletico Madrid', 'short_title': 'ATL'}","{'id': '152', 'title': 'Celta Vigo', 'short_title': 'CEL'}","{'h': '2', 'a': '0'}","{'h': '1.75463', 'a': '0.617854'}",2019-04-13 17:30:00,"{'w': '0.7196', 'd': '0.2072', 'l': '0.0732'}",2018
10269,True,"{'id': '138', 'title': 'Sevilla', 'short_title': 'SEV'}","{'id': '153', 'title': 'Real Betis', 'short_title': 'BET'}","{'h': '3', 'a': '2'}","{'h': '2.32083', 'a': '1.09294'}",2019-04-13 19:45:00,"{'w': '0.7177', 'd': '0.1789', 'l': '0.1034'}",2018
10271,True,"{'id': '231', 'title': 'Real Valladolid', 'short_title': 'VAL'}","{'id': '142', 'title': 'Getafe', 'short_title': 'GET'}","{'h': '2', 'a': '2'}","{'h': '1.39618', 'a': '1.36776'}",2019-04-14 11:00:00,"{'w': '0.3347', 'd': '0.3446', 'l': '0.3207'}",2018
10267,True,"{'id': '147', 'title': 'Athletic Club', 'short_title': 'ATH'}","{'id': '145', 'title': 'Rayo Vallecano', 'short_title': 'RVL'}","{'h': '3', 'a': '2'}","{'h': '2.60334', 'a': '0.73101'}",2019-04-14 13:00:00,"{'w': '0.8767', 'd': '0.1015', 'l': '0.0218'}",2018
10270,True,"{'id': '140', 'title': 'Real Sociedad', 'short_title': 'SOC'}","{'id': '156', 'title': 'Eibar', 'short_title': 'EIB'}","{'h': '1', 'a': '1'}","{'h': '0.293383', 'a': '0.99834'}",2019-04-14 15:15:00,"{'w': '0.0987', 'd': '0.3573', 'l': '0.544'}",2018
10274,True,"{'id': '223', 'title': 'Girona', 'short_title': 'GIR'}","{'id': '154', 'title': 'Villarreal', 'short_title': 'VIL'}","{'h': '0', 'a': '1'}","{'h': '0.964694', 'a': '1.39136'}",2019-04-14 17:30:00,"{'w': '0.248', 'd': '0.2841', 'l': '0.4679'}",2018
10272,True,"{'id': '146', 'title': 'Valencia', 'short_title': 'VAL'}","{'id': '151', 'title': 'Levante', 'short_title': 'LEV'}","{'h': '3', 'a': '1'}","{'h': '2.86682', 'a': '0.279883'}",2019-04-14 19:45:00,"{'w': '0.955', 'd': '0.0404', 'l': '0.0046'}",2018
10275,True,"{'id': '159', 'title': 'Leganes', 'short_title': 'LEG'}","{'id': '150', 'title': 'Real Madrid', 'short_title': 'RMA'}","{'h': '1', 'a': '1'}","{'h': '0.651235', 'a': '1.20942'}",2019-04-15 20:00:00,"{'w': '0.1754', 'd': '0.3305', 'l': '0.4941'}",2018
10277,True,"{'id': '158', 'title': 'Alaves', 'short_title': 'ALA'}","{'id': '231', 'title': 'Real Valladolid', 'short_title': 'VAL'}","{'h': '2', 'a': '2'}","{'h': '0.698942', 'a': '1.87763'}",2019-04-19 20:00:00,"{'w': '0.0899', 'd': '0.1962', 'l': '0.7139'}",2018
10283,True,"{'id': '152', 'title': 'Celta Vigo', 'short_title': 'CEL'}","{'id': '223', 'title': 'Girona', 'short_title': 'GIR'}","{'h': '2', 'a': '1'}","{'h': '1.78831', 'a': '0.331788'}",2019-04-20 12:00:00,"{'w': '0.7898', 'd': '0.1656', 'l': '0.0446'}",2018
10280,True,"{'id': '156', 'title': 'Eibar', 'short_title': 'EIB'}","{'id': '143', 'title': 'Atletico Madrid', 'short_title': 'ATL'}","{'h': '0', 'a': '1'}","{'h': '0.860003', 'a': '1.55196'}",2019-04-20 15:15:00,"{'w': '0.1588', 'd': '0.285', 'l': '0.5562'}",2018
10282,True,"{'id': '145', 'title': 'Rayo Vallecano', 'short_title': 'RVL'}","{'id': '232', 'title': 'SD Huesca', 'short_title': 'HUE'}","{'h': '0', 'a': '0'}","{'h': '1.31996', 'a': '1.04463'}",2019-04-20 17:30:00,"{'w': '0.4133', 'd': '0.3244', 'l': '0.2623'}",2018
10285,True,"{'id': '148', 'title': 'Barcelona', 'short_title': 'BAR'}","{'id': '140', 'title': 'Real Sociedad', 'short_title': 'SOC'}","{'h': '2', 'a': '1'}","{'h': '1.2673', 'a': '0.883156'}",2019-04-20 19:45:00,"{'w': '0.4557', 'd': '0.3123', 'l': '0.232'}",2018
10281,True,"{'id': '151', 'title': 'Levante', 'short_title': 'LEV'}","{'id': '141', 'title': 'Espanyol', 'short_title': 'ESP'}","{'h': '2', 'a': '2'}","{'h': '2.0614', 'a': '2.21288'}",2019-04-21 11:00:00,"{'w': '0.3349', 'd': '0.2569', 'l': '0.4082'}",2018
10278,True,"{'id': '142', 'title': 'Getafe', 'short_title': 'GET'}","{'id': '138', 'title': 'Sevilla', 'short_title': 'SEV'}","{'h': '3', 'a': '0'}","{'h': '2.72704', 'a': '0.625236'}",2019-04-21 13:00:00,"{'w': '0.9075', 'd': '0.0733', 'l': '0.0192'}",2018
10279,True,"{'id': '150', 'title': 'Real Madrid', 'short_title': 'RMA'}","{'id': '147', 'title': 'Athletic Club', 'short_title': 'ATH'}","{'h': '3', 'a': '0'}","{'h': '1.94223', 'a': '0.536637'}",2019-04-21 15:15:00,"{'w': '0.7429', 'd': '0.1815', 'l': '0.0756'}",2018
10286,True,"{'id': '154', 'title': 'Villarreal', 'short_title': 'VIL'}","{'id': '159', 'title': 'Leganes', 'short_title': 'LEG'}","{'h': '2', 'a': '1'}","{'h': '0.928267', 'a': '1.0992'}",2019-04-21 17:30:00,"{'w': '0.2596', 'd': '0.3465', 'l': '0.3939'}",2018
10284,True,"{'id': '153', 'title': 'Real Betis', 'short_title': 'BET'}","{'id': '146', 'title': 'Valencia', 'short_title': 'VAL'}","{'h': '1', 'a': '2'}","{'h': '2.02559', 'a': '0.268434'}",2019-04-21 19:45:00,"{'w': '0.8581', 'd': '0.1224', 'l': '0.0195'}",2018
10289,True,"{'id': '232', 'title': 'SD Huesca', 'short_title': 'HUE'}","{'id': '156', 'title': 'Eibar', 'short_title': 'EIB'}","{'h': '2', 'a': '0'}","{'h': '1.19385', 'a': '0.651098'}",2019-04-23 18:30:00,"{'w': '0.5082', 'd': '0.3212', 'l': '0.1706'}",2018
10288,True,"{'id': '231', 'title': 'Real Valladolid', 'short_title': 'VAL'}","{'id': '223', 'title': 'Girona', 'short_title': 'GIR'}","{'h': '1', 'a': '0'}","{'h': '0.939017', 'a': '0.313348'}",2019-04-23 19:30:00,"{'w': '0.526', 'd': '0.3626', 'l': '0.1114'}",2018
10287,True,"{'id': '158', 'title': 'Alaves', 'short_title': 'ALA'}","{'id': '148', 'title': 'Barcelona', 'short_title': 'BAR'}","{'h': '0', 'a': '2'}","{'h': '0.220726', 'a': '2.51344'}",2019-04-23 20:30:00,"{'w': '0.0084', 'd': '0.0645', 'l': '0.9271'}",2018
10295,True,"{'id': '143', 'title': 'Atletico Madrid', 'short_title': 'ATL'}","{'id': '146', 'title': 'Valencia', 'short_title': 'VAL'}","{'h': '3', 'a': '2'}","{'h': '1.7288', 'a': '2.05808'}",2019-04-24 18:30:00,"{'w': '0.2842', 'd': '0.2564', 'l': '0.4594'}",2018
10290,True,"{'id': '141', 'title': 'Espanyol', 'short_title': 'ESP'}","{'id': '152', 'title': 'Celta Vigo', 'short_title': 'CEL'}","{'h': '1', 'a': '1'}","{'h': '1.88188', 'a': '2.80839'}",2019-04-24 19:30:00,"{'w': '0.1866', 'd': '0.2098', 'l': '0.6036'}",2018
10292,True,"{'id': '159', 'title': 'Leganes', 'short_title': 'LEG'}","{'id': '147', 'title': 'Athletic Club', 'short_title': 'ATH'}","{'h': '0', 'a': '1'}","{'h': '0.517853', 'a': '0.160435'}",2019-04-24 19:30:00,"{'w': '0.3643', 'd': '0.5391', 'l': '0.0966'}",2018
10291,True,"{'id': '151', 'title': 'Levante', 'short_title': 'LEV'}","{'id': '153', 'title': 'Real Betis', 'short_title': 'BET'}","{'h': '4', 'a': '0'}","{'h': '1.56717', 'a': '0.298749'}",2019-04-24 20:30:00,"{'w': '0.7954', 'd': '0.1696', 'l': '0.035'}",2018
10296,True,"{'id': '138', 'title': 'Sevilla', 'short_title': 'SEV'}","{'id': '145', 'title': 'Rayo Vallecano', 'short_title': 'RVL'}","{'h': '5', 'a': '0'}","{'h': '3.63403', 'a': '0.75592'}",2019-04-25 18:30:00,"{'w': '0.9432', 'd': '0.0437', 'l': '0.0131'}",2018
10293,True,"{'id': '140', 'title': 'Real Sociedad', 'short_title': 'SOC'}","{'id': '154', 'title': 'Villarreal', 'short_title': 'VIL'}","{'h': '0', 'a': '1'}","{'h': '0.843995', 'a': '1.06313'}",2019-04-25 19:30:00,"{'w': '0.2565', 'd': '0.3412', 'l': '0.4023'}",2018
10294,True,"{'id': '142', 'title': 'Getafe', 'short_title': 'GET'}","{'id': '150', 'title': 'Real Madrid', 'short_title': 'RMA'}","{'h': '0', 'a': '0'}","{'h': '0.56694', 'a': '1.53593'}",2019-04-25 20:30:00,"{'w': '0.1107', 'd': '0.2421', 'l': '0.6472'}",2018
10301,True,"{'id': '147', 'title': 'Athletic Club', 'short_title': 'ATH'}","{'id': '158', 'title': 'Alaves', 'short_title': 'ALA'}","{'h': '1', 'a': '1'}","{'h': '1.35453', 'a': '1.22488'}",2019-04-27 12:00:00,"{'w': '0.3949', 'd': '0.2878', 'l': '0.3173'}",2018
10297,True,"{'id': '143', 'title': 'Atletico Madrid', 'short_title': 'ATL'}","{'id': '231', 'title': 'Real Valladolid', 'short_title': 'VAL'}","{'h': '1', 'a': '0'}","{'h': '0.510006', 'a': '0.584597'}",2019-04-27 15:15:00,"{'w': '0.2531', 'd': '0.4519', 'l': '0.295'}",2018
10300,True,"{'id': '159', 'title': 'Leganes', 'short_title': 'LEG'}","{'id': '152', 'title': 'Celta Vigo', 'short_title': 'CEL'}","{'h': '0', 'a': '0'}","{'h': '0.387737', 'a': '0.284391'}",2019-04-27 17:30:00,"{'w': '0.2616', 'd': '0.5639', 'l': '0.1745'}",2018
10305,True,"{'id': '148', 'title': 'Barcelona', 'short_title': 'BAR'}","{'id': '151', 'title': 'Levante', 'short_title': 'LEV'}","{'h': '1', 'a': '0'}","{'h': '2.39304', 'a': '0.835832'}",2019-04-27 19:45:00,"{'w': '0.7478', 'd': '0.1654', 'l': '0.0868'}",2018
10299,True,"{'id': '146', 'title': 'Valencia', 'short_title': 'VAL'}","{'id': '156', 'title': 'Eibar', 'short_title': 'EIB'}","{'h': '0', 'a': '1'}","{'h': '0.494989', 'a': '1.48526'}",2019-04-28 11:00:00,"{'w': '0.0965', 'd': '0.2546', 'l': '0.6489'}",2018
10303,True,"{'id': '223', 'title': 'Girona', 'short_title': 'GIR'}","{'id': '138', 'title': 'Sevilla', 'short_title': 'SEV'}","{'h': '1', 'a': '0'}","{'h': '1.02214', 'a': '1.06533'}",2019-04-28 13:00:00,"{'w': '0.3086', 'd': '0.3293', 'l': '0.3621'}",2018
10298,True,"{'id': '140', 'title': 'Real Sociedad', 'short_title': 'SOC'}","{'id': '142', 'title': 'Getafe', 'short_title': 'GET'}","{'h': '2', 'a': '1'}","{'h': '2.18907', 'a': '0.470273'}",2019-04-28 15:15:00,"{'w': '0.8286', 'd': '0.1305', 'l': '0.0409'}",2018
10306,True,"{'id': '154', 'title': 'Villarreal', 'short_title': 'VIL'}","{'id': '232', 'title': 'SD Huesca', 'short_title': 'HUE'}","{'h': '1', 'a': '1'}","{'h': '1.15808', 'a': '1.33098'}",2019-04-28 17:30:00,"{'w': '0.3009', 'd': '0.2858', 'l': '0.4133'}",2018
10302,True,"{'id': '145', 'title': 'Rayo Vallecano', 'short_title': 'RVL'}","{'id': '150', 'title': 'Real Madrid', 'short_title': 'RMA'}","{'h': '1', 'a': '0'}","{'h': '1.54574', 'a': '0.460117'}",2019-04-28 19:45:00,"{'w': '0.7175', 'd': '0.2104', 'l': '0.0721'}",2018
10304,True,"{'id': '153', 'title': 'Real Betis', 'short_title': 'BET'}","{'id': '141', 'title': 'Espanyol', 'short_title': 'ESP'}","{'h': '1', 'a': '1'}","{'h': '2.16463', 'a': '2.04379'}",2019-04-29 20:00:00,"{'w': '0.4003', 'd': '0.2527', 'l': '0.347'}",2018
10316,True,"{'id': '138', 'title': 'Sevilla', 'short_title': 'SEV'}","{'id': '159', 'title': 'Leganes', 'short_title': 'LEG'}","{'h': '0', 'a': '3'}","{'h': '0.298434', 'a': '1.28827'}",2019-05-03 20:00:00,"{'w': '0.0652', 'd': '0.2547', 'l': '0.6801'}",2018
10313,True,"{'id': '151', 'title': 'Levante', 'short_title': 'LEV'}","{'id': '145', 'title': 'Rayo Vallecano', 'short_title': 'RVL'}","{'h': '4', 'a': '1'}","{'h': '3.23086', 'a': '1.81692'}",2019-05-04 12:00:00,"{'w': '0.7117', 'd': '0.1578', 'l': '0.1305'}",2018
10310,True,"{'id': '141', 'title': 'Espanyol', 'short_title': 'ESP'}","{'id': '143', 'title': 'Atletico Madrid', 'short_title': 'ATL'}","{'h': '3', 'a': '0'}","{'h': '1.72125', 'a': '0.853337'}",2019-05-04 15:15:00,"{'w': '0.6274', 'd': '0.2394', 'l': '0.1332'}",2018
10307,True,"{'id': '158', 'title': 'Alaves', 'short_title': 'ALA'}","{'id': '140', 'title': 'Real Sociedad', 'short_title': 'SOC'}","{'h': '0', 'a': '1'}","{'h': '0.684194', 'a': '0.746692'}",2019-05-04 17:30:00,"{'w': '0.2773', 'd': '0.3824', 'l': '0.3403'}",2018
10309,True,"{'id': '152', 'title': 'Celta Vigo', 'short_title': 'CEL'}","{'id': '148', 'title': 'Barcelona', 'short_title': 'BAR'}","{'h': '2', 'a': '0'}","{'h': '1.96282', 'a': '0.338957'}",2019-05-04 19:45:00,"{'w': '0.8407', 'd': '0.1268', 'l': '0.0325'}",2018
10315,True,"{'id': '142', 'title': 'Getafe', 'short_title': 'GET'}","{'id': '223', 'title': 'Girona', 'short_title': 'GIR'}","{'h': '2', 'a': '0'}","{'h': '2.462', 'a': '0.600426'}",2019-05-05 11:00:00,"{'w': '0.8518', 'd': '0.1184', 'l': '0.0298'}",2018
10308,True,"{'id': '156', 'title': 'Eibar', 'short_title': 'EIB'}","{'id': '153', 'title': 'Real Betis', 'short_title': 'BET'}","{'h': '1', 'a': '0'}","{'h': '0.665523', 'a': '2.38466'}",2019-05-05 13:00:00,"{'w': '0.0546', 'd': '0.1278', 'l': '0.8176'}",2018
10312,True,"{'id': '150', 'title': 'Real Madrid', 'short_title': 'RMA'}","{'id': '154', 'title': 'Villarreal', 'short_title': 'VIL'}","{'h': '3', 'a': '2'}","{'h': '3.13671', 'a': '0.641476'}",2019-05-05 15:15:00,"{'w': '0.9197', 'd': '0.062', 'l': '0.0183'}",2018
10311,True,"{'id': '231', 'title': 'Real Valladolid', 'short_title': 'VAL'}","{'id': '147', 'title': 'Athletic Club', 'short_title': 'ATH'}","{'h': '1', 'a': '0'}","{'h': '1.16372', 'a': '1.34312'}",2019-05-05 17:30:00,"{'w': '0.2986', 'd': '0.2984', 'l': '0.403'}",2018
10314,True,"{'id': '232', 'title': 'SD Huesca', 'short_title': 'HUE'}","{'id': '146', 'title': 'Valencia', 'short_title': 'VAL'}","{'h': '2', 'a': '6'}","{'h': '2.41782', 'a': '2.60868'}",2019-05-05 19:45:00,"{'w': '0.32', 'd': '0.2413', 'l': '0.4387'}",2018
10317,True,"{'id': '147', 'title': 'Athletic Club', 'short_title': 'ATH'}","{'id': '152', 'title': 'Celta Vigo', 'short_title': 'CEL'}","{'h': '3', 'a': '1'}","{'h': '2.05371', 'a': '0.921241'}",2019-05-12 17:30:00,"{'w': '0.7173', 'd': '0.2153', 'l': '0.0674'}",2018
10318,True,"{'id': '159', 'title': 'Leganes', 'short_title': 'LEG'}","{'id': '141', 'title': 'Espanyol', 'short_title': 'ESP'}","{'h': '0', 'a': '2'}","{'h': '0.558882', 'a': '2.83936'}",2019-05-12 17:30:00,"{'w': '0.0249', 'd': '0.0774', 'l': '0.8977'}",2018
10319,True,"{'id': '154', 'title': 'Villarreal', 'short_title': 'VIL'}","{'id': '156', 'title': 'Eibar', 'short_title': 'EIB'}","{'h': '1', 'a': '0'}","{'h': '1.36071', 'a': '0.244236'}",2019-05-12 17:30:00,"{'w': '0.6978', 'd': '0.2466', 'l': '0.0556'}",2018
10320,True,"{'id': '146', 'title': 'Valencia', 'short_title': 'VAL'}","{'id': '158', 'title': 'Alaves', 'short_title': 'ALA'}","{'h': '3', 'a': '1'}","{'h': '1.67697', 'a': '0.716334'}",2019-05-12 17:30:00,"{'w': '0.6456', 'd': '0.2338', 'l': '0.1206'}",2018
10321,True,"{'id': '145', 'title': 'Rayo Vallecano', 'short_title': 'RVL'}","{'id': '231', 'title': 'Real Valladolid', 'short_title': 'VAL'}","{'h': '1', 'a': '2'}","{'h': '1.86651', 'a': '1.48157'}",2019-05-12 17:30:00,"{'w': '0.4646', 'd': '0.2832', 'l': '0.2522'}",2018
10322,True,"{'id': '223', 'title': 'Girona', 'short_title': 'GIR'}","{'id': '151', 'title': 'Levante', 'short_title': 'LEV'}","{'h': '1', 'a': '2'}","{'h': '1.42265', 'a': '0.563093'}",2019-05-12 17:30:00,"{'w': '0.6302', 'd': '0.2609', 'l': '0.1089'}",2018
10323,True,"{'id': '153', 'title': 'Real Betis', 'short_title': 'BET'}","{'id': '232', 'title': 'SD Huesca', 'short_title': 'HUE'}","{'h': '2', 'a': '1'}","{'h': '2.00914', 'a': '1.51781'}",2019-05-12 17:30:00,"{'w': '0.4952', 'd': '0.2694', 'l': '0.2354'}",2018
10324,True,"{'id': '148', 'title': 'Barcelona', 'short_title': 'BAR'}","{'id': '142', 'title': 'Getafe', 'short_title': 'GET'}","{'h': '2', 'a': '0'}","{'h': '2.52958', 'a': '1.2421'}",2019-05-12 17:30:00,"{'w': '0.7063', 'd': '0.1823', 'l': '0.1114'}",2018
10325,True,"{'id': '143', 'title': 'Atletico Madrid', 'short_title': 'ATL'}","{'id': '138', 'title': 'Sevilla', 'short_title': 'SEV'}","{'h': '1', 'a': '1'}","{'h': '1.4302', 'a': '0.65825'}",2019-05-12 17:30:00,"{'w': '0.6017', 'd': '0.2671', 'l': '0.1312'}",2018
10326,True,"{'id': '140', 'title': 'Real Sociedad', 'short_title': 'SOC'}","{'id': '150', 'title': 'Real Madrid', 'short_title': 'RMA'}","{'h': '3', 'a': '1'}","{'h': '2.53737', 'a': '0.901711'}",2019-05-12 17:30:00,"{'w': '0.7907', 'd': '0.1454', 'l': '0.0639'}",2018
10330,True,"{'id': '151', 'title': 'Levante', 'short_title': 'LEV'}","{'id': '143', 'title': 'Atletico Madrid', 'short_title': 'ATL'}","{'h': '2', 'a': '2'}","{'h': '2.74916', 'a': '1.77093'}",2019-05-18 11:00:00,"{'w': '0.6051', 'd': '0.2055', 'l': '0.1894'}",2018
10331,True,"{'id': '138', 'title': 'Sevilla', 'short_title': 'SEV'}","{'id': '147', 'title': 'Athletic Club', 'short_title': 'ATH'}","{'h': '2', 'a': '0'}","{'h': '1.74602', 'a': '0.647189'}",2019-05-18 14:15:00,"{'w': '0.7232', 'd': '0.2001', 'l': '0.0767'}",2018
10333,True,"{'id': '142', 'title': 'Getafe', 'short_title': 'GET'}","{'id': '154', 'title': 'Villarreal', 'short_title': 'VIL'}","{'h': '2', 'a': '2'}","{'h': '2.34277', 'a': '0.725479'}",2019-05-18 14:15:00,"{'w': '0.7697', 'd': '0.1653', 'l': '0.065'}",2018
10334,True,"{'id': '141', 'title': 'Espanyol', 'short_title': 'ESP'}","{'id': '140', 'title': 'Real Sociedad', 'short_title': 'SOC'}","{'h': '2', 'a': '0'}","{'h': '1.06125', 'a': '0.318551'}",2019-05-18 14:15:00,"{'w': '0.5772', 'd': '0.3268', 'l': '0.096'}",2018
10336,True,"{'id': '231', 'title': 'Real Valladolid', 'short_title': 'VAL'}","{'id': '146', 'title': 'Valencia', 'short_title': 'VAL'}","{'h': '0', 'a': '2'}","{'h': '0.755975', 'a': '1.58197'}",2019-05-18 14:15:00,"{'w': '0.1418', 'd': '0.2366', 'l': '0.6216'}",2018
10327,True,"{'id': '158', 'title': 'Alaves', 'short_title': 'ALA'}","{'id': '223', 'title': 'Girona', 'short_title': 'GIR'}","{'h': '2', 'a': '1'}","{'h': '1.07769', 'a': '1.04889'}",2019-05-18 18:45:00,"{'w': '0.3522', 'd': '0.2976', 'l': '0.3502'}",2018
10332,True,"{'id': '232', 'title': 'SD Huesca', 'short_title': 'HUE'}","{'id': '159', 'title': 'Leganes', 'short_title': 'LEG'}","{'h': '2', 'a': '1'}","{'h': '1.30468', 'a': '0.916693'}",2019-05-18 18:45:00,"{'w': '0.4603', 'd': '0.2928', 'l': '0.2469'}",2018
10335,True,"{'id': '152', 'title': 'Celta Vigo', 'short_title': 'CEL'}","{'id': '145', 'title': 'Rayo Vallecano', 'short_title': 'RVL'}","{'h': '2', 'a': '2'}","{'h': '1.85768', 'a': '1.32703'}",2019-05-18 18:45:00,"{'w': '0.5023', 'd': '0.2773', 'l': '0.2204'}",2018
10328,True,"{'id': '150', 'title': 'Real Madrid', 'short_title': 'RMA'}","{'id': '153', 'title': 'Real Betis', 'short_title': 'BET'}","{'h': '0', 'a': '2'}","{'h': '0.843734', 'a': '1.71988'}",2019-05-19 10:00:00,"{'w': '0.1386', 'd': '0.245', 'l': '0.6164'}",2018
10329,True,"{'id': '156', 'title': 'Eibar', 'short_title': 'EIB'}","{'id': '148', 'title': 'Barcelona', 'short_title': 'BAR'}","{'h': '2', 'a': '2'}","{'h': '1.70196', 'a': '1.11234'}",2019-05-19 14:15:00,"{'w': '0.5191', 'd': '0.2605', 'l': '0.2204'}",2018
12026,True,"{'id': '147', 'title': 'Athletic Club', 'short_title': 'ATH'}","{'id': '148', 'title': 'Barcelona', 'short_title': 'BAR'}","{'h': '1', 'a': '0'}","{'h': '0.457129', 'a': '1.03621'}",2019-08-16 20:00:00,"{'w': '0.1496', 'd': '0.3399', 'l': '0.5105'}",2019
12023,True,"{'id': '152', 'title': 'Celta Vigo', 'short_title': 'CEL'}","{'id': '150', 'title': 'Real Madrid', 'short_title': 'RMA'}","{'h': '1', 'a': '3'}","{'h': '1.51166', 'a': '1.99723'}",2019-08-17 16:00:00,"{'w': '0.2429', 'd': '0.2618', 'l': '0.4953'}",2019
12024,True,"{'id': '146', 'title': 'Valencia', 'short_title': 'VAL'}","{'id': '140', 'title': 'Real Sociedad', 'short_title': 'SOC'}","{'h': '1', 'a': '1'}","{'h': '2.31396', 'a': '1.79528'}",2019-08-17 18:00:00,"{'w': '0.5091', 'd': '0.2587', 'l': '0.2322'}",2019
12025,True,"{'id': '239', 'title': 'Mallorca', 'short_title': 'MAL'}","{'id': '156', 'title': 'Eibar', 'short_title': 'EIB'}","{'h': '2', 'a': '1'}","{'h': '1.68856', 'a': '0.794158'}",2019-08-17 19:00:00,"{'w': '0.6106', 'd': '0.2442', 'l': '0.1452'}",2019
12027,True,"{'id': '159', 'title': 'Leganes', 'short_title': 'LEG'}","{'id': '157', 'title': 'Osasuna', 'short_title': 'OSA'}","{'h': '0', 'a': '1'}","{'h': '1.26802', 'a': '0.188265'}",2019-08-17 20:00:00,"{'w': '0.713', 'd': '0.244', 'l': '0.043'}",2019
12028,True,"{'id': '154', 'title': 'Villarreal', 'short_title': 'VIL'}","{'id': '155', 'title': 'Granada', 'short_title': 'GRA'}","{'h': '4', 'a': '4'}","{'h': '1.93202', 'a': '1.96668'}",2019-08-17 20:00:00,"{'w': '0.3511', 'd': '0.278', 'l': '0.3709'}",2019
12029,True,"{'id': '158', 'title': 'Alaves', 'short_title': 'ALA'}","{'id': '151', 'title': 'Levante', 'short_title': 'LEV'}","{'h': '1', 'a': '0'}","{'h': '0.68416', 'a': '0.859231'}",2019-08-18 16:00:00,"{'w': '0.2637', 'd': '0.3688', 'l': '0.3675'}",2019
12030,True,"{'id': '141', 'title': 'Espanyol', 'short_title': 'ESP'}","{'id': '138', 'title': 'Sevilla', 'short_title': 'SEV'}","{'h': '0', 'a': '2'}","{'h': '0.145879', 'a': '2.40044'}",2019-08-18 18:00:00,"{'w': '0.0046', 'd': '0.0394', 'l': '0.956'}",2019
12031,True,"{'id': '153', 'title': 'Real Betis', 'short_title': 'BET'}","{'id': '231', 'title': 'Real Valladolid', 'short_title': 'VAL'}","{'h': '1', 'a': '2'}","{'h': '1.24003', 'a': '0.736026'}",2019-08-18 20:00:00,"{'w': '0.5084', 'd': '0.2966', 'l': '0.195'}",2019
12032,True,"{'id': '143', 'title': 'Atletico Madrid', 'short_title': 'ATL'}","{'id': '142', 'title': 'Getafe', 'short_title': 'GET'}","{'h': '1', 'a': '0'}","{'h': '2.44678', 'a': '0.333556'}",2019-08-18 21:00:00,"{'w': '0.927', 'd': '0.0608', 'l': '0.0122'}",2019
12035,True,"{'id': '155', 'title': 'Granada', 'short_title': 'GRA'}","{'id': '138', 'title': 'Sevilla', 'short_title': 'SEV'}","{'h': '0', 'a': '1'}","{'h': '0.428332', 'a': '1.39211'}",2019-08-23 19:00:00,"{'w': '0.0826', 'd': '0.2406', 'l': '0.6768'}",2019
12041,True,"{'id': '151', 'title': 'Levante', 'short_title': 'LEV'}","{'id': '154', 'title': 'Villarreal', 'short_title': 'VIL'}","{'h': '2', 'a': '1'}","{'h': '2.07744', 'a': '2.82602'}",2019-08-23 21:00:00,"{'w': '0.227', 'd': '0.2336', 'l': '0.5394'}",2019
12033,True,"{'id': '157', 'title': 'Osasuna', 'short_title': 'OSA'}","{'id': '156', 'title': 'Eibar', 'short_title': 'EIB'}","{'h': '0', 'a': '0'}","{'h': '0.856433', 'a': '0.65217'}",2019-08-24 16:00:00,"{'w': '0.392', 'd': '0.3604', 'l': '0.2476'}",2019
12034,True,"{'id': '150', 'title': 'Real Madrid', 'short_title': 'RMA'}","{'id': '231', 'title': 'Real Valladolid', 'short_title': 'VAL'}","{'h': '1', 'a': '1'}","{'h': '1.72798', 'a': '1.22209'}",2019-08-24 18:00:00,"{'w': '0.484', 'd': '0.2687', 'l': '0.2473'}",2019
12037,True,"{'id': '152', 'title': 'Celta Vigo', 'short_title': 'CEL'}","{'id': '146', 'title': 'Valencia', 'short_title': 'VAL'}","{'h': '1', 'a': '0'}","{'h': '2.37702', 'a': '0.675601'}",2019-08-24 20:00:00,"{'w': '0.8194', 'd': '0.1348', 'l': '0.0458'}",2019
12038,True,"{'id': '142', 'title': 'Getafe', 'short_title': 'GET'}","{'id': '147', 'title': 'Athletic Club', 'short_title': 'ATH'}","{'h': '1', 'a': '1'}","{'h': '0.265811', 'a': '0.454246'}",2019-08-24 20:00:00,"{'w': '0.1511', 'd': '0.5247', 'l': '0.3242'}",2019
12039,True,"{'id': '158', 'title': 'Alaves', 'short_title': 'ALA'}","{'id': '141', 'title': 'Espanyol', 'short_title': 'ESP'}","{'h': '0', 'a': '0'}","{'h': '0.675919', 'a': '0.159461'}",2019-08-25 16:00:00,"{'w': '0.4516', 'd': '0.4691', 'l': '0.0793'}",2019
12040,True,"{'id': '239', 'title': 'Mallorca', 'short_title': 'MAL'}","{'id': '140', 'title': 'Real Sociedad', 'short_title': 'SOC'}","{'h': '0', 'a': '1'}","{'h': '0.871995', 'a': '1.59382'}",2019-08-25 16:00:00,"{'w': '0.1607', 'd': '0.2591', 'l': '0.5802'}",2019
12036,True,"{'id': '159', 'title': 'Leganes', 'short_title': 'LEG'}","{'id': '143', 'title': 'Atletico Madrid', 'short_title': 'ATL'}","{'h': '0', 'a': '1'}","{'h': '0.379878', 'a': '1.39426'}",2019-08-25 18:00:00,"{'w': '0.08', 'd': '0.2433', 'l': '0.6767'}",2019
12042,True,"{'id': '148', 'title': 'Barcelona', 'short_title': 'BAR'}","{'id': '153', 'title': 'Real Betis', 'short_title': 'BET'}","{'h': '5', 'a': '2'}","{'h': '2.85088', 'a': '0.145785'}",2019-08-25 20:00:00,"{'w': '0.948', 'd': '0.0465', 'l': '0.0055'}",2019
12046,True,"{'id': '138', 'title': 'Sevilla', 'short_title': 'SEV'}","{'id': '152', 'title': 'Celta Vigo', 'short_title': 'CEL'}","{'h': '1', 'a': '1'}","{'h': '1.50787', 'a': '0.454026'}",2019-08-30 19:00:00,"{'w': '0.6486', 'd': '0.2628', 'l': '0.0886'}",2019
12047,True,"{'id': '147', 'title': 'Athletic Club', 'short_title': 'ATH'}","{'id': '140', 'title': 'Real Sociedad', 'short_title': 'SOC'}","{'h': '2', 'a': '0'}","{'h': '1.16451', 'a': '0.217717'}",2019-08-30 21:00:00,"{'w': '0.6542', 'd': '0.2914', 'l': '0.0544'}",2019
12043,True,"{'id': '157', 'title': 'Osasuna', 'short_title': 'OSA'}","{'id': '148', 'title': 'Barcelona', 'short_title': 'BAR'}","{'h': '2', 'a': '2'}","{'h': '1.7305', 'a': '0.360967'}",2019-08-31 16:00:00,"{'w': '0.7883', 'd': '0.1656', 'l': '0.0461'}",2019
12044,True,"{'id': '142', 'title': 'Getafe', 'short_title': 'GET'}","{'id': '158', 'title': 'Alaves', 'short_title': 'ALA'}","{'h': '1', 'a': '1'}","{'h': '0.972134', 'a': '1.01227'}",2019-08-31 18:00:00,"{'w': '0.2427', 'd': '0.4146', 'l': '0.3427'}",2019
12045,True,"{'id': '151', 'title': 'Levante', 'short_title': 'LEV'}","{'id': '231', 'title': 'Real Valladolid', 'short_title': 'VAL'}","{'h': '2', 'a': '0'}","{'h': '2.77857', 'a': '1.02789'}",2019-08-31 18:00:00,"{'w': '0.8297', 'd': '0.1226', 'l': '0.0477'}",2019
12048,True,"{'id': '153', 'title': 'Real Betis', 'short_title': 'BET'}","{'id': '159', 'title': 'Leganes', 'short_title': 'LEG'}","{'h': '2', 'a': '1'}","{'h': '2.52444', 'a': '1.44559'}",2019-08-31 19:00:00,"{'w': '0.6446', 'd': '0.2042', 'l': '0.1512'}",2019
12049,True,"{'id': '146', 'title': 'Valencia', 'short_title': 'VAL'}","{'id': '239', 'title': 'Mallorca', 'short_title': 'MAL'}","{'h': '2', 'a': '0'}","{'h': '2.09044', 'a': '1.16388'}",2019-09-01 16:00:00,"{'w': '0.6615', 'd': '0.2338', 'l': '0.1047'}",2019
12050,True,"{'id': '141', 'title': 'Espanyol', 'short_title': 'ESP'}","{'id': '155', 'title': 'Granada', 'short_title': 'GRA'}","{'h': '0', 'a': '3'}","{'h': '1.34324', 'a': '1.58505'}",2019-09-01 18:00:00,"{'w': '0.2925', 'd': '0.2801', 'l': '0.4274'}",2019
12051,True,"{'id': '143', 'title': 'Atletico Madrid', 'short_title': 'ATL'}","{'id': '156', 'title': 'Eibar', 'short_title': 'EIB'}","{'h': '3', 'a': '2'}","{'h': '1.8114', 'a': '0.847966'}",2019-09-01 18:00:00,"{'w': '0.662', 'd': '0.2412', 'l': '0.0968'}",2019
12052,True,"{'id': '154', 'title': 'Villarreal', 'short_title': 'VIL'}","{'id': '150', 'title': 'Real Madrid', 'short_title': 'RMA'}","{'h': '2', 'a': '2'}","{'h': '2.13825', 'a': '1.76659'}",2019-09-01 20:00:00,"{'w': '0.4649', 'd': '0.2677', 'l': '0.2674'}",2019
12059,True,"{'id': '239', 'title': 'Mallorca', 'short_title': 'MAL'}","{'id': '147', 'title': 'Athletic Club', 'short_title': 'ATH'}","{'h': '0', 'a': '0'}","{'h': '2.1905', 'a': '1.39203'}",2019-09-13 19:00:00,"{'w': '0.5803', 'd': '0.25', 'l': '0.1697'}",2019
12060,True,"{'id': '150', 'title': 'Real Madrid', 'short_title': 'RMA'}","{'id': '151', 'title': 'Levante', 'short_title': 'LEV'}","{'h': '3', 'a': '2'}","{'h': '3.3111', 'a': '1.81125'}",2019-09-14 11:00:00,"{'w': '0.7145', 'd': '0.1606', 'l': '0.1249'}",2019
12058,True,"{'id': '159', 'title': 'Leganes', 'short_title': 'LEG'}","{'id': '154', 'title': 'Villarreal', 'short_title': 'VIL'}","{'h': '0', 'a': '3'}","{'h': '0.399916', 'a': '1.83013'}",2019-09-14 14:00:00,"{'w': '0.0454', 'd': '0.1557', 'l': '0.7989'}",2019
12061,True,"{'id': '140', 'title': 'Real Sociedad', 'short_title': 'SOC'}","{'id': '143', 'title': 'Atletico Madrid', 'short_title': 'ATL'}","{'h': '2', 'a': '0'}","{'h': '2.08851', 'a': '1.06745'}",2019-09-14 16:30:00,"{'w': '0.6544', 'd': '0.2142', 'l': '0.1314'}",2019
12054,True,"{'id': '148', 'title': 'Barcelona', 'short_title': 'BAR'}","{'id': '146', 'title': 'Valencia', 'short_title': 'VAL'}","{'h': '5', 'a': '2'}","{'h': '2.61069', 'a': '1.27064'}",2019-09-14 19:00:00,"{'w': '0.7118', 'd': '0.1897', 'l': '0.0985'}",2019
12057,True,"{'id': '156', 'title': 'Eibar', 'short_title': 'EIB'}","{'id': '141', 'title': 'Espanyol', 'short_title': 'ESP'}","{'h': '1', 'a': '2'}","{'h': '0.567742', 'a': '1.64516'}",2019-09-15 10:00:00,"{'w': '0.0559', 'd': '0.1927', 'l': '0.7514'}",2019
12053,True,"{'id': '158', 'title': 'Alaves', 'short_title': 'ALA'}","{'id': '138', 'title': 'Sevilla', 'short_title': 'SEV'}","{'h': '0', 'a': '1'}","{'h': '0.773661', 'a': '1.091'}",2019-09-15 12:00:00,"{'w': '0.2557', 'd': '0.3314', 'l': '0.4129'}",2019
12056,True,"{'id': '152', 'title': 'Celta Vigo', 'short_title': 'CEL'}","{'id': '155', 'title': 'Granada', 'short_title': 'GRA'}","{'h': '0', 'a': '2'}","{'h': '0.233721', 'a': '1.1436'}",2019-09-15 14:00:00,"{'w': '0.056', 'd': '0.2822', 'l': '0.6618'}",2019
12062,True,"{'id': '231', 'title': 'Real Valladolid', 'short_title': 'VAL'}","{'id': '157', 'title': 'Osasuna', 'short_title': 'OSA'}","{'h': '1', 'a': '1'}","{'h': '0.790606', 'a': '2.68375'}",2019-09-15 16:30:00,"{'w': '0.0369', 'd': '0.1108', 'l': '0.8523'}",2019
12055,True,"{'id': '153', 'title': 'Real Betis', 'short_title': 'BET'}","{'id': '142', 'title': 'Getafe', 'short_title': 'GET'}","{'h': '1', 'a': '1'}","{'h': '1.00209', 'a': '1.49492'}",2019-09-15 19:00:00,"{'w': '0.1771', 'd': '0.3515', 'l': '0.4714'}",2019
12067,True,"{'id': '157', 'title': 'Osasuna', 'short_title': 'OSA'}","{'id': '153', 'title': 'Real Betis', 'short_title': 'BET'}","{'h': '0', 'a': '0'}","{'h': '2.20072', 'a': '0.334273'}",2019-09-20 19:00:00,"{'w': '0.8629', 'd': '0.1103', 'l': '0.0268'}",2019
12070,True,"{'id': '154', 'title': 'Villarreal', 'short_title': 'VIL'}","{'id': '231', 'title': 'Real Valladolid', 'short_title': 'VAL'}","{'h': '2', 'a': '0'}","{'h': '2.03561', 'a': '0.434119'}",2019-09-21 11:00:00,"{'w': '0.8199', 'd': '0.1436', 'l': '0.0365'}",2019
12066,True,"{'id': '151', 'title': 'Levante', 'short_title': 'LEV'}","{'id': '156', 'title': 'Eibar', 'short_title': 'EIB'}","{'h': '0', 'a': '0'}","{'h': '1.613', 'a': '1.12755'}",2019-09-21 14:00:00,"{'w': '0.494', 'd': '0.2563', 'l': '0.2497'}",2019
12064,True,"{'id': '143', 'title': 'Atletico Madrid', 'short_title': 'ATL'}","{'id': '152', 'title': 'Celta Vigo', 'short_title': 'CEL'}","{'h': '0', 'a': '0'}","{'h': '1.71994', 'a': '0.582564'}",2019-09-21 16:30:00,"{'w': '0.6954', 'd': '0.2192', 'l': '0.0854'}",2019
12065,True,"{'id': '155', 'title': 'Granada', 'short_title': 'GRA'}","{'id': '148', 'title': 'Barcelona', 'short_title': 'BAR'}","{'h': '2', 'a': '0'}","{'h': '1.87283', 'a': '0.557709'}",2019-09-21 19:00:00,"{'w': '0.817', 'd': '0.1449', 'l': '0.0381'}",2019
12071,True,"{'id': '142', 'title': 'Getafe', 'short_title': 'GET'}","{'id': '239', 'title': 'Mallorca', 'short_title': 'MAL'}","{'h': '4', 'a': '2'}","{'h': '2.70951', 'a': '0.726341'}",2019-09-22 10:00:00,"{'w': '0.8609', 'd': '0.1068', 'l': '0.0323'}",2019
12072,True,"{'id': '141', 'title': 'Espanyol', 'short_title': 'ESP'}","{'id': '140', 'title': 'Real Sociedad', 'short_title': 'SOC'}","{'h': '1', 'a': '3'}","{'h': '0.701868', 'a': '1.49572'}",2019-09-22 12:00:00,"{'w': '0.1448', 'd': '0.2522', 'l': '0.603'}",2019
12069,True,"{'id': '146', 'title': 'Valencia', 'short_title': 'VAL'}","{'id': '159', 'title': 'Leganes', 'short_title': 'LEG'}","{'h': '1', 'a': '1'}","{'h': '1.66574', 'a': '1.52139'}",2019-09-22 14:00:00,"{'w': '0.4085', 'd': '0.273', 'l': '0.3185'}",2019
12063,True,"{'id': '147', 'title': 'Athletic Club', 'short_title': 'ATH'}","{'id': '158', 'title': 'Alaves', 'short_title': 'ALA'}","{'h': '2', 'a': '0'}","{'h': '1.9352', 'a': '0.522331'}",2019-09-22 16:30:00,"{'w': '0.7828', 'd': '0.1746', 'l': '0.0426'}",2019
12068,True,"{'id': '138', 'title': 'Sevilla', 'short_title': 'SEV'}","{'id': '150', 'title': 'Real Madrid', 'short_title': 'RMA'}","{'h': '0', 'a': '1'}","{'h': '0.394624', 'a': '1.23916'}",2019-09-22 19:00:00,"{'w': '0.098', 'd': '0.2656', 'l': '0.6364'}",2019
12075,True,"{'id': '231', 'title': 'Real Valladolid', 'short_title': 'VAL'}","{'id': '155', 'title': 'Granada', 'short_title': 'GRA'}","{'h': '1', 'a': '1'}","{'h': '1.26726', 'a': '0.650478'}",2019-09-24 17:00:00,"{'w': '0.5428', 'd': '0.3295', 'l': '0.1277'}",2019
12074,True,"{'id': '153', 'title': 'Real Betis', 'short_title': 'BET'}","{'id': '151', 'title': 'Levante', 'short_title': 'LEV'}","{'h': '3', 'a': '1'}","{'h': '2.73836', 'a': '1.93984'}",2019-09-24 18:00:00,"{'w': '0.578', 'd': '0.2171', 'l': '0.2049'}",2019
12073,True,"{'id': '148', 'title': 'Barcelona', 'short_title': 'BAR'}","{'id': '154', 'title': 'Villarreal', 'short_title': 'VIL'}","{'h': '2', 'a': '1'}","{'h': '0.643865', 'a': '0.54607'}",2019-09-24 19:00:00,"{'w': '0.3253', 'd': '0.4222', 'l': '0.2525'}",2019
12079,True,"{'id': '239', 'title': 'Mallorca', 'short_title': 'MAL'}","{'id': '143', 'title': 'Atletico Madrid', 'short_title': 'ATL'}","{'h': '0', 'a': '2'}","{'h': '0.673477', 'a': '1.21545'}",2019-09-25 17:00:00,"{'w': '0.1992', 'd': '0.3097', 'l': '0.4911'}",2019
12080,True,"{'id': '159', 'title': 'Leganes', 'short_title': 'LEG'}","{'id': '147', 'title': 'Athletic Club', 'short_title': 'ATH'}","{'h': '1', 'a': '1'}","{'h': '0.496204', 'a': '1.29281'}",2019-09-25 17:00:00,"{'w': '0.0993', 'd': '0.2729', 'l': '0.6278'}",2019
12076,True,"{'id': '146', 'title': 'Valencia', 'short_title': 'VAL'}","{'id': '142', 'title': 'Getafe', 'short_title': 'GET'}","{'h': '3', 'a': '3'}","{'h': '1.67819', 'a': '2.65542'}",2019-09-25 18:00:00,"{'w': '0.1789', 'd': '0.2013', 'l': '0.6198'}",2019
12078,True,"{'id': '150', 'title': 'Real Madrid', 'short_title': 'RMA'}","{'id': '157', 'title': 'Osasuna', 'short_title': 'OSA'}","{'h': '2', 'a': '0'}","{'h': '1.98715', 'a': '0.11469'}",2019-09-25 19:00:00,"{'w': '0.9104', 'd': '0.0819', 'l': '0.0077'}",2019
12081,True,"{'id': '156', 'title': 'Eibar', 'short_title': 'EIB'}","{'id': '138', 'title': 'Sevilla', 'short_title': 'SEV'}","{'h': '3', 'a': '2'}","{'h': '1.69937', 'a': '1.3532'}",2019-09-26 17:00:00,"{'w': '0.4442', 'd': '0.32', 'l': '0.2358'}",2019
12082,True,"{'id': '152', 'title': 'Celta Vigo', 'short_title': 'CEL'}","{'id': '141', 'title': 'Espanyol', 'short_title': 'ESP'}","{'h': '1', 'a': '1'}","{'h': '1.1247', 'a': '1.50653'}",2019-09-26 18:00:00,"{'w': '0.253', 'd': '0.2833', 'l': '0.4637'}",2019
12077,True,"{'id': '140', 'title': 'Real Sociedad', 'short_title': 'SOC'}","{'id': '158', 'title': 'Alaves', 'short_title': 'ALA'}","{'h': '3', 'a': '0'}","{'h': '3.80899', 'a': '0.195935'}",2019-09-26 19:00:00,"{'w': '0.9857', 'd': '0.0126', 'l': '0.0017'}",2019
12092,True,"{'id': '154', 'title': 'Villarreal', 'short_title': 'VIL'}","{'id': '153', 'title': 'Real Betis', 'short_title': 'BET'}","{'h': '5', 'a': '1'}","{'h': '2.95644', 'a': '0.667105'}",2019-09-27 19:00:00,"{'w': '0.8878', 'd': '0.0825', 'l': '0.0297'}",2019
12084,True,"{'id': '147', 'title': 'Athletic Club', 'short_title': 'ATH'}","{'id': '146', 'title': 'Valencia', 'short_title': 'VAL'}","{'h': '0', 'a': '1'}","{'h': '1.04848', 'a': '2.10545'}",2019-09-28 11:00:00,"{'w': '0.1283', 'd': '0.2143', 'l': '0.6574'}",2019
12088,True,"{'id': '142', 'title': 'Getafe', 'short_title': 'GET'}","{'id': '148', 'title': 'Barcelona', 'short_title': 'BAR'}","{'h': '0', 'a': '2'}","{'h': '1.0808', 'a': '1.3084'}",2019-09-28 14:00:00,"{'w': '0.2847', 'd': '0.2995', 'l': '0.4158'}",2019
12089,True,"{'id': '155', 'title': 'Granada', 'short_title': 'GRA'}","{'id': '159', 'title': 'Leganes', 'short_title': 'LEG'}","{'h': '1', 'a': '0'}","{'h': '0.718298', 'a': '0.989332'}",2019-09-28 16:30:00,"{'w': '0.2477', 'd': '0.3436', 'l': '0.4087'}",2019
12085,True,"{'id': '143', 'title': 'Atletico Madrid', 'short_title': 'ATL'}","{'id': '150', 'title': 'Real Madrid', 'short_title': 'RMA'}","{'h': '0', 'a': '0'}","{'h': '0.819412', 'a': '0.379757'}",2019-09-28 19:00:00,"{'w': '0.4663', 'd': '0.3827', 'l': '0.151'}",2019
12087,True,"{'id': '141', 'title': 'Espanyol', 'short_title': 'ESP'}","{'id': '231', 'title': 'Real Valladolid', 'short_title': 'VAL'}","{'h': '0', 'a': '2'}","{'h': '0.947178', 'a': '2.13178'}",2019-09-29 10:00:00,"{'w': '0.1117', 'd': '0.1885', 'l': '0.6998'}",2019
12086,True,"{'id': '156', 'title': 'Eibar', 'short_title': 'EIB'}","{'id': '152', 'title': 'Celta Vigo', 'short_title': 'CEL'}","{'h': '2', 'a': '0'}","{'h': '1.02791', 'a': '0.826593'}",2019-09-29 12:00:00,"{'w': '0.3521', 'd': '0.4307', 'l': '0.2172'}",2019
12083,True,"{'id': '158', 'title': 'Alaves', 'short_title': 'ALA'}","{'id': '239', 'title': 'Mallorca', 'short_title': 'MAL'}","{'h': '2', 'a': '0'}","{'h': '1.84115', 'a': '0.16946'}",2019-09-29 14:00:00,"{'w': '0.8812', 'd': '0.1051', 'l': '0.0137'}",2019
12090,True,"{'id': '151', 'title': 'Levante', 'short_title': 'LEV'}","{'id': '157', 'title': 'Osasuna', 'short_title': 'OSA'}","{'h': '1', 'a': '1'}","{'h': '1.55287', 'a': '0.758419'}",2019-09-29 16:30:00,"{'w': '0.6179', 'd': '0.2451', 'l': '0.137'}",2019
12091,True,"{'id': '138', 'title': 'Sevilla', 'short_title': 'SEV'}","{'id': '140', 'title': 'Real Sociedad', 'short_title': 'SOC'}","{'h': '3', 'a': '2'}","{'h': '1.60195', 'a': '0.774246'}",2019-09-29 19:00:00,"{'w': '0.5867', 'd': '0.2579', 'l': '0.1554'}",2019
12094,True,"{'id': '153', 'title': 'Real Betis', 'short_title': 'BET'}","{'id': '156', 'title': 'Eibar', 'short_title': 'EIB'}","{'h': '1', 'a': '1'}","{'h': '1.74382', 'a': '1.18435'}",2019-10-04 20:00:00,"{'w': '0.513', 'd': '0.2893', 'l': '0.1977'}",2019
12096,True,"{'id': '159', 'title': 'Leganes', 'short_title': 'LEG'}","{'id': '151', 'title': 'Levante', 'short_title': 'LEV'}","{'h': '1', 'a': '2'}","{'h': '3.28469', 'a': '1.08538'}",2019-10-05 12:00:00,"{'w': '0.8879', 'd': '0.0865', 'l': '0.0256'}",2019
12099,True,"{'id': '150', 'title': 'Real Madrid', 'short_title': 'RMA'}","{'id': '155', 'title': 'Granada', 'short_title': 'GRA'}","{'h': '4', 'a': '2'}","{'h': '2.7833', 'a': '1.6065'}",2019-10-05 15:00:00,"{'w': '0.6635', 'd': '0.2049', 'l': '0.1316'}",2019
12101,True,"{'id': '146', 'title': 'Valencia', 'short_title': 'VAL'}","{'id': '158', 'title': 'Alaves', 'short_title': 'ALA'}","{'h': '2', 'a': '1'}","{'h': '1.7079', 'a': '1.4742'}",2019-10-05 17:30:00,"{'w': '0.4281', 'd': '0.2764', 'l': '0.2955'}",2019
12098,True,"{'id': '157', 'title': 'Osasuna', 'short_title': 'OSA'}","{'id': '154', 'title': 'Villarreal', 'short_title': 'VIL'}","{'h': '2', 'a': '1'}","{'h': '1.13814', 'a': '2.52105'}",2019-10-05 20:00:00,"{'w': '0.0956', 'd': '0.1813', 'l': '0.7231'}",2019
12097,True,"{'id': '239', 'title': 'Mallorca', 'short_title': 'MAL'}","{'id': '141', 'title': 'Espanyol', 'short_title': 'ESP'}","{'h': '2', 'a': '0'}","{'h': '1.02963', 'a': '0.731578'}",2019-10-06 11:00:00,"{'w': '0.4444', 'd': '0.3358', 'l': '0.2198'}",2019
12095,True,"{'id': '152', 'title': 'Celta Vigo', 'short_title': 'CEL'}","{'id': '147', 'title': 'Athletic Club', 'short_title': 'ATH'}","{'h': '1', 'a': '0'}","{'h': '1.91529', 'a': '0.127135'}",2019-10-06 13:00:00,"{'w': '0.862', 'd': '0.1262', 'l': '0.0118'}",2019
12102,True,"{'id': '231', 'title': 'Real Valladolid', 'short_title': 'VAL'}","{'id': '143', 'title': 'Atletico Madrid', 'short_title': 'ATL'}","{'h': '0', 'a': '0'}","{'h': '0.969549', 'a': '0.768197'}",2019-10-06 15:00:00,"{'w': '0.3775', 'd': '0.3988', 'l': '0.2237'}",2019
12100,True,"{'id': '140', 'title': 'Real Sociedad', 'short_title': 'SOC'}","{'id': '142', 'title': 'Getafe', 'short_title': 'GET'}","{'h': '1', 'a': '2'}","{'h': '0.770489', 'a': '0.86893'}",2019-10-06 17:30:00,"{'w': '0.2898', 'd': '0.3644', 'l': '0.3458'}",2019
12093,True,"{'id': '148', 'title': 'Barcelona', 'short_title': 'BAR'}","{'id': '138', 'title': 'Sevilla', 'short_title': 'SEV'}","{'h': '4', 'a': '0'}","{'h': '2.40324', 'a': '3.03653'}",2019-10-06 20:00:00,"{'w': '0.2661', 'd': '0.202', 'l': '0.5319'}",2019
12109,True,"{'id': '155', 'title': 'Granada', 'short_title': 'GRA'}","{'id': '157', 'title': 'Osasuna', 'short_title': 'OSA'}","{'h': '1', 'a': '0'}","{'h': '0.360979', 'a': '0.658856'}",2019-10-18 20:00:00,"{'w': '0.1715', 'd': '0.4408', 'l': '0.3877'}",2019
12106,True,"{'id': '156', 'title': 'Eibar', 'short_title': 'EIB'}","{'id': '148', 'title': 'Barcelona', 'short_title': 'BAR'}","{'h': '0', 'a': '3'}","{'h': '0.212797', 'a': '1.72534'}",2019-10-19 12:00:00,"{'w': '0.0272', 'd': '0.1528', 'l': '0.82'}",2019
12105,True,"{'id': '143', 'title': 'Atletico Madrid', 'short_title': 'ATL'}","{'id': '146', 'title': 'Valencia', 'short_title': 'VAL'}","{'h': '1', 'a': '1'}","{'h': '1.54344', 'a': '0.757907'}",2019-10-19 15:00:00,"{'w': '0.5868', 'd': '0.2859', 'l': '0.1273'}",2019
12108,True,"{'id': '142', 'title': 'Getafe', 'short_title': 'GET'}","{'id': '159', 'title': 'Leganes', 'short_title': 'LEG'}","{'h': '2', 'a': '0'}","{'h': '1.0435', 'a': '0.372249'}",2019-10-19 17:30:00,"{'w': '0.5868', 'd': '0.3111', 'l': '0.1021'}",2019
12110,True,"{'id': '239', 'title': 'Mallorca', 'short_title': 'MAL'}","{'id': '150', 'title': 'Real Madrid', 'short_title': 'RMA'}","{'h': '1', 'a': '0'}","{'h': '0.245649', 'a': '0.808026'}",2019-10-19 20:00:00,"{'w': '0.1076', 'd': '0.4132', 'l': '0.4792'}",2019
12103,True,"{'id': '158', 'title': 'Alaves', 'short_title': 'ALA'}","{'id': '152', 'title': 'Celta Vigo', 'short_title': 'CEL'}","{'h': '2', 'a': '0'}","{'h': '2.08309', 'a': '1.1334'}",2019-10-20 11:00:00,"{'w': '0.6232', 'd': '0.2259', 'l': '0.1509'}",2019
12111,True,"{'id': '140', 'title': 'Real Sociedad', 'short_title': 'SOC'}","{'id': '153', 'title': 'Real Betis', 'short_title': 'BET'}","{'h': '3', 'a': '1'}","{'h': '1.32948', 'a': '0.63684'}",2019-10-20 13:00:00,"{'w': '0.5556', 'd': '0.2868', 'l': '0.1576'}",2019
12107,True,"{'id': '141', 'title': 'Espanyol', 'short_title': 'ESP'}","{'id': '154', 'title': 'Villarreal', 'short_title': 'VIL'}","{'h': '0', 'a': '1'}","{'h': '0.746222', 'a': '1.64809'}",2019-10-20 15:00:00,"{'w': '0.1244', 'd': '0.2304', 'l': '0.6452'}",2019
12104,True,"{'id': '147', 'title': 'Athletic Club', 'short_title': 'ATH'}","{'id': '231', 'title': 'Real Valladolid', 'short_title': 'VAL'}","{'h': '1', 'a': '1'}","{'h': '1.50554', 'a': '0.672979'}",2019-10-20 17:30:00,"{'w': '0.5863', 'd': '0.264', 'l': '0.1497'}",2019
12112,True,"{'id': '138', 'title': 'Sevilla', 'short_title': 'SEV'}","{'id': '151', 'title': 'Levante', 'short_title': 'LEV'}","{'h': '1', 'a': '0'}","{'h': '2.58436', 'a': '0.459674'}",2019-10-20 20:00:00,"{'w': '0.881', 'd': '0.0897', 'l': '0.0293'}",2019
12121,True,"{'id': '154', 'title': 'Villarreal', 'short_title': 'VIL'}","{'id': '158', 'title': 'Alaves', 'short_title': 'ALA'}","{'h': '4', 'a': '1'}","{'h': '2.56098', 'a': '0.591294'}",2019-10-25 20:00:00,"{'w': '0.8513', 'd': '0.1084', 'l': '0.0403'}",2019
12117,True,"{'id': '159', 'title': 'Leganes', 'short_title': 'LEG'}","{'id': '239', 'title': 'Mallorca', 'short_title': 'MAL'}","{'h': '1', 'a': '0'}","{'h': '1.7617', 'a': '0.858516'}",2019-10-26 15:00:00,"{'w': '0.6417', 'd': '0.244', 'l': '0.1143'}",2019
12122,True,"{'id': '231', 'title': 'Real Valladolid', 'short_title': 'VAL'}","{'id': '156', 'title': 'Eibar', 'short_title': 'EIB'}","{'h': '2', 'a': '0'}","{'h': '1.95496', 'a': '0.395075'}",2019-10-26 17:30:00,"{'w': '0.8585', 'd': '0.1155', 'l': '0.026'}",2019
12115,True,"{'id': '143', 'title': 'Atletico Madrid', 'short_title': 'ATL'}","{'id': '147', 'title': 'Athletic Club', 'short_title': 'ATH'}","{'h': '2', 'a': '0'}","{'h': '1.94897', 'a': '0.328031'}",2019-10-26 20:00:00,"{'w': '0.8693', 'd': '0.1101', 'l': '0.0206'}",2019
12114,True,"{'id': '152', 'title': 'Celta Vigo', 'short_title': 'CEL'}","{'id': '140', 'title': 'Real Sociedad', 'short_title': 'SOC'}","{'h': '0', 'a': '1'}","{'h': '0.846315', 'a': '0.967791'}",2019-10-27 11:00:00,"{'w': '0.2854', 'd': '0.3566', 'l': '0.358'}",2019
12116,True,"{'id': '155', 'title': 'Granada', 'short_title': 'GRA'}","{'id': '153', 'title': 'Real Betis', 'short_title': 'BET'}","{'h': '1', 'a': '0'}","{'h': '1.61831', 'a': '0.683829'}",2019-10-27 13:00:00,"{'w': '0.6348', 'd': '0.2396', 'l': '0.1256'}",2019
12118,True,"{'id': '151', 'title': 'Levante', 'short_title': 'LEV'}","{'id': '141', 'title': 'Espanyol', 'short_title': 'ESP'}","{'h': '0', 'a': '1'}","{'h': '0.331551', 'a': '0.928166'}",2019-10-27 15:00:00,"{'w': '0.1199', 'd': '0.3645', 'l': '0.5156'}",2019
12120,True,"{'id': '138', 'title': 'Sevilla', 'short_title': 'SEV'}","{'id': '142', 'title': 'Getafe', 'short_title': 'GET'}","{'h': '2', 'a': '0'}","{'h': '2.14059', 'a': '0.62652'}",2019-10-27 17:30:00,"{'w': '0.8136', 'd': '0.1425', 'l': '0.0439'}",2019
12119,True,"{'id': '157', 'title': 'Osasuna', 'short_title': 'OSA'}","{'id': '146', 'title': 'Valencia', 'short_title': 'VAL'}","{'h': '3', 'a': '1'}","{'h': '3.08572', 'a': '0.836057'}",2019-10-27 20:00:00,"{'w': '0.8844', 'd': '0.095', 'l': '0.0206'}",2019
12123,True,"{'id': '158', 'title': 'Alaves', 'short_title': 'ALA'}","{'id': '143', 'title': 'Atletico Madrid', 'short_title': 'ATL'}","{'h': '1', 'a': '1'}","{'h': '0.442747', 'a': '1.72516'}",2019-10-29 18:00:00,"{'w': '0.0625', 'd': '0.1894', 'l': '0.7481'}",2019
12125,True,"{'id': '148', 'title': 'Barcelona', 'short_title': 'BAR'}","{'id': '231', 'title': 'Real Valladolid', 'short_title': 'VAL'}","{'h': '5', 'a': '1'}","{'h': '3.77856', 'a': '1.2024'}",2019-10-29 20:15:00,"{'w': '0.8985', 'd': '0.0749', 'l': '0.0266'}",2019
12131,True,"{'id': '140', 'title': 'Real Sociedad', 'short_title': 'SOC'}","{'id': '151', 'title': 'Levante', 'short_title': 'LEV'}","{'h': '1', 'a': '2'}","{'h': '1.71528', 'a': '2.03092'}",2019-10-30 18:00:00,"{'w': '0.3193', 'd': '0.2309', 'l': '0.4498'}",2019
12132,True,"{'id': '146', 'title': 'Valencia', 'short_title': 'VAL'}","{'id': '138', 'title': 'Sevilla', 'short_title': 'SEV'}","{'h': '1', 'a': '1'}","{'h': '1.0283', 'a': '0.46703'}",2019-10-30 18:00:00,"{'w': '0.5153', 'd': '0.3338', 'l': '0.1509'}",2019
12124,True,"{'id': '147', 'title': 'Athletic Club', 'short_title': 'ATH'}","{'id': '141', 'title': 'Espanyol', 'short_title': 'ESP'}","{'h': '3', 'a': '0'}","{'h': '0.410171', 'a': '0.561641'}",2019-10-30 19:00:00,"{'w': '0.2107', 'd': '0.4603', 'l': '0.329'}",2019
12126,True,"{'id': '153', 'title': 'Real Betis', 'short_title': 'BET'}","{'id': '152', 'title': 'Celta Vigo', 'short_title': 'CEL'}","{'h': '2', 'a': '1'}","{'h': '1.11761', 'a': '1.59702'}",2019-10-30 20:00:00,"{'w': '0.2273', 'd': '0.2802', 'l': '0.4925'}",2019
12130,True,"{'id': '150', 'title': 'Real Madrid', 'short_title': 'RMA'}","{'id': '159', 'title': 'Leganes', 'short_title': 'LEG'}","{'h': '5', 'a': '0'}","{'h': '5.60648', 'a': '0.240435'}",2019-10-30 20:15:00,"{'w': '0.9989', 'd': '0.0011', 'l': '0'}",2019
12127,True,"{'id': '156', 'title': 'Eibar', 'short_title': 'EIB'}","{'id': '154', 'title': 'Villarreal', 'short_title': 'VIL'}","{'h': '2', 'a': '1'}","{'h': '2.782', 'a': '1.40491'}",2019-10-31 18:00:00,"{'w': '0.7156', 'd': '0.1766', 'l': '0.1078'}",2019
12129,True,"{'id': '239', 'title': 'Mallorca', 'short_title': 'MAL'}","{'id': '157', 'title': 'Osasuna', 'short_title': 'OSA'}","{'h': '2', 'a': '2'}","{'h': '2.15631', 'a': '0.869837'}",2019-10-31 18:00:00,"{'w': '0.7325', 'd': '0.1802', 'l': '0.0873'}",2019
12128,True,"{'id': '142', 'title': 'Getafe', 'short_title': 'GET'}","{'id': '155', 'title': 'Granada', 'short_title': 'GRA'}","{'h': '3', 'a': '1'}","{'h': '1.1273', 'a': '1.91693'}",2019-10-31 20:15:00,"{'w': '0.1254', 'd': '0.2667', 'l': '0.6079'}",2019
12134,True,"{'id': '141', 'title': 'Espanyol', 'short_title': 'ESP'}","{'id': '146', 'title': 'Valencia', 'short_title': 'VAL'}","{'h': '1', 'a': '2'}","{'h': '1.27932', 'a': '1.9466'}",2019-11-02 12:00:00,"{'w': '0.1732', 'd': '0.2704', 'l': '0.5564'}",2019
12137,True,"{'id': '151', 'title': 'Levante', 'short_title': 'LEV'}","{'id': '148', 'title': 'Barcelona', 'short_title': 'BAR'}","{'h': '3', 'a': '1'}","{'h': '0.927053', 'a': '2.13479'}",2019-11-02 15:00:00,"{'w': '0.0821', 'd': '0.1843', 'l': '0.7336'}",2019
12140,True,"{'id': '138', 'title': 'Sevilla', 'short_title': 'SEV'}","{'id': '143', 'title': 'Atletico Madrid', 'short_title': 'ATL'}","{'h': '1', 'a': '1'}","{'h': '0.888419', 'a': '2.45211'}",2019-11-02 17:30:00,"{'w': '0.0537', 'd': '0.1418', 'l': '0.8045'}",2019
12139,True,"{'id': '150', 'title': 'Real Madrid', 'short_title': 'RMA'}","{'id': '153', 'title': 'Real Betis', 'short_title': 'BET'}","{'h': '0', 'a': '0'}","{'h': '2.81646', 'a': '0.437853'}",2019-11-02 20:00:00,"{'w': '0.9109', 'd': '0.0702', 'l': '0.0189'}",2019
12142,True,"{'id': '231', 'title': 'Real Valladolid', 'short_title': 'VAL'}","{'id': '239', 'title': 'Mallorca', 'short_title': 'MAL'}","{'h': '3', 'a': '0'}","{'h': '1.96371', 'a': '0.590538'}",2019-11-03 11:00:00,"{'w': '0.7612', 'd': '0.1712', 'l': '0.0676'}",2019
12141,True,"{'id': '154', 'title': 'Villarreal', 'short_title': 'VIL'}","{'id': '147', 'title': 'Athletic Club', 'short_title': 'ATH'}","{'h': '0', 'a': '0'}","{'h': '1.01674', 'a': '1.31553'}",2019-11-03 13:00:00,"{'w': '0.2587', 'd': '0.299', 'l': '0.4423'}",2019
12138,True,"{'id': '157', 'title': 'Osasuna', 'short_title': 'OSA'}","{'id': '158', 'title': 'Alaves', 'short_title': 'ALA'}","{'h': '4', 'a': '2'}","{'h': '3.87668', 'a': '1.45796'}",2019-11-03 15:00:00,"{'w': '0.8864', 'd': '0.078', 'l': '0.0356'}",2019
12133,True,"{'id': '152', 'title': 'Celta Vigo', 'short_title': 'CEL'}","{'id': '142', 'title': 'Getafe', 'short_title': 'GET'}","{'h': '0', 'a': '1'}","{'h': '0.133684', 'a': '0.389551'}",2019-11-03 17:30:00,"{'w': '0.0854', 'd': '0.6142', 'l': '0.3004'}",2019
12136,True,"{'id': '159', 'title': 'Leganes', 'short_title': 'LEG'}","{'id': '156', 'title': 'Eibar', 'short_title': 'EIB'}","{'h': '1', 'a': '2'}","{'h': '1.56154', 'a': '1.0478'}",2019-11-03 17:30:00,"{'w': '0.5049', 'd': '0.3051', 'l': '0.19'}",2019
12135,True,"{'id': '155', 'title': 'Granada', 'short_title': 'GRA'}","{'id': '140', 'title': 'Real Sociedad', 'short_title': 'SOC'}","{'h': '1', 'a': '2'}","{'h': '0.163677', 'a': '1.02564'}",2019-11-03 20:00:00,"{'w': '0.0545', 'd': '0.3212', 'l': '0.6243'}",2019
12151,True,"{'id': '140', 'title': 'Real Sociedad', 'short_title': 'SOC'}","{'id': '159', 'title': 'Leganes', 'short_title': 'LEG'}","{'h': '1', 'a': '1'}","{'h': '1.19357', 'a': '0.326909'}",2019-11-08 20:00:00,"{'w': '0.6448', 'd': '0.2787', 'l': '0.0765'}",2019
12143,True,"{'id': '158', 'title': 'Alaves', 'short_title': 'ALA'}","{'id': '231', 'title': 'Real Valladolid', 'short_title': 'VAL'}","{'h': '3', 'a': '0'}","{'h': '2.8505', 'a': '0.280826'}",2019-11-09 12:00:00,"{'w': '0.9669', 'd': '0.0299', 'l': '0.0032'}",2019
12152,True,"{'id': '146', 'title': 'Valencia', 'short_title': 'VAL'}","{'id': '155', 'title': 'Granada', 'short_title': 'GRA'}","{'h': '2', 'a': '0'}","{'h': '1.04627', 'a': '0.417522'}",2019-11-09 15:00:00,"{'w': '0.53', 'd': '0.3392', 'l': '0.1308'}",2019
12148,True,"{'id': '156', 'title': 'Eibar', 'short_title': 'EIB'}","{'id': '150', 'title': 'Real Madrid', 'short_title': 'RMA'}","{'h': '0', 'a': '4'}","{'h': '0.88387', 'a': '2.84489'}",2019-11-09 17:30:00,"{'w': '0.0357', 'd': '0.1042', 'l': '0.8601'}",2019
12146,True,"{'id': '148', 'title': 'Barcelona', 'short_title': 'BAR'}","{'id': '152', 'title': 'Celta Vigo', 'short_title': 'CEL'}","{'h': '4', 'a': '1'}","{'h': '1.49638', 'a': '0.317045'}",2019-11-09 20:00:00,"{'w': '0.7488', 'd': '0.2043', 'l': '0.0469'}",2019
12150,True,"{'id': '239', 'title': 'Mallorca', 'short_title': 'MAL'}","{'id': '154', 'title': 'Villarreal', 'short_title': 'VIL'}","{'h': '3', 'a': '1'}","{'h': '1.56727', 'a': '3.04498'}",2019-11-10 11:00:00,"{'w': '0.0757', 'd': '0.1746', 'l': '0.7497'}",2019
12144,True,"{'id': '147', 'title': 'Athletic Club', 'short_title': 'ATH'}","{'id': '151', 'title': 'Levante', 'short_title': 'LEV'}","{'h': '2', 'a': '1'}","{'h': '1.79133', 'a': '0.873861'}",2019-11-10 13:00:00,"{'w': '0.5999', 'd': '0.2458', 'l': '0.1543'}",2019
12145,True,"{'id': '143', 'title': 'Atletico Madrid', 'short_title': 'ATL'}","{'id': '141', 'title': 'Espanyol', 'short_title': 'ESP'}","{'h': '3', 'a': '1'}","{'h': '3.05161', 'a': '0.379993'}",2019-11-10 15:00:00,"{'w': '0.9498', 'd': '0.0417', 'l': '0.0085'}",2019
12149,True,"{'id': '142', 'title': 'Getafe', 'short_title': 'GET'}","{'id': '157', 'title': 'Osasuna', 'short_title': 'OSA'}","{'h': '0', 'a': '0'}","{'h': '1.06639', 'a': '0.065756'}",2019-11-10 17:30:00,"{'w': '0.7266', 'd': '0.2573', 'l': '0.0161'}",2019
12147,True,"{'id': '153', 'title': 'Real Betis', 'short_title': 'BET'}","{'id': '138', 'title': 'Sevilla', 'short_title': 'SEV'}","{'h': '1', 'a': '2'}","{'h': '1.56474', 'a': '0.993088'}",2019-11-10 20:00:00,"{'w': '0.528', 'd': '0.2771', 'l': '0.1949'}",2019
12158,True,"{'id': '151', 'title': 'Levante', 'short_title': 'LEV'}","{'id': '239', 'title': 'Mallorca', 'short_title': 'MAL'}","{'h': '2', 'a': '1'}","{'h': '1.83517', 'a': '1.41139'}",2019-11-22 20:00:00,"{'w': '0.4911', 'd': '0.2673', 'l': '0.2416'}",2019
12157,True,"{'id': '159', 'title': 'Leganes', 'short_title': 'LEG'}","{'id': '148', 'title': 'Barcelona', 'short_title': 'BAR'}","{'h': '1', 'a': '2'}","{'h': '0.484105', 'a': '1.68235'}",2019-11-23 12:00:00,"{'w': '0.0733', 'd': '0.2038', 'l': '0.7229'}",2019
12153,True,"{'id': '153', 'title': 'Real Betis', 'short_title': 'BET'}","{'id': '146', 'title': 'Valencia', 'short_title': 'VAL'}","{'h': '2', 'a': '1'}","{'h': '1.62946', 'a': '0.910796'}",2019-11-23 15:00:00,"{'w': '0.5491', 'd': '0.2701', 'l': '0.1808'}",2019
12156,True,"{'id': '155', 'title': 'Granada', 'short_title': 'GRA'}","{'id': '143', 'title': 'Atletico Madrid', 'short_title': 'ATL'}","{'h': '1', 'a': '1'}","{'h': '0.669993', 'a': '2.0596'}",2019-11-23 17:30:00,"{'w': '0.0812', 'd': '0.1857', 'l': '0.7331'}",2019
12160,True,"{'id': '150', 'title': 'Real Madrid', 'short_title': 'RMA'}","{'id': '140', 'title': 'Real Sociedad', 'short_title': 'SOC'}","{'h': '3', 'a': '1'}","{'h': '1.69928', 'a': '1.41126'}",2019-11-23 20:00:00,"{'w': '0.4428', 'd': '0.2611', 'l': '0.2961'}",2019
12155,True,"{'id': '141', 'title': 'Espanyol', 'short_title': 'ESP'}","{'id': '142', 'title': 'Getafe', 'short_title': 'GET'}","{'h': '1', 'a': '1'}","{'h': '1.12432', 'a': '0.773228'}",2019-11-24 11:00:00,"{'w': '0.4451', 'd': '0.3497', 'l': '0.2052'}",2019
12159,True,"{'id': '157', 'title': 'Osasuna', 'short_title': 'OSA'}","{'id': '147', 'title': 'Athletic Club', 'short_title': 'ATH'}","{'h': '1', 'a': '2'}","{'h': '1.27092', 'a': '1.21625'}",2019-11-24 13:00:00,"{'w': '0.3521', 'd': '0.3082', 'l': '0.3397'}",2019
12154,True,"{'id': '156', 'title': 'Eibar', 'short_title': 'EIB'}","{'id': '158', 'title': 'Alaves', 'short_title': 'ALA'}","{'h': '0', 'a': '2'}","{'h': '1.61983', 'a': '1.47648'}",2019-11-24 15:00:00,"{'w': '0.4009', 'd': '0.266', 'l': '0.3331'}",2019
12161,True,"{'id': '154', 'title': 'Villarreal', 'short_title': 'VIL'}","{'id': '152', 'title': 'Celta Vigo', 'short_title': 'CEL'}","{'h': '1', 'a': '3'}","{'h': '1.20262', 'a': '1.75554'}",2019-11-24 17:30:00,"{'w': '0.1902', 'd': '0.2797', 'l': '0.5301'}",2019
12162,True,"{'id': '231', 'title': 'Real Valladolid', 'short_title': 'VAL'}","{'id': '138', 'title': 'Sevilla', 'short_title': 'SEV'}","{'h': '0', 'a': '1'}","{'h': '0.363545', 'a': '1.11673'}",2019-11-24 20:00:00,"{'w': '0.078', 'd': '0.2802', 'l': '0.6418'}",2019
12166,True,"{'id': '152', 'title': 'Celta Vigo', 'short_title': 'CEL'}","{'id': '231', 'title': 'Real Valladolid', 'short_title': 'VAL'}","{'h': '0', 'a': '0'}","{'h': '1.43181', 'a': '0.263566'}",2019-11-29 20:00:00,"{'w': '0.7112', 'd': '0.2345', 'l': '0.0543'}",2019
12163,True,"{'id': '158', 'title': 'Alaves', 'short_title': 'ALA'}","{'id': '150', 'title': 'Real Madrid', 'short_title': 'RMA'}","{'h': '1', 'a': '2'}","{'h': '1.10771', 'a': '2.08673'}",2019-11-30 12:00:00,"{'w': '0.087', 'd': '0.2537', 'l': '0.6593'}",2019
12170,True,"{'id': '140', 'title': 'Real Sociedad', 'short_title': 'SOC'}","{'id': '156', 'title': 'Eibar', 'short_title': 'EIB'}","{'h': '4', 'a': '1'}","{'h': '1.39065', 'a': '0.605108'}",2019-11-30 15:00:00,"{'w': '0.5857', 'd': '0.2725', 'l': '0.1418'}",2019
12169,True,"{'id': '239', 'title': 'Mallorca', 'short_title': 'MAL'}","{'id': '153', 'title': 'Real Betis', 'short_title': 'BET'}","{'h': '1', 'a': '2'}","{'h': '2.37108', 'a': '2.27656'}",2019-11-30 17:30:00,"{'w': '0.3961', 'd': '0.252', 'l': '0.3519'}",2019
12172,True,"{'id': '146', 'title': 'Valencia', 'short_title': 'VAL'}","{'id': '154', 'title': 'Villarreal', 'short_title': 'VIL'}","{'h': '2', 'a': '1'}","{'h': '1.58912', 'a': '1.94325'}",2019-11-30 20:00:00,"{'w': '0.2686', 'd': '0.2981', 'l': '0.4333'}",2019
12171,True,"{'id': '138', 'title': 'Sevilla', 'short_title': 'SEV'}","{'id': '159', 'title': 'Leganes', 'short_title': 'LEG'}","{'h': '1', 'a': '0'}","{'h': '2.44081', 'a': '1.05322'}",2019-12-01 11:00:00,"{'w': '0.7296', 'd': '0.176', 'l': '0.0944'}",2019
12164,True,"{'id': '147', 'title': 'Athletic Club', 'short_title': 'ATH'}","{'id': '155', 'title': 'Granada', 'short_title': 'GRA'}","{'h': '2', 'a': '0'}","{'h': '1.82466', 'a': '0.233324'}",2019-12-01 13:00:00,"{'w': '0.8552', 'd': '0.1218', 'l': '0.023'}",2019
12167,True,"{'id': '141', 'title': 'Espanyol', 'short_title': 'ESP'}","{'id': '157', 'title': 'Osasuna', 'short_title': 'OSA'}","{'h': '2', 'a': '4'}","{'h': '1.55803', 'a': '3.03712'}",2019-12-01 15:00:00,"{'w': '0.0926', 'd': '0.1644', 'l': '0.743'}",2019
12168,True,"{'id': '142', 'title': 'Getafe', 'short_title': 'GET'}","{'id': '151', 'title': 'Levante', 'short_title': 'LEV'}","{'h': '4', 'a': '0'}","{'h': '2.05726', 'a': '0.476355'}",2019-12-01 17:30:00,"{'w': '0.8147', 'd': '0.1434', 'l': '0.0419'}",2019
12165,True,"{'id': '143', 'title': 'Atletico Madrid', 'short_title': 'ATL'}","{'id': '148', 'title': 'Barcelona', 'short_title': 'BAR'}","{'h': '0', 'a': '1'}","{'h': '1.16353', 'a': '1.18842'}",2019-12-01 20:00:00,"{'w': '0.3348', 'd': '0.2952', 'l': '0.37'}",2019
12181,True,"{'id': '154', 'title': 'Villarreal', 'short_title': 'VIL'}","{'id': '143', 'title': 'Atletico Madrid', 'short_title': 'ATL'}","{'h': '0', 'a': '0'}","{'h': '1.41318', 'a': '1.71887'}",2019-12-06 20:00:00,"{'w': '0.2969', 'd': '0.2597', 'l': '0.4434'}",2019
12180,True,"{'id': '150', 'title': 'Real Madrid', 'short_title': 'RMA'}","{'id': '141', 'title': 'Espanyol', 'short_title': 'ESP'}","{'h': '2', 'a': '0'}","{'h': '2.55366', 'a': '0.286726'}",2019-12-07 12:00:00,"{'w': '0.9136', 'd': '0.0714', 'l': '0.015'}",2019
12176,True,"{'id': '155', 'title': 'Granada', 'short_title': 'GRA'}","{'id': '158', 'title': 'Alaves', 'short_title': 'ALA'}","{'h': '3', 'a': '0'}","{'h': '2.63161', 'a': '0.37368'}",2019-12-07 15:00:00,"{'w': '0.9215', 'd': '0.0652', 'l': '0.0133'}",2019
12178,True,"{'id': '151', 'title': 'Levante', 'short_title': 'LEV'}","{'id': '146', 'title': 'Valencia', 'short_title': 'VAL'}","{'h': '2', 'a': '4'}","{'h': '2.12541', 'a': '2.95856'}",2019-12-07 17:30:00,"{'w': '0.1984', 'd': '0.2145', 'l': '0.5871'}",2019
12173,True,"{'id': '148', 'title': 'Barcelona', 'short_title': 'BAR'}","{'id': '239', 'title': 'Mallorca', 'short_title': 'MAL'}","{'h': '5', 'a': '2'}","{'h': '4.28236', 'a': '1.0224'}",2019-12-07 20:00:00,"{'w': '0.9362', 'd': '0.0479', 'l': '0.0159'}",2019
12175,True,"{'id': '156', 'title': 'Eibar', 'short_title': 'EIB'}","{'id': '142', 'title': 'Getafe', 'short_title': 'GET'}","{'h': '0', 'a': '1'}","{'h': '0.267821', 'a': '0.913932'}",2019-12-08 11:00:00,"{'w': '0.0888', 'd': '0.3537', 'l': '0.5575'}",2019
12174,True,"{'id': '153', 'title': 'Real Betis', 'short_title': 'BET'}","{'id': '147', 'title': 'Athletic Club', 'short_title': 'ATH'}","{'h': '3', 'a': '2'}","{'h': '1.98458', 'a': '0.985449'}",2019-12-08 13:00:00,"{'w': '0.6539', 'd': '0.2359', 'l': '0.1102'}",2019
12182,True,"{'id': '231', 'title': 'Real Valladolid', 'short_title': 'VAL'}","{'id': '140', 'title': 'Real Sociedad', 'short_title': 'SOC'}","{'h': '0', 'a': '0'}","{'h': '0.509978', 'a': '1.87222'}",2019-12-08 15:00:00,"{'w': '0.0605', 'd': '0.1941', 'l': '0.7454'}",2019
12177,True,"{'id': '159', 'title': 'Leganes', 'short_title': 'LEG'}","{'id': '152', 'title': 'Celta Vigo', 'short_title': 'CEL'}","{'h': '3', 'a': '2'}","{'h': '0.971054', 'a': '0.47817'}",2019-12-08 17:30:00,"{'w': '0.4851', 'd': '0.3498', 'l': '0.1651'}",2019
12179,True,"{'id': '157', 'title': 'Osasuna', 'short_title': 'OSA'}","{'id': '138', 'title': 'Sevilla', 'short_title': 'SEV'}","{'h': '1', 'a': '1'}","{'h': '0.661362', 'a': '1.46737'}",2019-12-08 20:00:00,"{'w': '0.1424', 'd': '0.2651', 'l': '0.5925'}",2019
12183,True,"{'id': '158', 'title': 'Alaves', 'short_title': 'ALA'}","{'id': '159', 'title': 'Leganes', 'short_title': 'LEG'}","{'h': '1', 'a': '1'}","{'h': '1.56275', 'a': '0.915597'}",2019-12-13 20:00:00,"{'w': '0.5493', 'd': '0.2936', 'l': '0.1571'}",2019
12189,True,"{'id': '155', 'title': 'Granada', 'short_title': 'GRA'}","{'id': '151', 'title': 'Levante', 'short_title': 'LEV'}","{'h': '1', 'a': '2'}","{'h': '1.21053', 'a': '0.917727'}",2019-12-14 12:00:00,"{'w': '0.4243', 'd': '0.301', 'l': '0.2747'}",2019
12190,True,"{'id': '140', 'title': 'Real Sociedad', 'short_title': 'SOC'}","{'id': '148', 'title': 'Barcelona', 'short_title': 'BAR'}","{'h': '2', 'a': '2'}","{'h': '2.87892', 'a': '1.18314'}",2019-12-14 15:00:00,"{'w': '0.7953', 'd': '0.1318', 'l': '0.0729'}",2019
12184,True,"{'id': '147', 'title': 'Athletic Club', 'short_title': 'ATH'}","{'id': '156', 'title': 'Eibar', 'short_title': 'EIB'}","{'h': '0', 'a': '0'}","{'h': '0.358952', 'a': '0.276155'}",2019-12-14 17:30:00,"{'w': '0.2398', 'd': '0.587', 'l': '0.1732'}",2019
12185,True,"{'id': '143', 'title': 'Atletico Madrid', 'short_title': 'ATL'}","{'id': '157', 'title': 'Osasuna', 'short_title': 'OSA'}","{'h': '2', 'a': '0'}","{'h': '2.5649', 'a': '0.528091'}",2019-12-14 20:00:00,"{'w': '0.8601', 'd': '0.1023', 'l': '0.0376'}",2019
12188,True,"{'id': '142', 'title': 'Getafe', 'short_title': 'GET'}","{'id': '231', 'title': 'Real Valladolid', 'short_title': 'VAL'}","{'h': '2', 'a': '0'}","{'h': '1.88065', 'a': '0.435816'}",2019-12-15 11:00:00,"{'w': '0.7848', 'd': '0.1624', 'l': '0.0528'}",2019
12186,True,"{'id': '152', 'title': 'Celta Vigo', 'short_title': 'CEL'}","{'id': '239', 'title': 'Mallorca', 'short_title': 'MAL'}","{'h': '2', 'a': '2'}","{'h': '2.18849', 'a': '1.51622'}",2019-12-15 13:00:00,"{'w': '0.5402', 'd': '0.2617', 'l': '0.1981'}",2019
12187,True,"{'id': '141', 'title': 'Espanyol', 'short_title': 'ESP'}","{'id': '153', 'title': 'Real Betis', 'short_title': 'BET'}","{'h': '2', 'a': '2'}","{'h': '1.58859', 'a': '0.502557'}",2019-12-15 15:00:00,"{'w': '0.7064', 'd': '0.2227', 'l': '0.0709'}",2019
12191,True,"{'id': '138', 'title': 'Sevilla', 'short_title': 'SEV'}","{'id': '154', 'title': 'Villarreal', 'short_title': 'VIL'}","{'h': '1', 'a': '2'}","{'h': '1.73952', 'a': '1.62777'}",2019-12-15 17:30:00,"{'w': '0.3949', 'd': '0.2568', 'l': '0.3483'}",2019
12192,True,"{'id': '146', 'title': 'Valencia', 'short_title': 'VAL'}","{'id': '150', 'title': 'Real Madrid', 'short_title': 'RMA'}","{'h': '1', 'a': '1'}","{'h': '2.28638', 'a': '1.97126'}",2019-12-15 20:00:00,"{'w': '0.459', 'd': '0.2586', 'l': '0.2824'}",2019
12113,True,"{'id': '148', 'title': 'Barcelona', 'short_title': 'BAR'}","{'id': '150', 'title': 'Real Madrid', 'short_title': 'RMA'}","{'h': '0', 'a': '0'}","{'h': '0.72288', 'a': '0.844042'}",2019-12-18 19:00:00,"{'w': '0.294', 'd': '0.3544', 'l': '0.3516'}",2019
12195,True,"{'id': '156', 'title': 'Eibar', 'short_title': 'EIB'}","{'id': '155', 'title': 'Granada', 'short_title': 'GRA'}","{'h': '3', 'a': '0'}","{'h': '2.55405', 'a': '1.72232'}",2019-12-20 20:00:00,"{'w': '0.5729', 'd': '0.2138', 'l': '0.2133'}",2019
12198,True,"{'id': '239', 'title': 'Mallorca', 'short_title': 'MAL'}","{'id': '138', 'title': 'Sevilla', 'short_title': 'SEV'}","{'h': '0', 'a': '2'}","{'h': '0.788281', 'a': '1.80841'}",2019-12-21 12:00:00,"{'w': '0.0943', 'd': '0.2476', 'l': '0.6581'}",2019
12193,True,"{'id': '148', 'title': 'Barcelona', 'short_title': 'BAR'}","{'id': '158', 'title': 'Alaves', 'short_title': 'ALA'}","{'h': '4', 'a': '1'}","{'h': '1.43229', 'a': '0.432162'}",2019-12-21 15:00:00,"{'w': '0.6855', 'd': '0.2442', 'l': '0.0703'}",2019
12201,True,"{'id': '154', 'title': 'Villarreal', 'short_title': 'VIL'}","{'id': '142', 'title': 'Getafe', 'short_title': 'GET'}","{'h': '1', 'a': '0'}","{'h': '2.63083', 'a': '0.646333'}",2019-12-21 17:30:00,"{'w': '0.8802', 'd': '0.0967', 'l': '0.0231'}",2019
12202,True,"{'id': '231', 'title': 'Real Valladolid', 'short_title': 'VAL'}","{'id': '146', 'title': 'Valencia', 'short_title': 'VAL'}","{'h': '1', 'a': '1'}","{'h': '0.7245', 'a': '0.835691'}",2019-12-21 20:00:00,"{'w': '0.2404', 'd': '0.3767', 'l': '0.3829'}",2019
12196,True,"{'id': '159', 'title': 'Leganes', 'short_title': 'LEG'}","{'id': '141', 'title': 'Espanyol', 'short_title': 'ESP'}","{'h': '2', 'a': '0'}","{'h': '0.84514', 'a': '0.649033'}",2019-12-22 11:00:00,"{'w': '0.3776', 'd': '0.3739', 'l': '0.2485'}",2019
12199,True,"{'id': '157', 'title': 'Osasuna', 'short_title': 'OSA'}","{'id': '140', 'title': 'Real Sociedad', 'short_title': 'SOC'}","{'h': '3', 'a': '4'}","{'h': '3.10563', 'a': '2.29198'}",2019-12-22 13:00:00,"{'w': '0.566', 'd': '0.1991', 'l': '0.2349'}",2019
12194,True,"{'id': '153', 'title': 'Real Betis', 'short_title': 'BET'}","{'id': '143', 'title': 'Atletico Madrid', 'short_title': 'ATL'}","{'h': '1', 'a': '2'}","{'h': '0.922514', 'a': '1.41727'}",2019-12-22 15:00:00,"{'w': '0.2003', 'd': '0.2844', 'l': '0.5153'}",2019
12197,True,"{'id': '151', 'title': 'Levante', 'short_title': 'LEV'}","{'id': '152', 'title': 'Celta Vigo', 'short_title': 'CEL'}","{'h': '3', 'a': '1'}","{'h': '2.68998', 'a': '1.4501'}",2019-12-22 17:30:00,"{'w': '0.7004', 'd': '0.1891', 'l': '0.1105'}",2019
12200,True,"{'id': '150', 'title': 'Real Madrid', 'short_title': 'RMA'}","{'id': '147', 'title': 'Athletic Club', 'short_title': 'ATH'}","{'h': '0', 'a': '0'}","{'h': '2.95373', 'a': '0.415201'}",2019-12-22 20:00:00,"{'w': '0.9219', 'd': '0.0624', 'l': '0.0157'}",2019
12212,True,"{'id': '231', 'title': 'Real Valladolid', 'short_title': 'VAL'}","{'id': '159', 'title': 'Leganes', 'short_title': 'LEG'}","{'h': '2', 'a': '2'}","{'h': '1.56625', 'a': '2.14709'}",2020-01-03 18:00:00,"{'w': '0.2219', 'd': '0.2628', 'l': '0.5153'}",2019
12210,True,"{'id': '138', 'title': 'Sevilla', 'short_title': 'SEV'}","{'id': '147', 'title': 'Athletic Club', 'short_title': 'ATH'}","{'h': '1', 'a': '1'}","{'h': '1.07523', 'a': '0.237728'}",2020-01-03 20:00:00,"{'w': '0.6385', 'd': '0.2952', 'l': '0.0663'}",2019
12211,True,"{'id': '146', 'title': 'Valencia', 'short_title': 'VAL'}","{'id': '156', 'title': 'Eibar', 'short_title': 'EIB'}","{'h': '1', 'a': '0'}","{'h': '1.10197', 'a': '0.817026'}",2020-01-04 12:00:00,"{'w': '0.4251', 'd': '0.322', 'l': '0.2529'}",2019
12207,True,"{'id': '142', 'title': 'Getafe', 'short_title': 'GET'}","{'id': '150', 'title': 'Real Madrid', 'short_title': 'RMA'}","{'h': '0', 'a': '3'}","{'h': '1.26627', 'a': '2.09016'}",2020-01-04 15:00:00,"{'w': '0.1858', 'd': '0.2278', 'l': '0.5864'}",2019
12204,True,"{'id': '143', 'title': 'Atletico Madrid', 'short_title': 'ATL'}","{'id': '151', 'title': 'Levante', 'short_title': 'LEV'}","{'h': '2', 'a': '1'}","{'h': '1.56308', 'a': '0.736284'}",2020-01-04 17:30:00,"{'w': '0.583', 'd': '0.2622', 'l': '0.1548'}",2019
12206,True,"{'id': '141', 'title': 'Espanyol', 'short_title': 'ESP'}","{'id': '148', 'title': 'Barcelona', 'short_title': 'BAR'}","{'h': '2', 'a': '2'}","{'h': '0.730874', 'a': '2.3097'}",2020-01-04 20:00:00,"{'w': '0.0709', 'd': '0.1555', 'l': '0.7736'}",2019
12208,True,"{'id': '155', 'title': 'Granada', 'short_title': 'GRA'}","{'id': '239', 'title': 'Mallorca', 'short_title': 'MAL'}","{'h': '1', 'a': '0'}","{'h': '1.38848', 'a': '0.78276'}",2020-01-05 11:00:00,"{'w': '0.5604', 'd': '0.2688', 'l': '0.1708'}",2019
12209,True,"{'id': '140', 'title': 'Real Sociedad', 'short_title': 'SOC'}","{'id': '154', 'title': 'Villarreal', 'short_title': 'VIL'}","{'h': '1', 'a': '2'}","{'h': '1.01062', 'a': '1.29087'}",2020-01-05 13:00:00,"{'w': '0.2339', 'd': '0.35', 'l': '0.4161'}",2019
12203,True,"{'id': '158', 'title': 'Alaves', 'short_title': 'ALA'}","{'id': '153', 'title': 'Real Betis', 'short_title': 'BET'}","{'h': '1', 'a': '1'}","{'h': '0.304027', 'a': '2.02653'}",2020-01-05 15:00:00,"{'w': '0.0213', 'd': '0.1132', 'l': '0.8655'}",2019
12205,True,"{'id': '152', 'title': 'Celta Vigo', 'short_title': 'CEL'}","{'id': '157', 'title': 'Osasuna', 'short_title': 'OSA'}","{'h': '1', 'a': '1'}","{'h': '1.91143', 'a': '0.76674'}",2020-01-05 20:00:00,"{'w': '0.6661', 'd': '0.225', 'l': '0.1089'}",2019
12217,True,"{'id': '159', 'title': 'Leganes', 'short_title': 'LEG'}","{'id': '142', 'title': 'Getafe', 'short_title': 'GET'}","{'h': '0', 'a': '3'}","{'h': '0.280841', 'a': '1.96098'}",2020-01-17 20:00:00,"{'w': '0.0231', 'd': '0.1124', 'l': '0.8645'}",2019
12218,True,"{'id': '151', 'title': 'Levante', 'short_title': 'LEV'}","{'id': '158', 'title': 'Alaves', 'short_title': 'ALA'}","{'h': '0', 'a': '1'}","{'h': '1.16982', 'a': '1.73657'}",2020-01-18 12:00:00,"{'w': '0.2367', 'd': '0.2483', 'l': '0.515'}",2019
12221,True,"{'id': '150', 'title': 'Real Madrid', 'short_title': 'RMA'}","{'id': '138', 'title': 'Sevilla', 'short_title': 'SEV'}","{'h': '2', 'a': '1'}","{'h': '1.37156', 'a': '0.373928'}",2020-01-18 15:00:00,"{'w': '0.6665', 'd': '0.253', 'l': '0.0805'}",2019
12220,True,"{'id': '157', 'title': 'Osasuna', 'short_title': 'OSA'}","{'id': '231', 'title': 'Real Valladolid', 'short_title': 'VAL'}","{'h': '0', 'a': '0'}","{'h': '1.59896', 'a': '0.618269'}",2020-01-18 17:30:00,"{'w': '0.6279', 'd': '0.2445', 'l': '0.1276'}",2019
12216,True,"{'id': '156', 'title': 'Eibar', 'short_title': 'EIB'}","{'id': '143', 'title': 'Atletico Madrid', 'short_title': 'ATL'}","{'h': '2', 'a': '0'}","{'h': '1.03493', 'a': '1.03685'}",2020-01-18 20:00:00,"{'w': '0.3321', 'd': '0.3377', 'l': '0.3302'}",2019
12219,True,"{'id': '239', 'title': 'Mallorca', 'short_title': 'MAL'}","{'id': '146', 'title': 'Valencia', 'short_title': 'VAL'}","{'h': '4', 'a': '1'}","{'h': '2.18221', 'a': '0.449368'}",2020-01-19 11:00:00,"{'w': '0.8245', 'd': '0.1336', 'l': '0.0419'}",2019
12215,True,"{'id': '153', 'title': 'Real Betis', 'short_title': 'BET'}","{'id': '140', 'title': 'Real Sociedad', 'short_title': 'SOC'}","{'h': '3', 'a': '0'}","{'h': '2.26225', 'a': '0.281591'}",2020-01-19 13:00:00,"{'w': '0.8757', 'd': '0.1017', 'l': '0.0226'}",2019
12222,True,"{'id': '154', 'title': 'Villarreal', 'short_title': 'VIL'}","{'id': '141', 'title': 'Espanyol', 'short_title': 'ESP'}","{'h': '1', 'a': '2'}","{'h': '2.23006', 'a': '2.04252'}",2020-01-19 15:00:00,"{'w': '0.4115', 'd': '0.2697', 'l': '0.3188'}",2019
12213,True,"{'id': '147', 'title': 'Athletic Club', 'short_title': 'ATH'}","{'id': '152', 'title': 'Celta Vigo', 'short_title': 'CEL'}","{'h': '1', 'a': '1'}","{'h': '3.43632', 'a': '0.716642'}",2020-01-19 17:30:00,"{'w': '0.9285', 'd': '0.056', 'l': '0.0155'}",2019
12214,True,"{'id': '148', 'title': 'Barcelona', 'short_title': 'BAR'}","{'id': '155', 'title': 'Granada', 'short_title': 'GRA'}","{'h': '1', 'a': '0'}","{'h': '1.43259', 'a': '0.187953'}",2020-01-19 20:00:00,"{'w': '0.7272', 'd': '0.2326', 'l': '0.0402'}",2019
12228,True,"{'id': '157', 'title': 'Osasuna', 'short_title': 'OSA'}","{'id': '151', 'title': 'Levante', 'short_title': 'LEV'}","{'h': '2', 'a': '0'}","{'h': '1.94107', 'a': '0.601469'}",2020-01-24 20:00:00,"{'w': '0.753', 'd': '0.1803', 'l': '0.0667'}",2019
12226,True,"{'id': '141', 'title': 'Espanyol', 'short_title': 'ESP'}","{'id': '147', 'title': 'Athletic Club', 'short_title': 'ATH'}","{'h': '1', 'a': '1'}","{'h': '0.552668', 'a': '0.660786'}",2020-01-25 12:00:00,"{'w': '0.2578', 'd': '0.4087', 'l': '0.3335'}",2019
12231,True,"{'id': '146', 'title': 'Valencia', 'short_title': 'VAL'}","{'id': '148', 'title': 'Barcelona', 'short_title': 'BAR'}","{'h': '2', 'a': '0'}","{'h': '1.43787', 'a': '1.15303'}",2020-01-25 15:00:00,"{'w': '0.4449', 'd': '0.3024', 'l': '0.2527'}",2019
12223,True,"{'id': '158', 'title': 'Alaves', 'short_title': 'ALA'}","{'id': '154', 'title': 'Villarreal', 'short_title': 'VIL'}","{'h': '1', 'a': '2'}","{'h': '0.975012', 'a': '1.07139'}",2020-01-25 17:30:00,"{'w': '0.3038', 'd': '0.3258', 'l': '0.3704'}",2019
12230,True,"{'id': '138', 'title': 'Sevilla', 'short_title': 'SEV'}","{'id': '155', 'title': 'Granada', 'short_title': 'GRA'}","{'h': '2', 'a': '0'}","{'h': '0.807577', 'a': '0.475664'}",2020-01-25 20:00:00,"{'w': '0.4137', 'd': '0.3892', 'l': '0.1971'}",2019
12224,True,"{'id': '143', 'title': 'Atletico Madrid', 'short_title': 'ATL'}","{'id': '159', 'title': 'Leganes', 'short_title': 'LEG'}","{'h': '0', 'a': '0'}","{'h': '0.990297', 'a': '0.37528'}",2020-01-26 11:00:00,"{'w': '0.5208', 'd': '0.3512', 'l': '0.128'}",2019
12225,True,"{'id': '152', 'title': 'Celta Vigo', 'short_title': 'CEL'}","{'id': '156', 'title': 'Eibar', 'short_title': 'EIB'}","{'h': '0', 'a': '0'}","{'h': '1.03102', 'a': '0.223406'}",2020-01-26 13:00:00,"{'w': '0.6059', 'd': '0.3253', 'l': '0.0688'}",2019
12227,True,"{'id': '142', 'title': 'Getafe', 'short_title': 'GET'}","{'id': '153', 'title': 'Real Betis', 'short_title': 'BET'}","{'h': '1', 'a': '0'}","{'h': '1.45193', 'a': '1.33797'}",2020-01-26 15:00:00,"{'w': '0.3822', 'd': '0.3218', 'l': '0.296'}",2019
12229,True,"{'id': '140', 'title': 'Real Sociedad', 'short_title': 'SOC'}","{'id': '239', 'title': 'Mallorca', 'short_title': 'MAL'}","{'h': '3', 'a': '0'}","{'h': '2.6866', 'a': '0.885045'}",2020-01-26 17:30:00,"{'w': '0.8222', 'd': '0.1279', 'l': '0.0499'}",2019
12232,True,"{'id': '231', 'title': 'Real Valladolid', 'short_title': 'VAL'}","{'id': '150', 'title': 'Real Madrid', 'short_title': 'RMA'}","{'h': '0', 'a': '1'}","{'h': '0.190691', 'a': '0.5486'}",2020-01-26 20:00:00,"{'w': '0.1098', 'd': '0.5151', 'l': '0.3751'}",2019
12235,True,"{'id': '155', 'title': 'Granada', 'short_title': 'GRA'}","{'id': '141', 'title': 'Espanyol', 'short_title': 'ESP'}","{'h': '2', 'a': '1'}","{'h': '0.875651', 'a': '2.69997'}",2020-02-01 12:00:00,"{'w': '0.0474', 'd': '0.1223', 'l': '0.8303'}",2019
12238,True,"{'id': '150', 'title': 'Real Madrid', 'short_title': 'RMA'}","{'id': '143', 'title': 'Atletico Madrid', 'short_title': 'ATL'}","{'h': '1', 'a': '0'}","{'h': '1.08227', 'a': '0.454401'}",2020-02-01 15:00:00,"{'w': '0.5342', 'd': '0.3379', 'l': '0.1279'}",2019
12237,True,"{'id': '239', 'title': 'Mallorca', 'short_title': 'MAL'}","{'id': '231', 'title': 'Real Valladolid', 'short_title': 'VAL'}","{'h': '0', 'a': '1'}","{'h': '0.550096', 'a': '1.09282'}",2020-02-01 17:30:00,"{'w': '0.1687', 'd': '0.3016', 'l': '0.5297'}",2019
12240,True,"{'id': '146', 'title': 'Valencia', 'short_title': 'VAL'}","{'id': '152', 'title': 'Celta Vigo', 'short_title': 'CEL'}","{'h': '1', 'a': '0'}","{'h': '1.103', 'a': '1.35798'}",2020-02-01 20:00:00,"{'w': '0.2822', 'd': '0.2933', 'l': '0.4245'}",2019
12236,True,"{'id': '159', 'title': 'Leganes', 'short_title': 'LEG'}","{'id': '140', 'title': 'Real Sociedad', 'short_title': 'SOC'}","{'h': '2', 'a': '1'}","{'h': '1.42', 'a': '0.108866'}",2020-02-02 11:00:00,"{'w': '0.7839', 'd': '0.1941', 'l': '0.022'}",2019
12234,True,"{'id': '156', 'title': 'Eibar', 'short_title': 'EIB'}","{'id': '153', 'title': 'Real Betis', 'short_title': 'BET'}","{'h': '1', 'a': '1'}","{'h': '2.28348', 'a': '0.959112'}",2020-02-02 13:00:00,"{'w': '0.7384', 'd': '0.1716', 'l': '0.09'}",2019
12242,True,"{'id': '147', 'title': 'Athletic Club', 'short_title': 'ATH'}","{'id': '142', 'title': 'Getafe', 'short_title': 'GET'}","{'h': '0', 'a': '2'}","{'h': '0.734487', 'a': '2.25172'}",2020-02-02 15:00:00,"{'w': '0.0641', 'd': '0.156', 'l': '0.7799'}",2019
12239,True,"{'id': '138', 'title': 'Sevilla', 'short_title': 'SEV'}","{'id': '158', 'title': 'Alaves', 'short_title': 'ALA'}","{'h': '1', 'a': '1'}","{'h': '1.64919', 'a': '0.984092'}",2020-02-02 17:30:00,"{'w': '0.536', 'd': '0.2968', 'l': '0.1672'}",2019
12241,True,"{'id': '154', 'title': 'Villarreal', 'short_title': 'VIL'}","{'id': '157', 'title': 'Osasuna', 'short_title': 'OSA'}","{'h': '3', 'a': '1'}","{'h': '1.9166', 'a': '0.915717'}",2020-02-02 17:30:00,"{'w': '0.6697', 'd': '0.2201', 'l': '0.1102'}",2019
12233,True,"{'id': '148', 'title': 'Barcelona', 'short_title': 'BAR'}","{'id': '151', 'title': 'Levante', 'short_title': 'LEV'}","{'h': '2', 'a': '1'}","{'h': '3.38735', 'a': '1.21881'}",2020-02-02 20:00:00,"{'w': '0.8251', 'd': '0.1197', 'l': '0.0552'}",2019
12249,True,"{'id': '158', 'title': 'Alaves', 'short_title': 'ALA'}","{'id': '156', 'title': 'Eibar', 'short_title': 'EIB'}","{'h': '2', 'a': '1'}","{'h': '1.44414', 'a': '0.159152'}",2020-02-07 20:00:00,"{'w': '0.7774', 'd': '0.1923', 'l': '0.0303'}",2019
12245,True,"{'id': '151', 'title': 'Levante', 'short_title': 'LEV'}","{'id': '159', 'title': 'Leganes', 'short_title': 'LEG'}","{'h': '2', 'a': '0'}","{'h': '0.933595', 'a': '1.18902'}",2020-02-08 12:00:00,"{'w': '0.2682', 'd': '0.3072', 'l': '0.4246'}",2019
12244,True,"{'id': '142', 'title': 'Getafe', 'short_title': 'GET'}","{'id': '146', 'title': 'Valencia', 'short_title': 'VAL'}","{'h': '3', 'a': '0'}","{'h': '3.27894', 'a': '0.257146'}",2020-02-08 15:00:00,"{'w': '0.9685', 'd': '0.0279', 'l': '0.0036'}",2019
12248,True,"{'id': '231', 'title': 'Real Valladolid', 'short_title': 'VAL'}","{'id': '154', 'title': 'Villarreal', 'short_title': 'VIL'}","{'h': '1', 'a': '1'}","{'h': '0.646254', 'a': '1.38092'}",2020-02-08 17:30:00,"{'w': '0.122', 'd': '0.2784', 'l': '0.5996'}",2019
12250,True,"{'id': '143', 'title': 'Atletico Madrid', 'short_title': 'ATL'}","{'id': '155', 'title': 'Granada', 'short_title': 'GRA'}","{'h': '1', 'a': '0'}","{'h': '0.92576', 'a': '0.89501'}",2020-02-08 20:00:00,"{'w': '0.3259', 'd': '0.3643', 'l': '0.3098'}",2019
12243,True,"{'id': '141', 'title': 'Espanyol', 'short_title': 'ESP'}","{'id': '239', 'title': 'Mallorca', 'short_title': 'MAL'}","{'h': '1', 'a': '0'}","{'h': '1.81523', 'a': '0.669911'}",2020-02-09 11:00:00,"{'w': '0.6894', 'd': '0.2141', 'l': '0.0965'}",2019
12247,True,"{'id': '140', 'title': 'Real Sociedad', 'short_title': 'SOC'}","{'id': '147', 'title': 'Athletic Club', 'short_title': 'ATH'}","{'h': '2', 'a': '1'}","{'h': '2.27376', 'a': '0.643736'}",2020-02-09 13:00:00,"{'w': '0.8098', 'd': '0.1423', 'l': '0.0479'}",2019
12246,True,"{'id': '157', 'title': 'Osasuna', 'short_title': 'OSA'}","{'id': '150', 'title': 'Real Madrid', 'short_title': 'RMA'}","{'h': '1', 'a': '4'}","{'h': '0.68297', 'a': '2.74949'}",2020-02-09 15:00:00,"{'w': '0.0481', 'd': '0.1115', 'l': '0.8404'}",2019
12252,True,"{'id': '152', 'title': 'Celta Vigo', 'short_title': 'CEL'}","{'id': '138', 'title': 'Sevilla', 'short_title': 'SEV'}","{'h': '2', 'a': '1'}","{'h': '1.38338', 'a': '1.13918'}",2020-02-09 17:30:00,"{'w': '0.4193', 'd': '0.2878', 'l': '0.2929'}",2019
12251,True,"{'id': '153', 'title': 'Real Betis', 'short_title': 'BET'}","{'id': '148', 'title': 'Barcelona', 'short_title': 'BAR'}","{'h': '2', 'a': '3'}","{'h': '1.05905', 'a': '1.85454'}",2020-02-09 20:00:00,"{'w': '0.146', 'd': '0.2659', 'l': '0.5881'}",2019
12261,True,"{'id': '146', 'title': 'Valencia', 'short_title': 'VAL'}","{'id': '143', 'title': 'Atletico Madrid', 'short_title': 'ATL'}","{'h': '2', 'a': '2'}","{'h': '1.56219', 'a': '1.07192'}",2020-02-14 20:00:00,"{'w': '0.501', 'd': '0.2889', 'l': '0.2101'}",2019
12258,True,"{'id': '239', 'title': 'Mallorca', 'short_title': 'MAL'}","{'id': '158', 'title': 'Alaves', 'short_title': 'ALA'}","{'h': '1', 'a': '0'}","{'h': '2.04009', 'a': '0.784895'}",2020-02-15 12:00:00,"{'w': '0.7523', 'd': '0.1812', 'l': '0.0665'}",2019
12254,True,"{'id': '148', 'title': 'Barcelona', 'short_title': 'BAR'}","{'id': '142', 'title': 'Getafe', 'short_title': 'GET'}","{'h': '2', 'a': '1'}","{'h': '1.87978', 'a': '1.18616'}",2020-02-15 15:00:00,"{'w': '0.5398', 'd': '0.2621', 'l': '0.1981'}",2019
12262,True,"{'id': '154', 'title': 'Villarreal', 'short_title': 'VIL'}","{'id': '151', 'title': 'Levante', 'short_title': 'LEV'}","{'h': '2', 'a': '1'}","{'h': '0.835883', 'a': '1.24428'}",2020-02-15 17:30:00,"{'w': '0.2189', 'd': '0.2959', 'l': '0.4852'}",2019
12256,True,"{'id': '155', 'title': 'Granada', 'short_title': 'GRA'}","{'id': '231', 'title': 'Real Valladolid', 'short_title': 'VAL'}","{'h': '2', 'a': '1'}","{'h': '2.13521', 'a': '0.638079'}",2020-02-15 20:00:00,"{'w': '0.7734', 'd': '0.1635', 'l': '0.0631'}",2019
12260,True,"{'id': '138', 'title': 'Sevilla', 'short_title': 'SEV'}","{'id': '141', 'title': 'Espanyol', 'short_title': 'ESP'}","{'h': '2', 'a': '2'}","{'h': '1.65914', 'a': '0.622409'}",2020-02-16 11:00:00,"{'w': '0.6507', 'd': '0.241', 'l': '0.1083'}",2019
12257,True,"{'id': '159', 'title': 'Leganes', 'short_title': 'LEG'}","{'id': '153', 'title': 'Real Betis', 'short_title': 'BET'}","{'h': '0', 'a': '0'}","{'h': '0.563219', 'a': '0.487887'}",2020-02-16 13:00:00,"{'w': '0.3008', 'd': '0.4455', 'l': '0.2537'}",2019
12253,True,"{'id': '147', 'title': 'Athletic Club', 'short_title': 'ATH'}","{'id': '157', 'title': 'Osasuna', 'short_title': 'OSA'}","{'h': '0', 'a': '1'}","{'h': '0.763109', 'a': '0.836206'}",2020-02-16 17:30:00,"{'w': '0.267', 'd': '0.3788', 'l': '0.3542'}",2019
12259,True,"{'id': '150', 'title': 'Real Madrid', 'short_title': 'RMA'}","{'id': '152', 'title': 'Celta Vigo', 'short_title': 'CEL'}","{'h': '2', 'a': '2'}","{'h': '1.90404', 'a': '1.17019'}",2020-02-16 20:00:00,"{'w': '0.5766', 'd': '0.2559', 'l': '0.1675'}",2019
12266,True,"{'id': '153', 'title': 'Real Betis', 'short_title': 'BET'}","{'id': '239', 'title': 'Mallorca', 'short_title': 'MAL'}","{'h': '3', 'a': '3'}","{'h': '3.09931', 'a': '0.913546'}",2020-02-21 20:00:00,"{'w': '0.8781', 'd': '0.088', 'l': '0.0339'}",2019
12267,True,"{'id': '152', 'title': 'Celta Vigo', 'short_title': 'CEL'}","{'id': '159', 'title': 'Leganes', 'short_title': 'LEG'}","{'h': '1', 'a': '0'}","{'h': '0.128175', 'a': '0.371163'}",2020-02-22 12:00:00,"{'w': '0.0839', 'd': '0.6336', 'l': '0.2825'}",2019
12265,True,"{'id': '148', 'title': 'Barcelona', 'short_title': 'BAR'}","{'id': '156', 'title': 'Eibar', 'short_title': 'EIB'}","{'h': '5', 'a': '0'}","{'h': '4.66065', 'a': '0.477994'}",2020-02-22 15:00:00,"{'w': '0.9882', 'd': '0.0093', 'l': '0.0025'}",2019
12271,True,"{'id': '140', 'title': 'Real Sociedad', 'short_title': 'SOC'}","{'id': '146', 'title': 'Valencia', 'short_title': 'VAL'}","{'h': '3', 'a': '0'}","{'h': '2.3988', 'a': '0.25727'}",2020-02-22 17:30:00,"{'w': '0.9008', 'd': '0.0812', 'l': '0.018'}",2019
12269,True,"{'id': '151', 'title': 'Levante', 'short_title': 'LEV'}","{'id': '150', 'title': 'Real Madrid', 'short_title': 'RMA'}","{'h': '1', 'a': '0'}","{'h': '0.70752', 'a': '1.90806'}",2020-02-22 20:00:00,"{'w': '0.0957', 'd': '0.2081', 'l': '0.6962'}",2019
12270,True,"{'id': '157', 'title': 'Osasuna', 'short_title': 'OSA'}","{'id': '155', 'title': 'Granada', 'short_title': 'GRA'}","{'h': '0', 'a': '3'}","{'h': '0.783825', 'a': '1.68194'}",2020-02-23 11:00:00,"{'w': '0.1313', 'd': '0.2449', 'l': '0.6238'}",2019
12263,True,"{'id': '158', 'title': 'Alaves', 'short_title': 'ALA'}","{'id': '147', 'title': 'Athletic Club', 'short_title': 'ATH'}","{'h': '2', 'a': '1'}","{'h': '1.84055', 'a': '0.593519'}",2020-02-23 13:00:00,"{'w': '0.7527', 'd': '0.1796', 'l': '0.0677'}",2019
12272,True,"{'id': '231', 'title': 'Real Valladolid', 'short_title': 'VAL'}","{'id': '141', 'title': 'Espanyol', 'short_title': 'ESP'}","{'h': '2', 'a': '1'}","{'h': '1.14839', 'a': '1.26303'}",2020-02-23 15:00:00,"{'w': '0.2856', 'd': '0.3293', 'l': '0.3851'}",2019
12268,True,"{'id': '142', 'title': 'Getafe', 'short_title': 'GET'}","{'id': '138', 'title': 'Sevilla', 'short_title': 'SEV'}","{'h': '0', 'a': '3'}","{'h': '0.460518', 'a': '2.82001'}",2020-02-23 17:30:00,"{'w': '0.0087', 'd': '0.0424', 'l': '0.9489'}",2019
12264,True,"{'id': '143', 'title': 'Atletico Madrid', 'short_title': 'ATL'}","{'id': '154', 'title': 'Villarreal', 'short_title': 'VIL'}","{'h': '3', 'a': '1'}","{'h': '2.17916', 'a': '0.440221'}",2020-02-23 20:00:00,"{'w': '0.8346', 'd': '0.1262', 'l': '0.0392'}",2019
12280,True,"{'id': '140', 'title': 'Real Sociedad', 'short_title': 'SOC'}","{'id': '231', 'title': 'Real Valladolid', 'short_title': 'VAL'}","{'h': '1', 'a': '0'}","{'h': '2.56307', 'a': '0.86626'}",2020-02-28 20:00:00,"{'w': '0.804', 'd': '0.1416', 'l': '0.0544'}",2019
12274,True,"{'id': '156', 'title': 'Eibar', 'short_title': 'EIB'}","{'id': '151', 'title': 'Levante', 'short_title': 'LEV'}","{'h': '3', 'a': '0'}","{'h': '3.07099', 'a': '0.60028'}",2020-02-29 12:00:00,"{'w': '0.9109', 'd': '0.0668', 'l': '0.0223'}",2019
12282,True,"{'id': '146', 'title': 'Valencia', 'short_title': 'VAL'}","{'id': '153', 'title': 'Real Betis', 'short_title': 'BET'}","{'h': '2', 'a': '1'}","{'h': '1.05167', 'a': '0.793569'}",2020-02-29 15:00:00,"{'w': '0.4192', 'd': '0.3285', 'l': '0.2523'}",2019
12277,True,"{'id': '159', 'title': 'Leganes', 'short_title': 'LEG'}","{'id': '158', 'title': 'Alaves', 'short_title': 'ALA'}","{'h': '1', 'a': '1'}","{'h': '0.982157', 'a': '0.977076'}",2020-02-29 17:30:00,"{'w': '0.3309', 'd': '0.3271', 'l': '0.342'}",2019
12276,True,"{'id': '155', 'title': 'Granada', 'short_title': 'GRA'}","{'id': '152', 'title': 'Celta Vigo', 'short_title': 'CEL'}","{'h': '0', 'a': '0'}","{'h': '0.918043', 'a': '0.27654'}",2020-02-29 20:00:00,"{'w': '0.5287', 'd': '0.3694', 'l': '0.1019'}",2019
12281,True,"{'id': '138', 'title': 'Sevilla', 'short_title': 'SEV'}","{'id': '157', 'title': 'Osasuna', 'short_title': 'OSA'}","{'h': '3', 'a': '2'}","{'h': '1.64954', 'a': '1.80118'}",2020-03-01 11:00:00,"{'w': '0.3204', 'd': '0.263', 'l': '0.4166'}",2019
12273,True,"{'id': '147', 'title': 'Athletic Club', 'short_title': 'ATH'}","{'id': '154', 'title': 'Villarreal', 'short_title': 'VIL'}","{'h': '1', 'a': '0'}","{'h': '2.72308', 'a': '0.879429'}",2020-03-01 13:00:00,"{'w': '0.8346', 'd': '0.1181', 'l': '0.0473'}",2019
12275,True,"{'id': '141', 'title': 'Espanyol', 'short_title': 'ESP'}","{'id': '143', 'title': 'Atletico Madrid', 'short_title': 'ATL'}","{'h': '1', 'a': '1'}","{'h': '1.29128', 'a': '0.761475'}",2020-03-01 15:00:00,"{'w': '0.4968', 'd': '0.3403', 'l': '0.1629'}",2019
12278,True,"{'id': '239', 'title': 'Mallorca', 'short_title': 'MAL'}","{'id': '142', 'title': 'Getafe', 'short_title': 'GET'}","{'h': '0', 'a': '1'}","{'h': '0.0726554', 'a': '0.913015'}",2020-03-01 17:30:00,"{'w': '0.0254', 'd': '0.3611', 'l': '0.6135'}",2019
12279,True,"{'id': '150', 'title': 'Real Madrid', 'short_title': 'RMA'}","{'id': '148', 'title': 'Barcelona', 'short_title': 'BAR'}","{'h': '2', 'a': '0'}","{'h': '1.0617', 'a': '1.52303'}",2020-03-01 20:00:00,"{'w': '0.2484', 'd': '0.2729', 'l': '0.4787'}",2019
12283,True,"{'id': '158', 'title': 'Alaves', 'short_title': 'ALA'}","{'id': '146', 'title': 'Valencia', 'short_title': 'VAL'}","{'h': '1', 'a': '1'}","{'h': '0.938792', 'a': '0.931772'}",2020-03-06 20:00:00,"{'w': '0.3253', 'd': '0.3368', 'l': '0.3379'}",2019
12287,True,"{'id': '156', 'title': 'Eibar', 'short_title': 'EIB'}","{'id': '239', 'title': 'Mallorca', 'short_title': 'MAL'}","{'h': '1', 'a': '2'}","{'h': '0.9664', 'a': '0.90604'}",2020-03-07 12:00:00,"{'w': '0.3414', 'd': '0.3364', 'l': '0.3222'}",2019
12284,True,"{'id': '143', 'title': 'Atletico Madrid', 'short_title': 'ATL'}","{'id': '138', 'title': 'Sevilla', 'short_title': 'SEV'}","{'h': '2', 'a': '2'}","{'h': '2.04826', 'a': '1.61538'}",2020-03-07 15:00:00,"{'w': '0.4682', 'd': '0.2705', 'l': '0.2613'}",2019
12285,True,"{'id': '148', 'title': 'Barcelona', 'short_title': 'BAR'}","{'id': '140', 'title': 'Real Sociedad', 'short_title': 'SOC'}","{'h': '1', 'a': '0'}","{'h': '2.2099', 'a': '0.550322'}",2020-03-07 17:30:00,"{'w': '0.8078', 'd': '0.1397', 'l': '0.0525'}",2019
12290,True,"{'id': '142', 'title': 'Getafe', 'short_title': 'GET'}","{'id': '152', 'title': 'Celta Vigo', 'short_title': 'CEL'}","{'h': '0', 'a': '0'}","{'h': '1.15002', 'a': '0.156144'}",2020-03-07 20:00:00,"{'w': '0.6647', 'd': '0.2931', 'l': '0.0422'}",2019
12292,True,"{'id': '157', 'title': 'Osasuna', 'short_title': 'OSA'}","{'id': '141', 'title': 'Espanyol', 'short_title': 'ESP'}","{'h': '1', 'a': '0'}","{'h': '2.2865', 'a': '0.174034'}",2020-03-08 11:00:00,"{'w': '0.9166', 'd': '0.0741', 'l': '0.0093'}",2019
12289,True,"{'id': '231', 'title': 'Real Valladolid', 'short_title': 'VAL'}","{'id': '147', 'title': 'Athletic Club', 'short_title': 'ATH'}","{'h': '1', 'a': '4'}","{'h': '2.03703', 'a': '1.59457'}",2020-03-08 13:00:00,"{'w': '0.4792', 'd': '0.253', 'l': '0.2678'}",2019
12291,True,"{'id': '151', 'title': 'Levante', 'short_title': 'LEV'}","{'id': '155', 'title': 'Granada', 'short_title': 'GRA'}","{'h': '1', 'a': '1'}","{'h': '1.06858', 'a': '1.22846'}",2020-03-08 15:00:00,"{'w': '0.2884', 'd': '0.3212', 'l': '0.3904'}",2019
12288,True,"{'id': '154', 'title': 'Villarreal', 'short_title': 'VIL'}","{'id': '159', 'title': 'Leganes', 'short_title': 'LEG'}","{'h': '1', 'a': '2'}","{'h': '2.38355', 'a': '1.7502'}",2020-03-08 17:30:00,"{'w': '0.518', 'd': '0.2759', 'l': '0.2061'}",2019
12286,True,"{'id': '153', 'title': 'Real Betis', 'short_title': 'BET'}","{'id': '150', 'title': 'Real Madrid', 'short_title': 'RMA'}","{'h': '2', 'a': '1'}","{'h': '1.33577', 'a': '1.39172'}",2020-03-08 20:00:00,"{'w': '0.3241', 'd': '0.3205', 'l': '0.3554'}",2019
12255,True,"{'id': '156', 'title': 'Eibar', 'short_title': 'EIB'}","{'id': '140', 'title': 'Real Sociedad', 'short_title': 'SOC'}","{'h': '1', 'a': '2'}","{'h': '1.84648', 'a': '1.30335'}",2020-03-10 19:00:00,"{'w': '0.5315', 'd': '0.3001', 'l': '0.1684'}",2019
12301,True,"{'id': '138', 'title': 'Sevilla', 'short_title': 'SEV'}","{'id': '153', 'title': 'Real Betis', 'short_title': 'BET'}","{'h': '2', 'a': '0'}","{'h': '2.11983', 'a': '0.481345'}",2020-06-11 20:00:00,"{'w': '0.8311', 'd': '0.132', 'l': '0.0369'}",2019
12299,True,"{'id': '155', 'title': 'Granada', 'short_title': 'GRA'}","{'id': '142', 'title': 'Getafe', 'short_title': 'GET'}","{'h': '2', 'a': '1'}","{'h': '2.17942', 'a': '0.786113'}",2020-06-12 17:30:00,"{'w': '0.7968', 'd': '0.1552', 'l': '0.048'}",2019
12300,True,"{'id': '146', 'title': 'Valencia', 'short_title': 'VAL'}","{'id': '151', 'title': 'Levante', 'short_title': 'LEV'}","{'h': '1', 'a': '1'}","{'h': '1.00063', 'a': '1.45366'}",2020-06-12 20:00:00,"{'w': '0.2044', 'd': '0.3129', 'l': '0.4827'}",2019
12294,True,"{'id': '141', 'title': 'Espanyol', 'short_title': 'ESP'}","{'id': '158', 'title': 'Alaves', 'short_title': 'ALA'}","{'h': '2', 'a': '0'}","{'h': '2.01521', 'a': '0.0516535'}",2020-06-13 12:00:00,"{'w': '0.9065', 'd': '0.0895', 'l': '0.004'}",2019
12295,True,"{'id': '152', 'title': 'Celta Vigo', 'short_title': 'CEL'}","{'id': '154', 'title': 'Villarreal', 'short_title': 'VIL'}","{'h': '0', 'a': '1'}","{'h': '0.129638', 'a': '1.61991'}",2020-06-13 15:00:00,"{'w': '0.0197', 'd': '0.155', 'l': '0.8253'}",2019
12298,True,"{'id': '159', 'title': 'Leganes', 'short_title': 'LEG'}","{'id': '231', 'title': 'Real Valladolid', 'short_title': 'VAL'}","{'h': '1', 'a': '2'}","{'h': '1.13073', 'a': '1.23093'}",2020-06-13 17:30:00,"{'w': '0.2898', 'd': '0.3514', 'l': '0.3588'}",2019
12297,True,"{'id': '239', 'title': 'Mallorca', 'short_title': 'MAL'}","{'id': '148', 'title': 'Barcelona', 'short_title': 'BAR'}","{'h': '0', 'a': '4'}","{'h': '0.648782', 'a': '2.69892'}",2020-06-13 20:00:00,"{'w': '0.0414', 'd': '0.1054', 'l': '0.8532'}",2019
12293,True,"{'id': '147', 'title': 'Athletic Club', 'short_title': 'ATH'}","{'id': '143', 'title': 'Atletico Madrid', 'short_title': 'ATL'}","{'h': '1', 'a': '1'}","{'h': '0.362873', 'a': '1.18398'}",2020-06-14 12:00:00,"{'w': '0.0924', 'd': '0.2898', 'l': '0.6178'}",2019
12296,True,"{'id': '150', 'title': 'Real Madrid', 'short_title': 'RMA'}","{'id': '156', 'title': 'Eibar', 'short_title': 'EIB'}","{'h': '3', 'a': '1'}","{'h': '1.27218', 'a': '0.434682'}",2020-06-14 17:30:00,"{'w': '0.6795', 'd': '0.2533', 'l': '0.0672'}",2019
12302,True,"{'id': '140', 'title': 'Real Sociedad', 'short_title': 'SOC'}","{'id': '157', 'title': 'Osasuna', 'short_title': 'OSA'}","{'h': '1', 'a': '1'}","{'h': '0.89714', 'a': '1.1455'}",2020-06-14 20:00:00,"{'w': '0.2305', 'd': '0.365', 'l': '0.4045'}",2019
12312,True,"{'id': '151', 'title': 'Levante', 'short_title': 'LEV'}","{'id': '138', 'title': 'Sevilla', 'short_title': 'SEV'}","{'h': '1', 'a': '1'}","{'h': '0.807331', 'a': '1.06949'}",2020-06-15 17:30:00,"{'w': '0.2434', 'd': '0.3389', 'l': '0.4177'}",2019
12306,True,"{'id': '153', 'title': 'Real Betis', 'short_title': 'BET'}","{'id': '155', 'title': 'Granada', 'short_title': 'GRA'}","{'h': '2', 'a': '2'}","{'h': '1.49004', 'a': '1.03374'}",2020-06-15 20:00:00,"{'w': '0.4572', 'd': '0.338', 'l': '0.2048'}",2019
12304,True,"{'id': '142', 'title': 'Getafe', 'short_title': 'GET'}","{'id': '141', 'title': 'Espanyol', 'short_title': 'ESP'}","{'h': '0', 'a': '0'}","{'h': '2.00352', 'a': '0.786529'}",2020-06-16 17:30:00,"{'w': '0.6871', 'd': '0.2075', 'l': '0.1054'}",2019
12309,True,"{'id': '154', 'title': 'Villarreal', 'short_title': 'VIL'}","{'id': '239', 'title': 'Mallorca', 'short_title': 'MAL'}","{'h': '1', 'a': '0'}","{'h': '1.62532', 'a': '1.65754'}",2020-06-16 17:30:00,"{'w': '0.3405', 'd': '0.3207', 'l': '0.3388'}",2019
12307,True,"{'id': '148', 'title': 'Barcelona', 'short_title': 'BAR'}","{'id': '159', 'title': 'Leganes', 'short_title': 'LEG'}","{'h': '2', 'a': '0'}","{'h': '1.53086', 'a': '0.85627'}",2020-06-16 20:00:00,"{'w': '0.5653', 'd': '0.2801', 'l': '0.1546'}",2019
12305,True,"{'id': '156', 'title': 'Eibar', 'short_title': 'EIB'}","{'id': '147', 'title': 'Athletic Club', 'short_title': 'ATH'}","{'h': '2', 'a': '2'}","{'h': '1.83348', 'a': '1.72308'}",2020-06-17 17:30:00,"{'w': '0.3789', 'd': '0.3045', 'l': '0.3166'}",2019
12310,True,"{'id': '231', 'title': 'Real Valladolid', 'short_title': 'VAL'}","{'id': '152', 'title': 'Celta Vigo', 'short_title': 'CEL'}","{'h': '0', 'a': '0'}","{'h': '0.436127', 'a': '1.0575'}",2020-06-17 17:30:00,"{'w': '0.1074', 'd': '0.3049', 'l': '0.5877'}",2019
12311,True,"{'id': '157', 'title': 'Osasuna', 'short_title': 'OSA'}","{'id': '143', 'title': 'Atletico Madrid', 'short_title': 'ATL'}","{'h': '0', 'a': '5'}","{'h': '0.860898', 'a': '2.40229'}",2020-06-17 20:00:00,"{'w': '0.0627', 'd': '0.1425', 'l': '0.7948'}",2019
12303,True,"{'id': '158', 'title': 'Alaves', 'short_title': 'ALA'}","{'id': '140', 'title': 'Real Sociedad', 'short_title': 'SOC'}","{'h': '2', 'a': '0'}","{'h': '1.52088', 'a': '0.318266'}",2020-06-18 17:30:00,"{'w': '0.7454', 'd': '0.2006', 'l': '0.054'}",2019
12308,True,"{'id': '150', 'title': 'Real Madrid', 'short_title': 'RMA'}","{'id': '146', 'title': 'Valencia', 'short_title': 'VAL'}","{'h': '3', 'a': '0'}","{'h': '2.02374', 'a': '0.156776'}",2020-06-18 20:00:00,"{'w': '0.8674', 'd': '0.117', 'l': '0.0156'}",2019
12318,True,"{'id': '155', 'title': 'Granada', 'short_title': 'GRA'}","{'id': '154', 'title': 'Villarreal', 'short_title': 'VIL'}","{'h': '0', 'a': '1'}","{'h': '0.883633', 'a': '0.803321'}",2020-06-19 17:30:00,"{'w': '0.3302', 'd': '0.3688', 'l': '0.301'}",2019
12319,True,"{'id': '239', 'title': 'Mallorca', 'short_title': 'MAL'}","{'id': '159', 'title': 'Leganes', 'short_title': 'LEG'}","{'h': '1', 'a': '1'}","{'h': '0.478364', 'a': '1.08784'}",2020-06-19 17:30:00,"{'w': '0.1473', 'd': '0.3247', 'l': '0.528'}",2019
12321,True,"{'id': '138', 'title': 'Sevilla', 'short_title': 'SEV'}","{'id': '148', 'title': 'Barcelona', 'short_title': 'BAR'}","{'h': '0', 'a': '0'}","{'h': '0.824926', 'a': '0.741303'}",2020-06-19 20:00:00,"{'w': '0.3534', 'd': '0.374', 'l': '0.2726'}",2019
12316,True,"{'id': '141', 'title': 'Espanyol', 'short_title': 'ESP'}","{'id': '151', 'title': 'Levante', 'short_title': 'LEV'}","{'h': '1', 'a': '3'}","{'h': '0.491778', 'a': '2.56766'}",2020-06-20 12:00:00,"{'w': '0.0288', 'd': '0.0969', 'l': '0.8743'}",2019
12313,True,"{'id': '147', 'title': 'Athletic Club', 'short_title': 'ATH'}","{'id': '153', 'title': 'Real Betis', 'short_title': 'BET'}","{'h': '1', 'a': '0'}","{'h': '2.24762', 'a': '2.13638'}",2020-06-20 15:00:00,"{'w': '0.3935', 'd': '0.2565', 'l': '0.35'}",2019
12317,True,"{'id': '142', 'title': 'Getafe', 'short_title': 'GET'}","{'id': '156', 'title': 'Eibar', 'short_title': 'EIB'}","{'h': '1', 'a': '1'}","{'h': '0.820376', 'a': '0.816384'}",2020-06-20 17:30:00,"{'w': '0.3142', 'd': '0.3666', 'l': '0.3192'}",2019
12314,True,"{'id': '143', 'title': 'Atletico Madrid', 'short_title': 'ATL'}","{'id': '231', 'title': 'Real Valladolid', 'short_title': 'VAL'}","{'h': '1', 'a': '0'}","{'h': '0.768121', 'a': '0.281386'}",2020-06-20 20:00:00,"{'w': '0.4512', 'd': '0.425', 'l': '0.1238'}",2019
12315,True,"{'id': '152', 'title': 'Celta Vigo', 'short_title': 'CEL'}","{'id': '158', 'title': 'Alaves', 'short_title': 'ALA'}","{'h': '6', 'a': '0'}","{'h': '2.82117', 'a': '0.168445'}",2020-06-21 12:00:00,"{'w': '0.9655', 'd': '0.0307', 'l': '0.0038'}",2019
12322,True,"{'id': '146', 'title': 'Valencia', 'short_title': 'VAL'}","{'id': '157', 'title': 'Osasuna', 'short_title': 'OSA'}","{'h': '2', 'a': '0'}","{'h': '1.8991', 'a': '1.60978'}",2020-06-21 17:30:00,"{'w': '0.4437', 'd': '0.2732', 'l': '0.2831'}",2019
12320,True,"{'id': '140', 'title': 'Real Sociedad', 'short_title': 'SOC'}","{'id': '150', 'title': 'Real Madrid', 'short_title': 'RMA'}","{'h': '1', 'a': '2'}","{'h': '0.482127', 'a': '1.30503'}",2020-06-21 20:00:00,"{'w': '0.0978', 'd': '0.2646', 'l': '0.6376'}",2019
12327,True,"{'id': '159', 'title': 'Leganes', 'short_title': 'LEG'}","{'id': '155', 'title': 'Granada', 'short_title': 'GRA'}","{'h': '0', 'a': '0'}","{'h': '1.11797', 'a': '0.147341'}",2020-06-22 20:00:00,"{'w': '0.7444', 'd': '0.2283', 'l': '0.0273'}",2019
12331,True,"{'id': '154', 'title': 'Villarreal', 'short_title': 'VIL'}","{'id': '138', 'title': 'Sevilla', 'short_title': 'SEV'}","{'h': '2', 'a': '2'}","{'h': '1.08857', 'a': '1.2636'}",2020-06-22 20:00:00,"{'w': '0.2948', 'd': '0.3205', 'l': '0.3847'}",2019
12328,True,"{'id': '151', 'title': 'Levante', 'short_title': 'LEV'}","{'id': '143', 'title': 'Atletico Madrid', 'short_title': 'ATL'}","{'h': '0', 'a': '1'}","{'h': '0.748438', 'a': '1.0251'}",2020-06-23 17:30:00,"{'w': '0.2473', 'd': '0.3376', 'l': '0.4151'}",2019
12332,True,"{'id': '231', 'title': 'Real Valladolid', 'short_title': 'VAL'}","{'id': '142', 'title': 'Getafe', 'short_title': 'GET'}","{'h': '1', 'a': '1'}","{'h': '1.08861', 'a': '0.675045'}",2020-06-23 17:30:00,"{'w': '0.5009', 'd': '0.3224', 'l': '0.1767'}",2019
12324,True,"{'id': '148', 'title': 'Barcelona', 'short_title': 'BAR'}","{'id': '147', 'title': 'Athletic Club', 'short_title': 'ATH'}","{'h': '1', 'a': '0'}","{'h': '1.8377', 'a': '0.649841'}",2020-06-23 20:00:00,"{'w': '0.704', 'd': '0.2183', 'l': '0.0777'}",2019
12323,True,"{'id': '158', 'title': 'Alaves', 'short_title': 'ALA'}","{'id': '157', 'title': 'Osasuna', 'short_title': 'OSA'}","{'h': '0', 'a': '1'}","{'h': '0.389684', 'a': '1.1029'}",2020-06-24 17:30:00,"{'w': '0.1039', 'd': '0.3007', 'l': '0.5954'}",2019
12330,True,"{'id': '140', 'title': 'Real Sociedad', 'short_title': 'SOC'}","{'id': '152', 'title': 'Celta Vigo', 'short_title': 'CEL'}","{'h': '0', 'a': '1'}","{'h': '0.628775', 'a': '0.848154'}",2020-06-24 17:30:00,"{'w': '0.2026', 'd': '0.3677', 'l': '0.4297'}",2019
12329,True,"{'id': '150', 'title': 'Real Madrid', 'short_title': 'RMA'}","{'id': '239', 'title': 'Mallorca', 'short_title': 'MAL'}","{'h': '2', 'a': '0'}","{'h': '1.3538', 'a': '0.573505'}",2020-06-24 20:00:00,"{'w': '0.5862', 'd': '0.2749', 'l': '0.1389'}",2019
12326,True,"{'id': '156', 'title': 'Eibar', 'short_title': 'EIB'}","{'id': '146', 'title': 'Valencia', 'short_title': 'VAL'}","{'h': '1', 'a': '0'}","{'h': '0.555369', 'a': '0.389713'}",2020-06-25 17:30:00,"{'w': '0.3238', 'd': '0.4659', 'l': '0.2103'}",2019
12325,True,"{'id': '153', 'title': 'Real Betis', 'short_title': 'BET'}","{'id': '141', 'title': 'Espanyol', 'short_title': 'ESP'}","{'h': '1', 'a': '0'}","{'h': '1.07378', 'a': '1.12604'}",2020-06-25 20:00:00,"{'w': '0.2929', 'd': '0.3533', 'l': '0.3538'}",2019
12341,True,"{'id': '138', 'title': 'Sevilla', 'short_title': 'SEV'}","{'id': '231', 'title': 'Real Valladolid', 'short_title': 'VAL'}","{'h': '1', 'a': '1'}","{'h': '1.59745', 'a': '0.583726'}",2020-06-26 20:00:00,"{'w': '0.6726', 'd': '0.2364', 'l': '0.091'}",2019
12335,True,"{'id': '152', 'title': 'Celta Vigo', 'short_title': 'CEL'}","{'id': '148', 'title': 'Barcelona', 'short_title': 'BAR'}","{'h': '2', 'a': '2'}","{'h': '1.93802', 'a': '2.13485'}",2020-06-27 15:00:00,"{'w': '0.331', 'd': '0.2486', 'l': '0.4204'}",2019
12333,True,"{'id': '147', 'title': 'Athletic Club', 'short_title': 'ATH'}","{'id': '239', 'title': 'Mallorca', 'short_title': 'MAL'}","{'h': '3', 'a': '1'}","{'h': '2.76806', 'a': '1.16492'}",2020-06-27 16:30:00,"{'w': '0.7999', 'd': '0.1427', 'l': '0.0574'}",2019
12340,True,"{'id': '157', 'title': 'Osasuna', 'short_title': 'OSA'}","{'id': '159', 'title': 'Leganes', 'short_title': 'LEG'}","{'h': '2', 'a': '1'}","{'h': '0.896141', 'a': '1.48812'}",2020-06-27 17:30:00,"{'w': '0.2115', 'd': '0.2794', 'l': '0.5091'}",2019
12334,True,"{'id': '143', 'title': 'Atletico Madrid', 'short_title': 'ATL'}","{'id': '158', 'title': 'Alaves', 'short_title': 'ALA'}","{'h': '2', 'a': '1'}","{'h': '1.86903', 'a': '1.12577'}",2020-06-27 20:00:00,"{'w': '0.576', 'd': '0.2779', 'l': '0.1461'}",2019
12339,True,"{'id': '151', 'title': 'Levante', 'short_title': 'LEV'}","{'id': '153', 'title': 'Real Betis', 'short_title': 'BET'}","{'h': '4', 'a': '2'}","{'h': '1.6905', 'a': '1.51929'}",2020-06-28 16:30:00,"{'w': '0.417', 'd': '0.2898', 'l': '0.2932'}",2019
12342,True,"{'id': '154', 'title': 'Villarreal', 'short_title': 'VIL'}","{'id': '146', 'title': 'Valencia', 'short_title': 'VAL'}","{'h': '2', 'a': '0'}","{'h': '2.41493', 'a': '0.182323'}",2020-06-28 16:30:00,"{'w': '0.9199', 'd': '0.0716', 'l': '0.0085'}",2019
12338,True,"{'id': '155', 'title': 'Granada', 'short_title': 'GRA'}","{'id': '156', 'title': 'Eibar', 'short_title': 'EIB'}","{'h': '1', 'a': '2'}","{'h': '1.49293', 'a': '1.68478'}",2020-06-28 18:30:00,"{'w': '0.3207', 'd': '0.2601', 'l': '0.4192'}",2019
12336,True,"{'id': '141', 'title': 'Espanyol', 'short_title': 'ESP'}","{'id': '150', 'title': 'Real Madrid', 'short_title': 'RMA'}","{'h': '0', 'a': '1'}","{'h': '1.00521', 'a': '2.41536'}",2020-06-28 20:00:00,"{'w': '0.0722', 'd': '0.1635', 'l': '0.7643'}",2019
12337,True,"{'id': '142', 'title': 'Getafe', 'short_title': 'GET'}","{'id': '140', 'title': 'Real Sociedad', 'short_title': 'SOC'}","{'h': '2', 'a': '1'}","{'h': '1.3901', 'a': '0.731053'}",2020-06-29 20:00:00,"{'w': '0.5618', 'd': '0.2984', 'l': '0.1398'}",2019
12347,True,"{'id': '159', 'title': 'Leganes', 'short_title': 'LEG'}","{'id': '138', 'title': 'Sevilla', 'short_title': 'SEV'}","{'h': '0', 'a': '3'}","{'h': '0.756658', 'a': '0.710464'}",2020-06-30 19:00:00,"{'w': '0.3371', 'd': '0.373', 'l': '0.2899'}",2019
12344,True,"{'id': '148', 'title': 'Barcelona', 'short_title': 'BAR'}","{'id': '143', 'title': 'Atletico Madrid', 'short_title': 'ATL'}","{'h': '2', 'a': '2'}","{'h': '1.80729', 'a': '1.78128'}",2020-06-30 20:00:00,"{'w': '0.3391', 'd': '0.3154', 'l': '0.3455'}",2019
12348,True,"{'id': '239', 'title': 'Mallorca', 'short_title': 'MAL'}","{'id': '152', 'title': 'Celta Vigo', 'short_title': 'CEL'}","{'h': '5', 'a': '1'}","{'h': '1.6815', 'a': '1.55871'}",2020-06-30 23:00:00,"{'w': '0.3688', 'd': '0.3087', 'l': '0.3225'}",2019
12343,True,"{'id': '158', 'title': 'Alaves', 'short_title': 'ALA'}","{'id': '155', 'title': 'Granada', 'short_title': 'GRA'}","{'h': '0', 'a': '2'}","{'h': '1.01978', 'a': '1.23821'}",2020-07-01 17:30:00,"{'w': '0.2682', 'd': '0.3275', 'l': '0.4043'}",2019
12351,True,"{'id': '146', 'title': 'Valencia', 'short_title': 'VAL'}","{'id': '147', 'title': 'Athletic Club', 'short_title': 'ATH'}","{'h': '0', 'a': '2'}","{'h': '1.27025', 'a': '0.91393'}",2020-07-01 17:30:00,"{'w': '0.4483', 'd': '0.3208', 'l': '0.2309'}",2019
12345,True,"{'id': '153', 'title': 'Real Betis', 'short_title': 'BET'}","{'id': '154', 'title': 'Villarreal', 'short_title': 'VIL'}","{'h': '0', 'a': '2'}","{'h': '0.400169', 'a': '2.91561'}",2020-07-01 20:00:00,"{'w': '0.0136', 'd': '0.0548', 'l': '0.9316'}",2019
12352,True,"{'id': '231', 'title': 'Real Valladolid', 'short_title': 'VAL'}","{'id': '151', 'title': 'Levante', 'short_title': 'LEV'}","{'h': '0', 'a': '0'}","{'h': '1.37071', 'a': '0.206917'}",2020-07-01 20:00:00,"{'w': '0.7792', 'd': '0.1892', 'l': '0.0316'}",2019
12346,True,"{'id': '156', 'title': 'Eibar', 'short_title': 'EIB'}","{'id': '157', 'title': 'Osasuna', 'short_title': 'OSA'}","{'h': '0', 'a': '2'}","{'h': '0.844993', 'a': '0.965632'}",2020-07-02 17:30:00,"{'w': '0.2997', 'd': '0.3279', 'l': '0.3724'}",2019
12350,True,"{'id': '140', 'title': 'Real Sociedad', 'short_title': 'SOC'}","{'id': '141', 'title': 'Espanyol', 'short_title': 'ESP'}","{'h': '2', 'a': '1'}","{'h': '1.38838', 'a': '0.11827'}",2020-07-02 17:30:00,"{'w': '0.7657', 'd': '0.2106', 'l': '0.0237'}",2019
12349,True,"{'id': '150', 'title': 'Real Madrid', 'short_title': 'RMA'}","{'id': '142', 'title': 'Getafe', 'short_title': 'GET'}","{'h': '1', 'a': '0'}","{'h': '1.75594', 'a': '0.35097'}",2020-07-02 20:00:00,"{'w': '0.8041', 'd': '0.1548', 'l': '0.0411'}",2019
12354,True,"{'id': '143', 'title': 'Atletico Madrid', 'short_title': 'ATL'}","{'id': '239', 'title': 'Mallorca', 'short_title': 'MAL'}","{'h': '3', 'a': '0'}","{'h': '2.65175', 'a': '0.595505'}",2020-07-03 20:00:00,"{'w': '0.8689', 'd': '0.0986', 'l': '0.0325'}",2019
12355,True,"{'id': '152', 'title': 'Celta Vigo', 'short_title': 'CEL'}","{'id': '153', 'title': 'Real Betis', 'short_title': 'BET'}","{'h': '1', 'a': '1'}","{'h': '0.238909', 'a': '0.636627'}",2020-07-04 15:00:00,"{'w': '0.1219', 'd': '0.4641', 'l': '0.414'}",2019
12362,True,"{'id': '231', 'title': 'Real Valladolid', 'short_title': 'VAL'}","{'id': '158', 'title': 'Alaves', 'short_title': 'ALA'}","{'h': '1', 'a': '0'}","{'h': '0.591015', 'a': '0.311545'}",2020-07-04 17:30:00,"{'w': '0.3791', 'd': '0.4661', 'l': '0.1548'}",2019
12357,True,"{'id': '155', 'title': 'Granada', 'short_title': 'GRA'}","{'id': '146', 'title': 'Valencia', 'short_title': 'VAL'}","{'h': '2', 'a': '2'}","{'h': '2.67712', 'a': '0.851494'}",2020-07-04 20:00:00,"{'w': '0.8236', 'd': '0.1313', 'l': '0.0451'}",2019
12353,True,"{'id': '147', 'title': 'Athletic Club', 'short_title': 'ATH'}","{'id': '150', 'title': 'Real Madrid', 'short_title': 'RMA'}","{'h': '0', 'a': '1'}","{'h': '0.240102', 'a': '2.90047'}",2020-07-05 12:00:00,"{'w': '0.0061', 'd': '0.0322', 'l': '0.9617'}",2019
12356,True,"{'id': '141', 'title': 'Espanyol', 'short_title': 'ESP'}","{'id': '159', 'title': 'Leganes', 'short_title': 'LEG'}","{'h': '0', 'a': '1'}","{'h': '0.705114', 'a': '0.423597'}",2020-07-05 15:00:00,"{'w': '0.4028', 'd': '0.4202', 'l': '0.177'}",2019
12359,True,"{'id': '157', 'title': 'Osasuna', 'short_title': 'OSA'}","{'id': '142', 'title': 'Getafe', 'short_title': 'GET'}","{'h': '0', 'a': '0'}","{'h': '0.667423', 'a': '0.293418'}",2020-07-05 17:30:00,"{'w': '0.4409', 'd': '0.4337', 'l': '0.1254'}",2019
12361,True,"{'id': '154', 'title': 'Villarreal', 'short_title': 'VIL'}","{'id': '148', 'title': 'Barcelona', 'short_title': 'BAR'}","{'h': '1', 'a': '4'}","{'h': '0.961984', 'a': '2.75294'}",2020-07-05 20:00:00,"{'w': '0.0641', 'd': '0.1394', 'l': '0.7965'}",2019
12358,True,"{'id': '151', 'title': 'Levante', 'short_title': 'LEV'}","{'id': '140', 'title': 'Real Sociedad', 'short_title': 'SOC'}","{'h': '1', 'a': '1'}","{'h': '1.19147', 'a': '1.06365'}",2020-07-06 17:30:00,"{'w': '0.3884', 'd': '0.3227', 'l': '0.2889'}",2019
12360,True,"{'id': '138', 'title': 'Sevilla', 'short_title': 'SEV'}","{'id': '156', 'title': 'Eibar', 'short_title': 'EIB'}","{'h': '1', 'a': '0'}","{'h': '1.29481', 'a': '1.16838'}",2020-07-06 20:00:00,"{'w': '0.3924', 'd': '0.2904', 'l': '0.3172'}",2019
12368,True,"{'id': '146', 'title': 'Valencia', 'short_title': 'VAL'}","{'id': '231', 'title': 'Real Valladolid', 'short_title': 'VAL'}","{'h': '2', 'a': '1'}","{'h': '1.14695', 'a': '0.407041'}",2020-07-07 17:30:00,"{'w': '0.6109', 'd': '0.2888', 'l': '0.1003'}",2019
12366,True,"{'id': '152', 'title': 'Celta Vigo', 'short_title': 'CEL'}","{'id': '143', 'title': 'Atletico Madrid', 'short_title': 'ATL'}","{'h': '1', 'a': '1'}","{'h': '0.281854', 'a': '1.0928'}",2020-07-07 20:00:00,"{'w': '0.0693', 'd': '0.2853', 'l': '0.6454'}",2019
12365,True,"{'id': '153', 'title': 'Real Betis', 'short_title': 'BET'}","{'id': '157', 'title': 'Osasuna', 'short_title': 'OSA'}","{'h': '3', 'a': '0'}","{'h': '2.12533', 'a': '0.407994'}",2020-07-08 18:30:00,"{'w': '0.8315', 'd': '0.1288', 'l': '0.0397'}",2019
12370,True,"{'id': '142', 'title': 'Getafe', 'short_title': 'GET'}","{'id': '154', 'title': 'Villarreal', 'short_title': 'VIL'}","{'h': '1', 'a': '3'}","{'h': '0.580238', 'a': '1.95451'}",2020-07-08 18:30:00,"{'w': '0.0452', 'd': '0.1612', 'l': '0.7936'}",2019
12364,True,"{'id': '148', 'title': 'Barcelona', 'short_title': 'BAR'}","{'id': '141', 'title': 'Espanyol', 'short_title': 'ESP'}","{'h': '1', 'a': '0'}","{'h': '0.897655', 'a': '0.830636'}",2020-07-08 20:00:00,"{'w': '0.3521', 'd': '0.3503', 'l': '0.2976'}",2019
12369,True,"{'id': '156', 'title': 'Eibar', 'short_title': 'EIB'}","{'id': '159', 'title': 'Leganes', 'short_title': 'LEG'}","{'h': '0', 'a': '0'}","{'h': '0.156567', 'a': '0.398122'}",2020-07-09 17:30:00,"{'w': '0.1011', 'd': '0.6077', 'l': '0.2912'}",2019
12371,True,"{'id': '239', 'title': 'Mallorca', 'short_title': 'MAL'}","{'id': '151', 'title': 'Levante', 'short_title': 'LEV'}","{'h': '2', 'a': '0'}","{'h': '1.48983', 'a': '1.008'}",2020-07-09 17:30:00,"{'w': '0.5', 'd': '0.2781', 'l': '0.2219'}",2019
12363,True,"{'id': '147', 'title': 'Athletic Club', 'short_title': 'ATH'}","{'id': '138', 'title': 'Sevilla', 'short_title': 'SEV'}","{'h': '1', 'a': '2'}","{'h': '1.6153', 'a': '1.80682'}",2020-07-09 20:00:00,"{'w': '0.3251', 'd': '0.2601', 'l': '0.4148'}",2019
12367,True,"{'id': '140', 'title': 'Real Sociedad', 'short_title': 'SOC'}","{'id': '155', 'title': 'Granada', 'short_title': 'GRA'}","{'h': '2', 'a': '3'}","{'h': '1.18927', 'a': '0.312385'}",2020-07-10 17:30:00,"{'w': '0.597', 'd': '0.3112', 'l': '0.0918'}",2019
12372,True,"{'id': '150', 'title': 'Real Madrid', 'short_title': 'RMA'}","{'id': '158', 'title': 'Alaves', 'short_title': 'ALA'}","{'h': '2', 'a': '0'}","{'h': '2.35582', 'a': '1.31041'}",2020-07-10 20:00:00,"{'w': '0.6459', 'd': '0.2135', 'l': '0.1406'}",2019
12375,True,"{'id': '157', 'title': 'Osasuna', 'short_title': 'OSA'}","{'id': '152', 'title': 'Celta Vigo', 'short_title': 'CEL'}","{'h': '2', 'a': '1'}","{'h': '1.2561', 'a': '0.985972'}",2020-07-11 15:00:00,"{'w': '0.419', 'd': '0.3067', 'l': '0.2743'}",2019
12380,True,"{'id': '231', 'title': 'Real Valladolid', 'short_title': 'VAL'}","{'id': '148', 'title': 'Barcelona', 'short_title': 'BAR'}","{'h': '0', 'a': '1'}","{'h': '0.849569', 'a': '1.02109'}",2020-07-11 17:30:00,"{'w': '0.2843', 'd': '0.3289', 'l': '0.3868'}",2019
12378,True,"{'id': '143', 'title': 'Atletico Madrid', 'short_title': 'ATL'}","{'id': '153', 'title': 'Real Betis', 'short_title': 'BET'}","{'h': '1', 'a': '0'}","{'h': '0.76357', 'a': '1.1694'}",2020-07-11 20:00:00,"{'w': '0.2287', 'd': '0.3163', 'l': '0.455'}",2019
12379,True,"{'id': '141', 'title': 'Espanyol', 'short_title': 'ESP'}","{'id': '156', 'title': 'Eibar', 'short_title': 'EIB'}","{'h': '0', 'a': '2'}","{'h': '0.884621', 'a': '2.0596'}",2020-07-12 12:00:00,"{'w': '0.0869', 'd': '0.1789', 'l': '0.7342'}",2019
12374,True,"{'id': '151', 'title': 'Levante', 'short_title': 'LEV'}","{'id': '147', 'title': 'Athletic Club', 'short_title': 'ATH'}","{'h': '1', 'a': '2'}","{'h': '1.10257', 'a': '0.979209'}",2020-07-12 15:00:00,"{'w': '0.3909', 'd': '0.3686', 'l': '0.2405'}",2019
12377,True,"{'id': '159', 'title': 'Leganes', 'short_title': 'LEG'}","{'id': '146', 'title': 'Valencia', 'short_title': 'VAL'}","{'h': '1', 'a': '0'}","{'h': '1.2593', 'a': '1.28008'}",2020-07-12 17:30:00,"{'w': '0.321', 'd': '0.3596', 'l': '0.3194'}",2019
12381,True,"{'id': '138', 'title': 'Sevilla', 'short_title': 'SEV'}","{'id': '239', 'title': 'Mallorca', 'short_title': 'MAL'}","{'h': '2', 'a': '0'}","{'h': '1.91225', 'a': '0.309223'}",2020-07-12 20:00:00,"{'w': '0.8366', 'd': '0.1341', 'l': '0.0293'}",2019
12373,True,"{'id': '158', 'title': 'Alaves', 'short_title': 'ALA'}","{'id': '142', 'title': 'Getafe', 'short_title': 'GET'}","{'h': '0', 'a': '0'}","{'h': '0.118514', 'a': '0.596646'}",2020-07-13 17:30:00,"{'w': '0.0623', 'd': '0.5144', 'l': '0.4233'}",2019
12382,True,"{'id': '154', 'title': 'Villarreal', 'short_title': 'VIL'}","{'id': '140', 'title': 'Real Sociedad', 'short_title': 'SOC'}","{'h': '1', 'a': '2'}","{'h': '0.365973', 'a': '1.24702'}",2020-07-13 17:30:00,"{'w': '0.0967', 'd': '0.281', 'l': '0.6223'}",2019
12376,True,"{'id': '155', 'title': 'Granada', 'short_title': 'GRA'}","{'id': '150', 'title': 'Real Madrid', 'short_title': 'RMA'}","{'h': '1', 'a': '2'}","{'h': '0.930144', 'a': '0.527843'}",2020-07-13 20:00:00,"{'w': '0.445', 'd': '0.3629', 'l': '0.1921'}",2019
12387,True,"{'id': '156', 'title': 'Eibar', 'short_title': 'EIB'}","{'id': '231', 'title': 'Real Valladolid', 'short_title': 'VAL'}","{'h': '3', 'a': '1'}","{'h': '2.6027', 'a': '2.14787'}",2020-07-16 16:30:00,"{'w': '0.4911', 'd': '0.2723', 'l': '0.2366'}",2019
12383,True,"{'id': '152', 'title': 'Celta Vigo', 'short_title': 'CEL'}","{'id': '151', 'title': 'Levante', 'short_title': 'LEV'}","{'h': '2', 'a': '3'}","{'h': '1.64845', 'a': '1.39618'}",2020-07-16 19:00:00,"{'w': '0.4172', 'd': '0.2868', 'l': '0.296'}",2019
12384,True,"{'id': '153', 'title': 'Real Betis', 'short_title': 'BET'}","{'id': '158', 'title': 'Alaves', 'short_title': 'ALA'}","{'h': '1', 'a': '2'}","{'h': '1.80332', 'a': '2.31274'}",2020-07-16 19:00:00,"{'w': '0.251', 'd': '0.2375', 'l': '0.5115'}",2019
12385,True,"{'id': '148', 'title': 'Barcelona', 'short_title': 'BAR'}","{'id': '157', 'title': 'Osasuna', 'short_title': 'OSA'}","{'h': '1', 'a': '2'}","{'h': '1.14981', 'a': '0.672683'}",2020-07-16 19:00:00,"{'w': '0.4632', 'd': '0.323', 'l': '0.2138'}",2019
12386,True,"{'id': '147', 'title': 'Athletic Club', 'short_title': 'ATH'}","{'id': '159', 'title': 'Leganes', 'short_title': 'LEG'}","{'h': '0', 'a': '2'}","{'h': '0.62086', 'a': '1.84675'}",2020-07-16 19:00:00,"{'w': '0.0919', 'd': '0.1968', 'l': '0.7113'}",2019
12388,True,"{'id': '146', 'title': 'Valencia', 'short_title': 'VAL'}","{'id': '141', 'title': 'Espanyol', 'short_title': 'ESP'}","{'h': '1', 'a': '0'}","{'h': '1.24164', 'a': '1.20165'}",2020-07-16 19:00:00,"{'w': '0.367', 'd': '0.301', 'l': '0.332'}",2019
12389,True,"{'id': '140', 'title': 'Real Sociedad', 'short_title': 'SOC'}","{'id': '138', 'title': 'Sevilla', 'short_title': 'SEV'}","{'h': '0', 'a': '0'}","{'h': '0.835797', 'a': '0.611057'}",2020-07-16 19:00:00,"{'w': '0.3893', 'd': '0.3717', 'l': '0.239'}",2019
12390,True,"{'id': '150', 'title': 'Real Madrid', 'short_title': 'RMA'}","{'id': '154', 'title': 'Villarreal', 'short_title': 'VIL'}","{'h': '2', 'a': '1'}","{'h': '1.69772', 'a': '1.14058'}",2020-07-16 19:00:00,"{'w': '0.5027', 'd': '0.3147', 'l': '0.1826'}",2019
12391,True,"{'id': '239', 'title': 'Mallorca', 'short_title': 'MAL'}","{'id': '155', 'title': 'Granada', 'short_title': 'GRA'}","{'h': '1', 'a': '2'}","{'h': '1.21791', 'a': '1.09278'}",2020-07-16 19:00:00,"{'w': '0.3846', 'd': '0.2997', 'l': '0.3157'}",2019
12392,True,"{'id': '142', 'title': 'Getafe', 'short_title': 'GET'}","{'id': '143', 'title': 'Atletico Madrid', 'short_title': 'ATL'}","{'h': '0', 'a': '2'}","{'h': '1.13873', 'a': '1.74341'}",2020-07-16 19:00:00,"{'w': '0.2042', 'd': '0.2526', 'l': '0.5432'}",2019
12400,True,"{'id': '231', 'title': 'Real Valladolid', 'short_title': 'VAL'}","{'id': '153', 'title': 'Real Betis', 'short_title': 'BET'}","{'h': '2', 'a': '0'}","{'h': '0.915131', 'a': '0.548953'}",2020-07-19 16:30:00,"{'w': '0.4374', 'd': '0.3627', 'l': '0.1999'}",2019
12393,True,"{'id': '158', 'title': 'Alaves', 'short_title': 'ALA'}","{'id': '148', 'title': 'Barcelona', 'short_title': 'BAR'}","{'h': '0', 'a': '5'}","{'h': '0.274487', 'a': '3.62799'}",2020-07-19 19:00:00,"{'w': '0.0028', 'd': '0.0182', 'l': '0.979'}",2019
12394,True,"{'id': '143', 'title': 'Atletico Madrid', 'short_title': 'ATL'}","{'id': '140', 'title': 'Real Sociedad', 'short_title': 'SOC'}","{'h': '1', 'a': '1'}","{'h': '1.50008', 'a': '0.335651'}",2020-07-19 19:00:00,"{'w': '0.7539', 'd': '0.1956', 'l': '0.0505'}",2019
12395,True,"{'id': '141', 'title': 'Espanyol', 'short_title': 'ESP'}","{'id': '152', 'title': 'Celta Vigo', 'short_title': 'CEL'}","{'h': '0', 'a': '0'}","{'h': '0.362807', 'a': '0.444157'}",2020-07-19 19:00:00,"{'w': '0.2023', 'd': '0.5274', 'l': '0.2703'}",2019
12396,True,"{'id': '159', 'title': 'Leganes', 'short_title': 'LEG'}","{'id': '150', 'title': 'Real Madrid', 'short_title': 'RMA'}","{'h': '2', 'a': '2'}","{'h': '1.16055', 'a': '1.06489'}",2020-07-19 19:00:00,"{'w': '0.3666', 'd': '0.3017', 'l': '0.3317'}",2019
12397,True,"{'id': '155', 'title': 'Granada', 'short_title': 'GRA'}","{'id': '147', 'title': 'Athletic Club', 'short_title': 'ATH'}","{'h': '4', 'a': '0'}","{'h': '2.33033', 'a': '0.564731'}",2020-07-19 19:00:00,"{'w': '0.8461', 'd': '0.1179', 'l': '0.036'}",2019
12398,True,"{'id': '151', 'title': 'Levante', 'short_title': 'LEV'}","{'id': '142', 'title': 'Getafe', 'short_title': 'GET'}","{'h': '1', 'a': '0'}","{'h': '2.58924', 'a': '1.73078'}",2020-07-19 19:00:00,"{'w': '0.5994', 'd': '0.2282', 'l': '0.1724'}",2019
12399,True,"{'id': '157', 'title': 'Osasuna', 'short_title': 'OSA'}","{'id': '239', 'title': 'Mallorca', 'short_title': 'MAL'}","{'h': '2', 'a': '2'}","{'h': '1.00938', 'a': '0.595381'}",2020-07-19 19:00:00,"{'w': '0.4593', 'd': '0.3441', 'l': '0.1966'}",2019
12401,True,"{'id': '154', 'title': 'Villarreal', 'short_title': 'VIL'}","{'id': '156', 'title': 'Eibar', 'short_title': 'EIB'}","{'h': '4', 'a': '0'}","{'h': '3.00793', 'a': '0.762647'}",2020-07-19 19:00:00,"{'w': '0.8838', 'd': '0.0889', 'l': '0.0273'}",2019
12402,True,"{'id': '138', 'title': 'Sevilla', 'short_title': 'SEV'}","{'id': '146', 'title': 'Valencia', 'short_title': 'VAL'}","{'h': '1', 'a': '0'}","{'h': '0.731583', 'a': '0.301441'}",2020-07-19 19:00:00,"{'w': '0.4241', 'd': '0.434', 'l': '0.1419'}",2019
14136,True,"{'id': '156', 'title': 'Eibar', 'short_title': 'EIB'}","{'id': '152', 'title': 'Celta Vigo', 'short_title': 'CEL'}","{'h': '0', 'a': '0'}","{'h': '0.344008', 'a': '0.783653'}",2020-09-12 14:00:00,"{'w': '0.1401', 'd': '0.3904', 'l': '0.4695'}",2020
14137,True,"{'id': '155', 'title': 'Granada', 'short_title': 'GRA'}","{'id': '147', 'title': 'Athletic Club', 'short_title': 'ATH'}","{'h': '2', 'a': '0'}","{'h': '0.545144', 'a': '0.483337'}",2020-09-12 16:30:00,"{'w': '0.3131', 'd': '0.4505', 'l': '0.2364'}",2020
14138,True,"{'id': '261', 'title': 'Cadiz', 'short_title': 'CAD'}","{'id': '157', 'title': 'Osasuna', 'short_title': 'OSA'}","{'h': '0', 'a': '2'}","{'h': '0.600934', 'a': '0.633286'}",2020-09-12 19:00:00,"{'w': '0.2773', 'd': '0.4141', 'l': '0.3086'}",2020
14139,True,"{'id': '158', 'title': 'Alaves', 'short_title': 'ALA'}","{'id': '153', 'title': 'Real Betis', 'short_title': 'BET'}","{'h': '0', 'a': '1'}","{'h': '1.17642', 'a': '0.341233'}",2020-09-13 12:00:00,"{'w': '0.7103', 'd': '0.2358', 'l': '0.0539'}",2020
14140,True,"{'id': '231', 'title': 'Real Valladolid', 'short_title': 'VAL'}","{'id': '140', 'title': 'Real Sociedad', 'short_title': 'SOC'}","{'h': '1', 'a': '1'}","{'h': '0.858211', 'a': '0.31178'}",2020-09-13 14:00:00,"{'w': '0.528', 'd': '0.3655', 'l': '0.1065'}",2020
14143,True,"{'id': '154', 'title': 'Villarreal', 'short_title': 'VIL'}","{'id': '232', 'title': 'SD Huesca', 'short_title': 'HUE'}","{'h': '1', 'a': '1'}","{'h': '2.01913', 'a': '0.556003'}",2020-09-13 16:30:00,"{'w': '0.7705', 'd': '0.1695', 'l': '0.06'}",2020
14144,True,"{'id': '146', 'title': 'Valencia', 'short_title': 'VAL'}","{'id': '151', 'title': 'Levante', 'short_title': 'LEV'}","{'h': '4', 'a': '2'}","{'h': '1.72531', 'a': '2.37179'}",2020-09-13 19:00:00,"{'w': '0.2184', 'd': '0.2503', 'l': '0.5313'}",2020
14146,True,"{'id': '154', 'title': 'Villarreal', 'short_title': 'VIL'}","{'id': '156', 'title': 'Eibar', 'short_title': 'EIB'}","{'h': '2', 'a': '1'}","{'h': '2.99286', 'a': '1.112'}",2020-09-19 14:00:00,"{'w': '0.8148', 'd': '0.1211', 'l': '0.0641'}",2020
14145,True,"{'id': '142', 'title': 'Getafe', 'short_title': 'GET'}","{'id': '157', 'title': 'Osasuna', 'short_title': 'OSA'}","{'h': '1', 'a': '0'}","{'h': '0.702715', 'a': '0.486466'}",2020-09-19 16:30:00,"{'w': '0.3749', 'd': '0.4122', 'l': '0.2129'}",2020
14147,True,"{'id': '152', 'title': 'Celta Vigo', 'short_title': 'CEL'}","{'id': '146', 'title': 'Valencia', 'short_title': 'VAL'}","{'h': '2', 'a': '1'}","{'h': '2.33534', 'a': '0.456643'}",2020-09-19 19:00:00,"{'w': '0.8596', 'd': '0.1099', 'l': '0.0305'}",2020
14148,True,"{'id': '232', 'title': 'SD Huesca', 'short_title': 'HUE'}","{'id': '261', 'title': 'Cadiz', 'short_title': 'CAD'}","{'h': '0', 'a': '2'}","{'h': '0.223846', 'a': '1.50522'}",2020-09-20 14:00:00,"{'w': '0.015', 'd': '0.1315', 'l': '0.8535'}",2020
14151,True,"{'id': '155', 'title': 'Granada', 'short_title': 'GRA'}","{'id': '158', 'title': 'Alaves', 'short_title': 'ALA'}","{'h': '2', 'a': '1'}","{'h': '2.45453', 'a': '0.77021'}",2020-09-20 16:30:00,"{'w': '0.8369', 'd': '0.1311', 'l': '0.032'}",2020
14153,True,"{'id': '153', 'title': 'Real Betis', 'short_title': 'BET'}","{'id': '231', 'title': 'Real Valladolid', 'short_title': 'VAL'}","{'h': '2', 'a': '0'}","{'h': '1.76775', 'a': '0.290702'}",2020-09-20 16:30:00,"{'w': '0.8146', 'd': '0.1526', 'l': '0.0328'}",2020
14152,True,"{'id': '140', 'title': 'Real Sociedad', 'short_title': 'SOC'}","{'id': '150', 'title': 'Real Madrid', 'short_title': 'RMA'}","{'h': '0', 'a': '0'}","{'h': '0.718119', 'a': '0.769069'}",2020-09-20 19:00:00,"{'w': '0.2986', 'd': '0.3657', 'l': '0.3357'}",2020
14154,True,"{'id': '158', 'title': 'Alaves', 'short_title': 'ALA'}","{'id': '142', 'title': 'Getafe', 'short_title': 'GET'}","{'h': '0', 'a': '0'}","{'h': '0.867165', 'a': '1.31111'}",2020-09-26 11:00:00,"{'w': '0.2251', 'd': '0.294', 'l': '0.4809'}",2020
14161,True,"{'id': '146', 'title': 'Valencia', 'short_title': 'VAL'}","{'id': '232', 'title': 'SD Huesca', 'short_title': 'HUE'}","{'h': '1', 'a': '1'}","{'h': '0.306092', 'a': '1.10618'}",2020-09-26 14:00:00,"{'w': '0.0917', 'd': '0.3287', 'l': '0.5796'}",2020
14163,True,"{'id': '207', 'title': 'Elche', 'short_title': 'ELC'}","{'id': '140', 'title': 'Real Sociedad', 'short_title': 'SOC'}","{'h': '0', 'a': '3'}","{'h': '1.23661', 'a': '3.3738'}",2020-09-26 16:30:00,"{'w': '0.037', 'd': '0.1157', 'l': '0.8473'}",2020
14157,True,"{'id': '153', 'title': 'Real Betis', 'short_title': 'BET'}","{'id': '150', 'title': 'Real Madrid', 'short_title': 'RMA'}","{'h': '2', 'a': '3'}","{'h': '1.41465', 'a': '3.86499'}",2020-09-26 19:00:00,"{'w': '0.0374', 'd': '0.0812', 'l': '0.8814'}",2020
14160,True,"{'id': '157', 'title': 'Osasuna', 'short_title': 'OSA'}","{'id': '151', 'title': 'Levante', 'short_title': 'LEV'}","{'h': '1', 'a': '3'}","{'h': '0.724471', 'a': '2.99435'}",2020-09-27 10:00:00,"{'w': '0.0188', 'd': '0.075', 'l': '0.9062'}",2020
14158,True,"{'id': '156', 'title': 'Eibar', 'short_title': 'EIB'}","{'id': '147', 'title': 'Athletic Club', 'short_title': 'ATH'}","{'h': '1', 'a': '2'}","{'h': '0.325316', 'a': '0.505645'}",2020-09-27 12:00:00,"{'w': '0.1807', 'd': '0.5075', 'l': '0.3118'}",2020
14155,True,"{'id': '143', 'title': 'Atletico Madrid', 'short_title': 'ATL'}","{'id': '155', 'title': 'Granada', 'short_title': 'GRA'}","{'h': '6', 'a': '1'}","{'h': '3.60448', 'a': '1.30515'}",2020-09-27 14:00:00,"{'w': '0.8702', 'd': '0.093', 'l': '0.0368'}",2020
14162,True,"{'id': '231', 'title': 'Real Valladolid', 'short_title': 'VAL'}","{'id': '152', 'title': 'Celta Vigo', 'short_title': 'CEL'}","{'h': '1', 'a': '1'}","{'h': '1.52483', 'a': '1.08307'}",2020-09-27 16:30:00,"{'w': '0.4733', 'd': '0.3098', 'l': '0.2169'}",2020
14156,True,"{'id': '148', 'title': 'Barcelona', 'short_title': 'BAR'}","{'id': '154', 'title': 'Villarreal', 'short_title': 'VIL'}","{'h': '4', 'a': '0'}","{'h': '3.50735', 'a': '0.244835'}",2020-09-27 19:00:00,"{'w': '0.9746', 'd': '0.0217', 'l': '0.0037'}",2020
14159,True,"{'id': '261', 'title': 'Cadiz', 'short_title': 'CAD'}","{'id': '138', 'title': 'Sevilla', 'short_title': 'SEV'}","{'h': '1', 'a': '3'}","{'h': '1.0983', 'a': '2.2102'}",2020-09-27 19:00:00,"{'w': '0.141', 'd': '0.214', 'l': '0.645'}",2020
14170,True,"{'id': '140', 'title': 'Real Sociedad', 'short_title': 'SOC'}","{'id': '146', 'title': 'Valencia', 'short_title': 'VAL'}","{'h': '0', 'a': '1'}","{'h': '0.589249', 'a': '0.836796'}",2020-09-29 17:00:00,"{'w': '0.2132', 'd': '0.3729', 'l': '0.4139'}",2020
14167,True,"{'id': '142', 'title': 'Getafe', 'short_title': 'GET'}","{'id': '153', 'title': 'Real Betis', 'short_title': 'BET'}","{'h': '3', 'a': '0'}","{'h': '0.908069', 'a': '0.442837'}",2020-09-29 19:30:00,"{'w': '0.4845', 'd': '0.3573', 'l': '0.1582'}",2020
14168,True,"{'id': '232', 'title': 'SD Huesca', 'short_title': 'HUE'}","{'id': '143', 'title': 'Atletico Madrid', 'short_title': 'ATL'}","{'h': '0', 'a': '0'}","{'h': '0.631932', 'a': '1.79241'}",2020-09-30 17:00:00,"{'w': '0.0949', 'd': '0.2049', 'l': '0.7002'}",2020
14172,True,"{'id': '154', 'title': 'Villarreal', 'short_title': 'VIL'}","{'id': '158', 'title': 'Alaves', 'short_title': 'ALA'}","{'h': '3', 'a': '1'}","{'h': '2.65908', 'a': '0.618672'}",2020-09-30 17:00:00,"{'w': '0.9046', 'd': '0.0785', 'l': '0.0169'}",2020
14166,True,"{'id': '156', 'title': 'Eibar', 'short_title': 'EIB'}","{'id': '207', 'title': 'Elche', 'short_title': 'ELC'}","{'h': '0', 'a': '1'}","{'h': '1.06052', 'a': '0.378171'}",2020-09-30 19:30:00,"{'w': '0.6092', 'd': '0.3017', 'l': '0.0891'}",2020
14169,True,"{'id': '150', 'title': 'Real Madrid', 'short_title': 'RMA'}","{'id': '231', 'title': 'Real Valladolid', 'short_title': 'VAL'}","{'h': '1', 'a': '0'}","{'h': '2.64599', 'a': '0.540187'}",2020-09-30 19:30:00,"{'w': '0.891', 'd': '0.0834', 'l': '0.0256'}",2020
14164,True,"{'id': '147', 'title': 'Athletic Club', 'short_title': 'ATH'}","{'id': '261', 'title': 'Cadiz', 'short_title': 'CAD'}","{'h': '0', 'a': '1'}","{'h': '0.545027', 'a': '0.263675'}",2020-10-01 17:00:00,"{'w': '0.3502', 'd': '0.5039', 'l': '0.1459'}",2020
14171,True,"{'id': '138', 'title': 'Sevilla', 'short_title': 'SEV'}","{'id': '151', 'title': 'Levante', 'short_title': 'LEV'}","{'h': '1', 'a': '0'}","{'h': '1.04729', 'a': '0.375244'}",2020-10-01 17:00:00,"{'w': '0.5345', 'd': '0.3457', 'l': '0.1198'}",2020
14165,True,"{'id': '152', 'title': 'Celta Vigo', 'short_title': 'CEL'}","{'id': '148', 'title': 'Barcelona', 'short_title': 'BAR'}","{'h': '0', 'a': '3'}","{'h': '0.568201', 'a': '0.931689'}",2020-10-01 19:30:00,"{'w': '0.1884', 'd': '0.3559', 'l': '0.4557'}",2020
14823,True,"{'id': '231', 'title': 'Real Valladolid', 'short_title': 'VAL'}","{'id': '156', 'title': 'Eibar', 'short_title': 'EIB'}","{'h': '1', 'a': '2'}","{'h': '1.09473', 'a': '1.6913'}",2020-10-03 11:00:00,"{'w': '0.161', 'd': '0.3067', 'l': '0.5323'}",2020
14816,True,"{'id': '143', 'title': 'Atletico Madrid', 'short_title': 'ATL'}","{'id': '154', 'title': 'Villarreal', 'short_title': 'VIL'}","{'h': '0', 'a': '0'}","{'h': '0.610002', 'a': '0.201508'}",2020-10-03 14:00:00,"{'w': '0.4048', 'd': '0.4952', 'l': '0.1'}",2020
14821,True,"{'id': '140', 'title': 'Real Sociedad', 'short_title': 'SOC'}","{'id': '142', 'title': 'Getafe', 'short_title': 'GET'}","{'h': '3', 'a': '0'}","{'h': '2.19684', 'a': '0.315862'}",2020-10-03 16:30:00,"{'w': '0.8819', 'd': '0.0968', 'l': '0.0213'}",2020
14824,True,"{'id': '207', 'title': 'Elche', 'short_title': 'ELC'}","{'id': '232', 'title': 'SD Huesca', 'short_title': 'HUE'}","{'h': '0', 'a': '0'}","{'h': '0.188885', 'a': '1.70374'}",2020-10-03 16:30:00,"{'w': '0.0251', 'd': '0.1627', 'l': '0.8122'}",2020
14822,True,"{'id': '146', 'title': 'Valencia', 'short_title': 'VAL'}","{'id': '153', 'title': 'Real Betis', 'short_title': 'BET'}","{'h': '0', 'a': '2'}","{'h': '0.475219', 'a': '1.87508'}",2020-10-03 19:00:00,"{'w': '0.0536', 'd': '0.1863', 'l': '0.7601'}",2020
14820,True,"{'id': '157', 'title': 'Osasuna', 'short_title': 'OSA'}","{'id': '152', 'title': 'Celta Vigo', 'short_title': 'CEL'}","{'h': '2', 'a': '0'}","{'h': '1.12188', 'a': '0.360866'}",2020-10-04 10:00:00,"{'w': '0.6017', 'd': '0.3005', 'l': '0.0978'}",2020
14815,True,"{'id': '158', 'title': 'Alaves', 'short_title': 'ALA'}","{'id': '147', 'title': 'Athletic Club', 'short_title': 'ATH'}","{'h': '1', 'a': '0'}","{'h': '0.520642', 'a': '0.487749'}",2020-10-04 12:00:00,"{'w': '0.2885', 'd': '0.4537', 'l': '0.2578'}",2020
14819,True,"{'id': '151', 'title': 'Levante', 'short_title': 'LEV'}","{'id': '150', 'title': 'Real Madrid', 'short_title': 'RMA'}","{'h': '0', 'a': '2'}","{'h': '0.577329', 'a': '1.87714'}",2020-10-04 14:00:00,"{'w': '0.0783', 'd': '0.1829', 'l': '0.7388'}",2020
14818,True,"{'id': '261', 'title': 'Cadiz', 'short_title': 'CAD'}","{'id': '155', 'title': 'Granada', 'short_title': 'GRA'}","{'h': '1', 'a': '1'}","{'h': '1.09095', 'a': '0.820558'}",2020-10-04 16:30:00,"{'w': '0.4235', 'd': '0.329', 'l': '0.2475'}",2020
14817,True,"{'id': '148', 'title': 'Barcelona', 'short_title': 'BAR'}","{'id': '138', 'title': 'Sevilla', 'short_title': 'SEV'}","{'h': '1', 'a': '1'}","{'h': '1.05717', 'a': '1.25522'}",2020-10-04 19:00:00,"{'w': '0.2852', 'd': '0.3073', 'l': '0.4075'}",2020
14831,True,"{'id': '155', 'title': 'Granada', 'short_title': 'GRA'}","{'id': '138', 'title': 'Sevilla', 'short_title': 'SEV'}","{'h': '1', 'a': '0'}","{'h': '1.08721', 'a': '0.699011'}",2020-10-17 11:00:00,"{'w': '0.4552', 'd': '0.3442', 'l': '0.2006'}",2020
14828,True,"{'id': '152', 'title': 'Celta Vigo', 'short_title': 'CEL'}","{'id': '143', 'title': 'Atletico Madrid', 'short_title': 'ATL'}","{'h': '0', 'a': '2'}","{'h': '1.89737', 'a': '1.51399'}",2020-10-17 14:00:00,"{'w': '0.464', 'd': '0.254', 'l': '0.282'}",2020
14833,True,"{'id': '150', 'title': 'Real Madrid', 'short_title': 'RMA'}","{'id': '261', 'title': 'Cadiz', 'short_title': 'CAD'}","{'h': '0', 'a': '1'}","{'h': '1.1359', 'a': '1.768'}",2020-10-17 16:30:00,"{'w': '0.214', 'd': '0.2566', 'l': '0.5294'}",2020
14830,True,"{'id': '142', 'title': 'Getafe', 'short_title': 'GET'}","{'id': '148', 'title': 'Barcelona', 'short_title': 'BAR'}","{'h': '1', 'a': '0'}","{'h': '1.70992', 'a': '0.62541'}",2020-10-17 19:00:00,"{'w': '0.6928', 'd': '0.218', 'l': '0.0892'}",2020
14829,True,"{'id': '156', 'title': 'Eibar', 'short_title': 'EIB'}","{'id': '157', 'title': 'Osasuna', 'short_title': 'OSA'}","{'h': '0', 'a': '0'}","{'h': '0.371361', 'a': '1.2646'}",2020-10-18 10:00:00,"{'w': '0.0898', 'd': '0.2619', 'l': '0.6483'}",2020
14826,True,"{'id': '147', 'title': 'Athletic Club', 'short_title': 'ATH'}","{'id': '151', 'title': 'Levante', 'short_title': 'LEV'}","{'h': '2', 'a': '0'}","{'h': '2.07013', 'a': '0.281482'}",2020-10-18 12:00:00,"{'w': '0.8762', 'd': '0.1041', 'l': '0.0197'}",2020
14834,True,"{'id': '154', 'title': 'Villarreal', 'short_title': 'VIL'}","{'id': '146', 'title': 'Valencia', 'short_title': 'VAL'}","{'h': '2', 'a': '1'}","{'h': '1.59975', 'a': '0.677588'}",2020-10-18 14:00:00,"{'w': '0.6398', 'd': '0.2406', 'l': '0.1196'}",2020
14825,True,"{'id': '158', 'title': 'Alaves', 'short_title': 'ALA'}","{'id': '207', 'title': 'Elche', 'short_title': 'ELC'}","{'h': '0', 'a': '2'}","{'h': '0.90822', 'a': '0.902261'}",2020-10-18 16:30:00,"{'w': '0.3228', 'd': '0.345', 'l': '0.3322'}",2020
14832,True,"{'id': '232', 'title': 'SD Huesca', 'short_title': 'HUE'}","{'id': '231', 'title': 'Real Valladolid', 'short_title': 'VAL'}","{'h': '2', 'a': '2'}","{'h': '1.25439', 'a': '0.907963'}",2020-10-18 16:30:00,"{'w': '0.4199', 'd': '0.3476', 'l': '0.2325'}",2020
14827,True,"{'id': '153', 'title': 'Real Betis', 'short_title': 'BET'}","{'id': '140', 'title': 'Real Sociedad', 'short_title': 'SOC'}","{'h': '0', 'a': '3'}","{'h': '0.304528', 'a': '1.58336'}",2020-10-18 19:00:00,"{'w': '0.0423', 'd': '0.1656', 'l': '0.7921'}",2020
14844,True,"{'id': '207', 'title': 'Elche', 'short_title': 'ELC'}","{'id': '146', 'title': 'Valencia', 'short_title': 'VAL'}","{'h': '2', 'a': '1'}","{'h': '0.165573', 'a': '1.23519'}",2020-10-23 19:00:00,"{'w': '0.0327', 'd': '0.2344', 'l': '0.7329'}",2020
14836,True,"{'id': '148', 'title': 'Barcelona', 'short_title': 'BAR'}","{'id': '150', 'title': 'Real Madrid', 'short_title': 'RMA'}","{'h': '1', 'a': '3'}","{'h': '1.57351', 'a': '3.20848'}",2020-10-24 14:00:00,"{'w': '0.0932', 'd': '0.1504', 'l': '0.7564'}",2020
14840,True,"{'id': '157', 'title': 'Osasuna', 'short_title': 'OSA'}","{'id': '147', 'title': 'Athletic Club', 'short_title': 'ATH'}","{'h': '1', 'a': '0'}","{'h': '0.989319', 'a': '0.5791'}",2020-10-24 16:30:00,"{'w': '0.4951', 'd': '0.3418', 'l': '0.1631'}",2020
14842,True,"{'id': '138', 'title': 'Sevilla', 'short_title': 'SEV'}","{'id': '156', 'title': 'Eibar', 'short_title': 'EIB'}","{'h': '0', 'a': '1'}","{'h': '1.98558', 'a': '0.198368'}",2020-10-24 16:30:00,"{'w': '0.8787', 'd': '0.1074', 'l': '0.0139'}",2020
14835,True,"{'id': '143', 'title': 'Atletico Madrid', 'short_title': 'ATL'}","{'id': '153', 'title': 'Real Betis', 'short_title': 'BET'}","{'h': '2', 'a': '0'}","{'h': '1.24304', 'a': '1.01541'}",2020-10-24 19:00:00,"{'w': '0.4005', 'd': '0.3109', 'l': '0.2886'}",2020
14843,True,"{'id': '231', 'title': 'Real Valladolid', 'short_title': 'VAL'}","{'id': '158', 'title': 'Alaves', 'short_title': 'ALA'}","{'h': '0', 'a': '2'}","{'h': '0.305213', 'a': '2.3128'}",2020-10-25 13:00:00,"{'w': '0.0166', 'd': '0.0803', 'l': '0.9031'}",2020
14838,True,"{'id': '261', 'title': 'Cadiz', 'short_title': 'CAD'}","{'id': '154', 'title': 'Villarreal', 'short_title': 'VIL'}","{'h': '0', 'a': '0'}","{'h': '0.20914', 'a': '0.752296'}",2020-10-25 15:00:00,"{'w': '0.0841', 'd': '0.3955', 'l': '0.5204'}",2020
14837,True,"{'id': '142', 'title': 'Getafe', 'short_title': 'GET'}","{'id': '155', 'title': 'Granada', 'short_title': 'GRA'}","{'h': '0', 'a': '1'}","{'h': '1.33438', 'a': '0.949811'}",2020-10-25 17:30:00,"{'w': '0.4401', 'd': '0.3505', 'l': '0.2094'}",2020
14841,True,"{'id': '140', 'title': 'Real Sociedad', 'short_title': 'SOC'}","{'id': '232', 'title': 'SD Huesca', 'short_title': 'HUE'}","{'h': '4', 'a': '1'}","{'h': '1.79773', 'a': '0.591473'}",2020-10-25 20:00:00,"{'w': '0.7155', 'd': '0.2167', 'l': '0.0678'}",2020
14839,True,"{'id': '151', 'title': 'Levante', 'short_title': 'LEV'}","{'id': '152', 'title': 'Celta Vigo', 'short_title': 'CEL'}","{'h': '1', 'a': '1'}","{'h': '1.19249', 'a': '0.818389'}",2020-10-26 20:00:00,"{'w': '0.4593', 'd': '0.3379', 'l': '0.2028'}",2020
14849,True,"{'id': '156', 'title': 'Eibar', 'short_title': 'EIB'}","{'id': '261', 'title': 'Cadiz', 'short_title': 'CAD'}","{'h': '0', 'a': '2'}","{'h': '0.466935', 'a': '0.932416'}",2020-10-30 20:00:00,"{'w': '0.1551', 'd': '0.3505', 'l': '0.4944'}",2020
14852,True,"{'id': '150', 'title': 'Real Madrid', 'short_title': 'RMA'}","{'id': '232', 'title': 'SD Huesca', 'short_title': 'HUE'}","{'h': '4', 'a': '1'}","{'h': '2.23898', 'a': '0.79915'}",2020-10-31 13:00:00,"{'w': '0.7432', 'd': '0.1759', 'l': '0.0809'}",2020
14846,True,"{'id': '147', 'title': 'Athletic Club', 'short_title': 'ATH'}","{'id': '138', 'title': 'Sevilla', 'short_title': 'SEV'}","{'h': '2', 'a': '1'}","{'h': '1.32876', 'a': '1.15091'}",2020-10-31 15:00:00,"{'w': '0.4051', 'd': '0.3096', 'l': '0.2853'}",2020
14851,True,"{'id': '157', 'title': 'Osasuna', 'short_title': 'OSA'}","{'id': '143', 'title': 'Atletico Madrid', 'short_title': 'ATL'}","{'h': '1', 'a': '3'}","{'h': '1.42768', 'a': '3.06286'}",2020-10-31 17:30:00,"{'w': '0.0669', 'd': '0.1474', 'l': '0.7857'}",2020
14845,True,"{'id': '158', 'title': 'Alaves', 'short_title': 'ALA'}","{'id': '148', 'title': 'Barcelona', 'short_title': 'BAR'}","{'h': '1', 'a': '1'}","{'h': '1.11324', 'a': '2.07747'}",2020-10-31 20:00:00,"{'w': '0.1408', 'd': '0.2554', 'l': '0.6038'}",2020
14847,True,"{'id': '153', 'title': 'Real Betis', 'short_title': 'BET'}","{'id': '207', 'title': 'Elche', 'short_title': 'ELC'}","{'h': '3', 'a': '1'}","{'h': '3.06462', 'a': '0.478252'}",2020-11-01 13:00:00,"{'w': '0.9311', 'd': '0.0565', 'l': '0.0124'}",2020
14848,True,"{'id': '152', 'title': 'Celta Vigo', 'short_title': 'CEL'}","{'id': '140', 'title': 'Real Sociedad', 'short_title': 'SOC'}","{'h': '1', 'a': '4'}","{'h': '2.12312', 'a': '2.27628'}",2020-11-01 15:00:00,"{'w': '0.3175', 'd': '0.2829', 'l': '0.3996'}",2020
14850,True,"{'id': '155', 'title': 'Granada', 'short_title': 'GRA'}","{'id': '151', 'title': 'Levante', 'short_title': 'LEV'}","{'h': '1', 'a': '1'}","{'h': '0.230886', 'a': '0.813588'}",2020-11-01 17:30:00,"{'w': '0.0926', 'd': '0.4215', 'l': '0.4859'}",2020
14853,True,"{'id': '146', 'title': 'Valencia', 'short_title': 'VAL'}","{'id': '142', 'title': 'Getafe', 'short_title': 'GET'}","{'h': '2', 'a': '2'}","{'h': '1.75934', 'a': '2.35774'}",2020-11-01 20:00:00,"{'w': '0.2207', 'd': '0.2447', 'l': '0.5346'}",2020
14854,True,"{'id': '154', 'title': 'Villarreal', 'short_title': 'VIL'}","{'id': '231', 'title': 'Real Valladolid', 'short_title': 'VAL'}","{'h': '2', 'a': '0'}","{'h': '1.85014', 'a': '0.793913'}",2020-11-02 20:00:00,"{'w': '0.673', 'd': '0.2119', 'l': '0.1151'}",2020
14864,True,"{'id': '207', 'title': 'Elche', 'short_title': 'ELC'}","{'id': '152', 'title': 'Celta Vigo', 'short_title': 'CEL'}","{'h': '1', 'a': '1'}","{'h': '1.6055', 'a': '2.15551'}",2020-11-06 20:00:00,"{'w': '0.2441', 'd': '0.2553', 'l': '0.5006'}",2020
14858,True,"{'id': '232', 'title': 'SD Huesca', 'short_title': 'HUE'}","{'id': '156', 'title': 'Eibar', 'short_title': 'EIB'}","{'h': '1', 'a': '1'}","{'h': '2.23211', 'a': '0.839508'}",2020-11-07 13:00:00,"{'w': '0.7558', 'd': '0.1865', 'l': '0.0577'}",2020
14856,True,"{'id': '148', 'title': 'Barcelona', 'short_title': 'BAR'}","{'id': '153', 'title': 'Real Betis', 'short_title': 'BET'}","{'h': '5', 'a': '2'}","{'h': '4.44487', 'a': '0.86991'}",2020-11-07 15:15:00,"{'w': '0.9677', 'd': '0.0246', 'l': '0.0077'}",2020
14861,True,"{'id': '138', 'title': 'Sevilla', 'short_title': 'SEV'}","{'id': '157', 'title': 'Osasuna', 'short_title': 'OSA'}","{'h': '1', 'a': '0'}","{'h': '1.151', 'a': '0.499107'}",2020-11-07 17:30:00,"{'w': '0.5862', 'd': '0.2968', 'l': '0.117'}",2020
14855,True,"{'id': '143', 'title': 'Atletico Madrid', 'short_title': 'ATL'}","{'id': '261', 'title': 'Cadiz', 'short_title': 'CAD'}","{'h': '4', 'a': '0'}","{'h': '2.62556', 'a': '0.395983'}",2020-11-07 20:00:00,"{'w': '0.8928', 'd': '0.0821', 'l': '0.0251'}",2020
14857,True,"{'id': '142', 'title': 'Getafe', 'short_title': 'GET'}","{'id': '154', 'title': 'Villarreal', 'short_title': 'VIL'}","{'h': '1', 'a': '3'}","{'h': '0.55465', 'a': '2.32114'}",2020-11-08 13:00:00,"{'w': '0.0425', 'd': '0.1201', 'l': '0.8374'}",2020
14860,True,"{'id': '140', 'title': 'Real Sociedad', 'short_title': 'SOC'}","{'id': '155', 'title': 'Granada', 'short_title': 'GRA'}","{'h': '2', 'a': '0'}","{'h': '3.72416', 'a': '0.780649'}",2020-11-08 15:15:00,"{'w': '0.9614', 'd': '0.0345', 'l': '0.0041'}",2020
14859,True,"{'id': '151', 'title': 'Levante', 'short_title': 'LEV'}","{'id': '158', 'title': 'Alaves', 'short_title': 'ALA'}","{'h': '1', 'a': '1'}","{'h': '1.99148', 'a': '1.01595'}",2020-11-08 17:30:00,"{'w': '0.6357', 'd': '0.2272', 'l': '0.1371'}",2020
14863,True,"{'id': '231', 'title': 'Real Valladolid', 'short_title': 'VAL'}","{'id': '147', 'title': 'Athletic Club', 'short_title': 'ATH'}","{'h': '2', 'a': '1'}","{'h': '2.28498', 'a': '1.57936'}",2020-11-08 17:30:00,"{'w': '0.5888', 'd': '0.2463', 'l': '0.1649'}",2020
14862,True,"{'id': '146', 'title': 'Valencia', 'short_title': 'VAL'}","{'id': '150', 'title': 'Real Madrid', 'short_title': 'RMA'}","{'h': '4', 'a': '1'}","{'h': '2.34693', 'a': '1.05824'}",2020-11-08 20:00:00,"{'w': '0.749', 'd': '0.1704', 'l': '0.0806'}",2020
14872,True,"{'id': '157', 'title': 'Osasuna', 'short_title': 'OSA'}","{'id': '232', 'title': 'SD Huesca', 'short_title': 'HUE'}","{'h': '1', 'a': '1'}","{'h': '0.878778', 'a': '0.807899'}",2020-11-20 20:00:00,"{'w': '0.3343', 'd': '0.3479', 'l': '0.3178'}",2020
14871,True,"{'id': '151', 'title': 'Levante', 'short_title': 'LEV'}","{'id': '207', 'title': 'Elche', 'short_title': 'ELC'}","{'h': '1', 'a': '1'}","{'h': '0.902091', 'a': '0.832435'}",2020-11-21 13:00:00,"{'w': '0.3407', 'd': '0.3533', 'l': '0.306'}",2020
14874,True,"{'id': '154', 'title': 'Villarreal', 'short_title': 'VIL'}","{'id': '150', 'title': 'Real Madrid', 'short_title': 'RMA'}","{'h': '1', 'a': '1'}","{'h': '1.72712', 'a': '0.652049'}",2020-11-21 15:15:00,"{'w': '0.6742', 'd': '0.237', 'l': '0.0888'}",2020
14873,True,"{'id': '138', 'title': 'Sevilla', 'short_title': 'SEV'}","{'id': '152', 'title': 'Celta Vigo', 'short_title': 'CEL'}","{'h': '4', 'a': '2'}","{'h': '2.22603', 'a': '2.08172'}",2020-11-21 17:30:00,"{'w': '0.4022', 'd': '0.2559', 'l': '0.3419'}",2020
14867,True,"{'id': '143', 'title': 'Atletico Madrid', 'short_title': 'ATL'}","{'id': '148', 'title': 'Barcelona', 'short_title': 'BAR'}","{'h': '1', 'a': '0'}","{'h': '0.812108', 'a': '1.29964'}",2020-11-21 20:00:00,"{'w': '0.2109', 'd': '0.2976', 'l': '0.4915'}",2020
14868,True,"{'id': '156', 'title': 'Eibar', 'short_title': 'EIB'}","{'id': '142', 'title': 'Getafe', 'short_title': 'GET'}","{'h': '0', 'a': '0'}","{'h': '1.45225', 'a': '0.352628'}",2020-11-22 13:00:00,"{'w': '0.7142', 'd': '0.2194', 'l': '0.0664'}",2020
14869,True,"{'id': '261', 'title': 'Cadiz', 'short_title': 'CAD'}","{'id': '140', 'title': 'Real Sociedad', 'short_title': 'SOC'}","{'h': '0', 'a': '1'}","{'h': '0.0824748', 'a': '1.90588'}",2020-11-22 15:15:00,"{'w': '0.0077', 'd': '0.1112', 'l': '0.8811'}",2020
14870,True,"{'id': '155', 'title': 'Granada', 'short_title': 'GRA'}","{'id': '231', 'title': 'Real Valladolid', 'short_title': 'VAL'}","{'h': '1', 'a': '3'}","{'h': '1.40253', 'a': '1.45546'}",2020-11-22 17:30:00,"{'w': '0.3436', 'd': '0.2968', 'l': '0.3596'}",2020
14865,True,"{'id': '158', 'title': 'Alaves', 'short_title': 'ALA'}","{'id': '146', 'title': 'Valencia', 'short_title': 'VAL'}","{'h': '2', 'a': '2'}","{'h': '1.82668', 'a': '1.79824'}",2020-11-22 20:00:00,"{'w': '0.3744', 'd': '0.2759', 'l': '0.3497'}",2020
14866,True,"{'id': '147', 'title': 'Athletic Club', 'short_title': 'ATH'}","{'id': '153', 'title': 'Real Betis', 'short_title': 'BET'}","{'h': '4', 'a': '0'}","{'h': '2.75202', 'a': '0.385631'}",2020-11-23 20:00:00,"{'w': '0.944', 'd': '0.0475', 'l': '0.0085'}",2020
14883,True,"{'id': '231', 'title': 'Real Valladolid', 'short_title': 'VAL'}","{'id': '151', 'title': 'Levante', 'short_title': 'LEV'}","{'h': '1', 'a': '1'}","{'h': '1.25969', 'a': '1.11009'}",2020-11-27 20:00:00,"{'w': '0.3679', 'd': '0.3378', 'l': '0.2943'}",2020
14884,True,"{'id': '207', 'title': 'Elche', 'short_title': 'ELC'}","{'id': '261', 'title': 'Cadiz', 'short_title': 'CAD'}","{'h': '1', 'a': '1'}","{'h': '0.0867292', 'a': '0.678171'}",2020-11-28 13:00:00,"{'w': '0.0377', 'd': '0.4501', 'l': '0.5122'}",2020
14882,True,"{'id': '146', 'title': 'Valencia', 'short_title': 'VAL'}","{'id': '143', 'title': 'Atletico Madrid', 'short_title': 'ATL'}","{'h': '0', 'a': '1'}","{'h': '0.181436', 'a': '1.10533'}",2020-11-28 15:15:00,"{'w': '0.0533', 'd': '0.3188', 'l': '0.6279'}",2020
14879,True,"{'id': '232', 'title': 'SD Huesca', 'short_title': 'HUE'}","{'id': '138', 'title': 'Sevilla', 'short_title': 'SEV'}","{'h': '0', 'a': '1'}","{'h': '0.167609', 'a': '1.69981'}",2020-11-28 17:30:00,"{'w': '0.0208', 'd': '0.1421', 'l': '0.8371'}",2020
14880,True,"{'id': '150', 'title': 'Real Madrid', 'short_title': 'RMA'}","{'id': '158', 'title': 'Alaves', 'short_title': 'ALA'}","{'h': '1', 'a': '2'}","{'h': '1.66068', 'a': '2.35024'}",2020-11-28 20:00:00,"{'w': '0.2152', 'd': '0.242', 'l': '0.5428'}",2020
14875,True,"{'id': '148', 'title': 'Barcelona', 'short_title': 'BAR'}","{'id': '157', 'title': 'Osasuna', 'short_title': 'OSA'}","{'h': '4', 'a': '0'}","{'h': '3.91416', 'a': '1.56118'}",2020-11-29 13:00:00,"{'w': '0.8746', 'd': '0.0889', 'l': '0.0365'}",2020
14878,True,"{'id': '142', 'title': 'Getafe', 'short_title': 'GET'}","{'id': '147', 'title': 'Athletic Club', 'short_title': 'ATH'}","{'h': '1', 'a': '1'}","{'h': '0.536725', 'a': '0.277502'}",2020-11-29 15:15:00,"{'w': '0.3335', 'd': '0.513', 'l': '0.1535'}",2020
14877,True,"{'id': '152', 'title': 'Celta Vigo', 'short_title': 'CEL'}","{'id': '155', 'title': 'Granada', 'short_title': 'GRA'}","{'h': '3', 'a': '1'}","{'h': '4.64116', 'a': '1.49416'}",2020-11-29 17:30:00,"{'w': '0.9431', 'd': '0.0427', 'l': '0.0142'}",2020
14881,True,"{'id': '140', 'title': 'Real Sociedad', 'short_title': 'SOC'}","{'id': '154', 'title': 'Villarreal', 'short_title': 'VIL'}","{'h': '1', 'a': '1'}","{'h': '1.91705', 'a': '1.10165'}",2020-11-29 20:00:00,"{'w': '0.6008', 'd': '0.2668', 'l': '0.1324'}",2020
14876,True,"{'id': '153', 'title': 'Real Betis', 'short_title': 'BET'}","{'id': '156', 'title': 'Eibar', 'short_title': 'EIB'}","{'h': '0', 'a': '2'}","{'h': '0.51761', 'a': '3.24869'}",2020-11-30 20:00:00,"{'w': '0.0062', 'd': '0.0392', 'l': '0.9546'}",2020
14892,True,"{'id': '147', 'title': 'Athletic Club', 'short_title': 'ATH'}","{'id': '152', 'title': 'Celta Vigo', 'short_title': 'CEL'}","{'h': '0', 'a': '2'}","{'h': '0.454057', 'a': '1.20044'}",2020-12-04 20:00:00,"{'w': '0.1088', 'd': '0.2743', 'l': '0.6169'}",2020
14887,True,"{'id': '151', 'title': 'Levante', 'short_title': 'LEV'}","{'id': '142', 'title': 'Getafe', 'short_title': 'GET'}","{'h': '3', 'a': '0'}","{'h': '2.56696', 'a': '0.49433'}",2020-12-05 13:00:00,"{'w': '0.8681', 'd': '0.0987', 'l': '0.0332'}",2020
14889,True,"{'id': '138', 'title': 'Sevilla', 'short_title': 'SEV'}","{'id': '150', 'title': 'Real Madrid', 'short_title': 'RMA'}","{'h': '0', 'a': '1'}","{'h': '0.533909', 'a': '1.69653'}",2020-12-05 15:15:00,"{'w': '0.0684', 'd': '0.1923', 'l': '0.7393'}",2020
14893,True,"{'id': '143', 'title': 'Atletico Madrid', 'short_title': 'ATL'}","{'id': '231', 'title': 'Real Valladolid', 'short_title': 'VAL'}","{'h': '2', 'a': '0'}","{'h': '1.2755', 'a': '0.440427'}",2020-12-05 17:30:00,"{'w': '0.5942', 'd': '0.2862', 'l': '0.1196'}",2020
14885,True,"{'id': '261', 'title': 'Cadiz', 'short_title': 'CAD'}","{'id': '148', 'title': 'Barcelona', 'short_title': 'BAR'}","{'h': '2', 'a': '1'}","{'h': '2.61118', 'a': '1.71026'}",2020-12-05 20:00:00,"{'w': '0.6259', 'd': '0.2045', 'l': '0.1696'}",2020
14886,True,"{'id': '155', 'title': 'Granada', 'short_title': 'GRA'}","{'id': '232', 'title': 'SD Huesca', 'short_title': 'HUE'}","{'h': '3', 'a': '3'}","{'h': '1.82994', 'a': '1.68663'}",2020-12-06 13:00:00,"{'w': '0.4109', 'd': '0.2465', 'l': '0.3426'}",2020
14888,True,"{'id': '157', 'title': 'Osasuna', 'short_title': 'OSA'}","{'id': '153', 'title': 'Real Betis', 'short_title': 'BET'}","{'h': '0', 'a': '2'}","{'h': '0.366687', 'a': '1.52162'}",2020-12-06 15:15:00,"{'w': '0.0553', 'd': '0.2026', 'l': '0.7421'}",2020
14890,True,"{'id': '154', 'title': 'Villarreal', 'short_title': 'VIL'}","{'id': '207', 'title': 'Elche', 'short_title': 'ELC'}","{'h': '0', 'a': '0'}","{'h': '0.520422', 'a': '0.0544723'}",2020-12-06 17:30:00,"{'w': '0.3921', 'd': '0.5765', 'l': '0.0314'}",2020
14891,True,"{'id': '158', 'title': 'Alaves', 'short_title': 'ALA'}","{'id': '140', 'title': 'Real Sociedad', 'short_title': 'SOC'}","{'h': '0', 'a': '0'}","{'h': '0.249462', 'a': '1.39953'}",2020-12-06 20:00:00,"{'w': '0.0419', 'd': '0.2115', 'l': '0.7466'}",2020
14894,True,"{'id': '156', 'title': 'Eibar', 'short_title': 'EIB'}","{'id': '146', 'title': 'Valencia', 'short_title': 'VAL'}","{'h': '0', 'a': '0'}","{'h': '1.09317', 'a': '0.648196'}",2020-12-07 20:00:00,"{'w': '0.4626', 'd': '0.317', 'l': '0.2204'}",2020
14896,True,"{'id': '231', 'title': 'Real Valladolid', 'short_title': 'VAL'}","{'id': '157', 'title': 'Osasuna', 'short_title': 'OSA'}","{'h': '3', 'a': '2'}","{'h': '1.87748', 'a': '1.33403'}",2020-12-11 20:00:00,"{'w': '0.5138', 'd': '0.253', 'l': '0.2332'}",2020
14895,True,"{'id': '146', 'title': 'Valencia', 'short_title': 'VAL'}","{'id': '147', 'title': 'Athletic Club', 'short_title': 'ATH'}","{'h': '2', 'a': '2'}","{'h': '2.17259', 'a': '1.73307'}",2020-12-12 13:00:00,"{'w': '0.4706', 'd': '0.2843', 'l': '0.2451'}",2020
14901,True,"{'id': '142', 'title': 'Getafe', 'short_title': 'GET'}","{'id': '138', 'title': 'Sevilla', 'short_title': 'SEV'}","{'h': '0', 'a': '1'}","{'h': '0.374252', 'a': '0.507527'}",2020-12-12 15:15:00,"{'w': '0.2033', 'd': '0.5008', 'l': '0.2959'}",2020
14902,True,"{'id': '232', 'title': 'SD Huesca', 'short_title': 'HUE'}","{'id': '158', 'title': 'Alaves', 'short_title': 'ALA'}","{'h': '1', 'a': '0'}","{'h': '0.380766', 'a': '0.171439'}",2020-12-12 17:30:00,"{'w': '0.2743', 'd': '0.61', 'l': '0.1157'}",2020
14903,True,"{'id': '150', 'title': 'Real Madrid', 'short_title': 'RMA'}","{'id': '143', 'title': 'Atletico Madrid', 'short_title': 'ATL'}","{'h': '2', 'a': '0'}","{'h': '0.6517', 'a': '0.784775'}",2020-12-12 20:00:00,"{'w': '0.2526', 'd': '0.3694', 'l': '0.378'}",2020
14904,True,"{'id': '140', 'title': 'Real Sociedad', 'short_title': 'SOC'}","{'id': '156', 'title': 'Eibar', 'short_title': 'EIB'}","{'h': '1', 'a': '1'}","{'h': '1.33912', 'a': '1.55401'}",2020-12-13 13:00:00,"{'w': '0.2901', 'd': '0.2944', 'l': '0.4155'}",2020
14899,True,"{'id': '153', 'title': 'Real Betis', 'short_title': 'BET'}","{'id': '154', 'title': 'Villarreal', 'short_title': 'VIL'}","{'h': '1', 'a': '1'}","{'h': '0.475008', 'a': '1.10577'}",2020-12-13 15:15:00,"{'w': '0.1364', 'd': '0.3178', 'l': '0.5458'}",2020
14897,True,"{'id': '207', 'title': 'Elche', 'short_title': 'ELC'}","{'id': '155', 'title': 'Granada', 'short_title': 'GRA'}","{'h': '0', 'a': '1'}","{'h': '0.534289', 'a': '1.40539'}",2020-12-13 17:30:00,"{'w': '0.1189', 'd': '0.2605', 'l': '0.6206'}",2020
14898,True,"{'id': '148', 'title': 'Barcelona', 'short_title': 'BAR'}","{'id': '151', 'title': 'Levante', 'short_title': 'LEV'}","{'h': '1', 'a': '0'}","{'h': '2.62077', 'a': '0.97888'}",2020-12-13 20:00:00,"{'w': '0.7777', 'd': '0.1608', 'l': '0.0615'}",2020
14900,True,"{'id': '152', 'title': 'Celta Vigo', 'short_title': 'CEL'}","{'id': '261', 'title': 'Cadiz', 'short_title': 'CAD'}","{'h': '4', 'a': '0'}","{'h': '1.51712', 'a': '0.906249'}",2020-12-14 20:00:00,"{'w': '0.5452', 'd': '0.2792', 'l': '0.1756'}",2020
14906,True,"{'id': '150', 'title': 'Real Madrid', 'short_title': 'RMA'}","{'id': '147', 'title': 'Athletic Club', 'short_title': 'ATH'}","{'h': '3', 'a': '1'}","{'h': '2.58032', 'a': '0.728304'}",2020-12-15 21:00:00,"{'w': '0.8239', 'd': '0.1209', 'l': '0.0552'}",2020
14905,True,"{'id': '148', 'title': 'Barcelona', 'short_title': 'BAR'}","{'id': '140', 'title': 'Real Sociedad', 'short_title': 'SOC'}","{'h': '2', 'a': '1'}","{'h': '2.58133', 'a': '1.82452'}",2020-12-16 20:00:00,"{'w': '0.5659', 'd': '0.2471', 'l': '0.187'}",2020
14907,True,"{'id': '147', 'title': 'Athletic Club', 'short_title': 'ATH'}","{'id': '232', 'title': 'SD Huesca', 'short_title': 'HUE'}","{'h': '2', 'a': '0'}","{'h': '1.51945', 'a': '0.182818'}",2020-12-18 20:00:00,"{'w': '0.8245', 'd': '0.1533', 'l': '0.0222'}",2020
14908,True,"{'id': '143', 'title': 'Atletico Madrid', 'short_title': 'ATL'}","{'id': '207', 'title': 'Elche', 'short_title': 'ELC'}","{'h': '3', 'a': '1'}","{'h': '2.10005', 'a': '0.522281'}",2020-12-19 13:00:00,"{'w': '0.8218', 'd': '0.1452', 'l': '0.033'}",2020
14909,True,"{'id': '148', 'title': 'Barcelona', 'short_title': 'BAR'}","{'id': '146', 'title': 'Valencia', 'short_title': 'VAL'}","{'h': '2', 'a': '2'}","{'h': '3.2847', 'a': '1.97181'}",2020-12-19 15:15:00,"{'w': '0.6908', 'd': '0.1777', 'l': '0.1315'}",2020
14914,True,"{'id': '151', 'title': 'Levante', 'short_title': 'LEV'}","{'id': '140', 'title': 'Real Sociedad', 'short_title': 'SOC'}","{'h': '2', 'a': '1'}","{'h': '1.52776', 'a': '2.1027'}",2020-12-19 17:30:00,"{'w': '0.2393', 'd': '0.253', 'l': '0.5077'}",2020
14915,True,"{'id': '157', 'title': 'Osasuna', 'short_title': 'OSA'}","{'id': '154', 'title': 'Villarreal', 'short_title': 'VIL'}","{'h': '1', 'a': '3'}","{'h': '0.925068', 'a': '2.79417'}",2020-12-19 17:30:00,"{'w': '0.038', 'd': '0.1265', 'l': '0.8355'}",2020
14916,True,"{'id': '138', 'title': 'Sevilla', 'short_title': 'SEV'}","{'id': '231', 'title': 'Real Valladolid', 'short_title': 'VAL'}","{'h': '1', 'a': '1'}","{'h': '1.73966', 'a': '0.878614'}",2020-12-19 20:00:00,"{'w': '0.6102', 'd': '0.2531', 'l': '0.1367'}",2020
14910,True,"{'id': '152', 'title': 'Celta Vigo', 'short_title': 'CEL'}","{'id': '158', 'title': 'Alaves', 'short_title': 'ALA'}","{'h': '2', 'a': '0'}","{'h': '1.62567', 'a': '0.404844'}",2020-12-20 13:00:00,"{'w': '0.7262', 'd': '0.2071', 'l': '0.0667'}",2020
14913,True,"{'id': '155', 'title': 'Granada', 'short_title': 'GRA'}","{'id': '153', 'title': 'Real Betis', 'short_title': 'BET'}","{'h': '2', 'a': '0'}","{'h': '1.38241', 'a': '1.04957'}",2020-12-20 15:15:00,"{'w': '0.4497', 'd': '0.3121', 'l': '0.2382'}",2020
14912,True,"{'id': '261', 'title': 'Cadiz', 'short_title': 'CAD'}","{'id': '142', 'title': 'Getafe', 'short_title': 'GET'}","{'h': '0', 'a': '2'}","{'h': '0.356498', 'a': '1.10435'}",2020-12-20 17:30:00,"{'w': '0.0696', 'd': '0.2773', 'l': '0.6531'}",2020
14911,True,"{'id': '156', 'title': 'Eibar', 'short_title': 'EIB'}","{'id': '150', 'title': 'Real Madrid', 'short_title': 'RMA'}","{'h': '1', 'a': '3'}","{'h': '0.642099', 'a': '2.35916'}",2020-12-20 20:00:00,"{'w': '0.0546', 'd': '0.1386', 'l': '0.8068'}",2020
14922,True,"{'id': '207', 'title': 'Elche', 'short_title': 'ELC'}","{'id': '157', 'title': 'Osasuna', 'short_title': 'OSA'}","{'h': '2', 'a': '2'}","{'h': '1.25398', 'a': '1.69506'}",2020-12-22 16:30:00,"{'w': '0.2545', 'd': '0.2745', 'l': '0.471'}",2020
14925,True,"{'id': '146', 'title': 'Valencia', 'short_title': 'VAL'}","{'id': '138', 'title': 'Sevilla', 'short_title': 'SEV'}","{'h': '0', 'a': '1'}","{'h': '0.559111', 'a': '1.85011'}",2020-12-22 16:30:00,"{'w': '0.0643', 'd': '0.1793', 'l': '0.7564'}",2020
14920,True,"{'id': '232', 'title': 'SD Huesca', 'short_title': 'HUE'}","{'id': '151', 'title': 'Levante', 'short_title': 'LEV'}","{'h': '1', 'a': '1'}","{'h': '1.36969', 'a': '0.581363'}",2020-12-22 18:45:00,"{'w': '0.6128', 'd': '0.2696', 'l': '0.1176'}",2020
14926,True,"{'id': '140', 'title': 'Real Sociedad', 'short_title': 'SOC'}","{'id': '143', 'title': 'Atletico Madrid', 'short_title': 'ATL'}","{'h': '0', 'a': '2'}","{'h': '0.230082', 'a': '0.546595'}",2020-12-22 18:45:00,"{'w': '0.1227', 'd': '0.5088', 'l': '0.3685'}",2020
14923,True,"{'id': '154', 'title': 'Villarreal', 'short_title': 'VIL'}","{'id': '147', 'title': 'Athletic Club', 'short_title': 'ATH'}","{'h': '1', 'a': '1'}","{'h': '1.32193', 'a': '0.910796'}",2020-12-22 21:00:00,"{'w': '0.4619', 'd': '0.2917', 'l': '0.2464'}",2020
14924,True,"{'id': '231', 'title': 'Real Valladolid', 'short_title': 'VAL'}","{'id': '148', 'title': 'Barcelona', 'short_title': 'BAR'}","{'h': '0', 'a': '3'}","{'h': '0.499141', 'a': '3.23865'}",2020-12-22 21:00:00,"{'w': '0.0195', 'd': '0.0633', 'l': '0.9172'}",2020
14919,True,"{'id': '142', 'title': 'Getafe', 'short_title': 'GET'}","{'id': '152', 'title': 'Celta Vigo', 'short_title': 'CEL'}","{'h': '1', 'a': '1'}","{'h': '0.265652', 'a': '0.767168'}",2020-12-23 16:30:00,"{'w': '0.0797', 'd': '0.3472', 'l': '0.5731'}",2020
14921,True,"{'id': '150', 'title': 'Real Madrid', 'short_title': 'RMA'}","{'id': '155', 'title': 'Granada', 'short_title': 'GRA'}","{'h': '2', 'a': '0'}","{'h': '2.04414', 'a': '0.79963'}",2020-12-23 18:45:00,"{'w': '0.6966', 'd': '0.2003', 'l': '0.1031'}",2020
14917,True,"{'id': '158', 'title': 'Alaves', 'short_title': 'ALA'}","{'id': '156', 'title': 'Eibar', 'short_title': 'EIB'}","{'h': '2', 'a': '1'}","{'h': '1.88686', 'a': '0.786669'}",2020-12-23 21:00:00,"{'w': '0.672', 'd': '0.2144', 'l': '0.1136'}",2020
14918,True,"{'id': '153', 'title': 'Real Betis', 'short_title': 'BET'}","{'id': '261', 'title': 'Cadiz', 'short_title': 'CAD'}","{'h': '1', 'a': '0'}","{'h': '0.342496', 'a': '0.282205'}",2020-12-23 21:00:00,"{'w': '0.2332', 'd': '0.5767', 'l': '0.1901'}",2020
14928,True,"{'id': '148', 'title': 'Barcelona', 'short_title': 'BAR'}","{'id': '156', 'title': 'Eibar', 'short_title': 'EIB'}","{'h': '1', 'a': '1'}","{'h': '2.05695', 'a': '0.592271'}",2020-12-29 18:00:00,"{'w': '0.7671', 'd': '0.1717', 'l': '0.0612'}",2020
14935,True,"{'id': '138', 'title': 'Sevilla', 'short_title': 'SEV'}","{'id': '154', 'title': 'Villarreal', 'short_title': 'VIL'}","{'h': '2', 'a': '0'}","{'h': '2.7317', 'a': '0.346419'}",2020-12-29 18:00:00,"{'w': '0.9446', 'd': '0.0473', 'l': '0.0081'}",2020
14930,True,"{'id': '151', 'title': 'Levante', 'short_title': 'LEV'}","{'id': '153', 'title': 'Real Betis', 'short_title': 'BET'}","{'h': '4', 'a': '3'}","{'h': '1.67536', 'a': '2.63943'}",2020-12-29 20:30:00,"{'w': '0.1628', 'd': '0.217', 'l': '0.6202'}",2020
14932,True,"{'id': '261', 'title': 'Cadiz', 'short_title': 'CAD'}","{'id': '231', 'title': 'Real Valladolid', 'short_title': 'VAL'}","{'h': '0', 'a': '0'}","{'h': '0.786846', 'a': '0.299749'}",2020-12-29 20:30:00,"{'w': '0.4695', 'd': '0.409', 'l': '0.1215'}",2020
14931,True,"{'id': '155', 'title': 'Granada', 'short_title': 'GRA'}","{'id': '146', 'title': 'Valencia', 'short_title': 'VAL'}","{'h': '2', 'a': '1'}","{'h': '2.23615', 'a': '1.27314'}",2020-12-30 16:00:00,"{'w': '0.6112', 'd': '0.2132', 'l': '0.1756'}",2020
14929,True,"{'id': '143', 'title': 'Atletico Madrid', 'short_title': 'ATL'}","{'id': '142', 'title': 'Getafe', 'short_title': 'GET'}","{'h': '1', 'a': '0'}","{'h': '0.919165', 'a': '0.941238'}",2020-12-30 18:15:00,"{'w': '0.3198', 'd': '0.3354', 'l': '0.3448'}",2020
14933,True,"{'id': '152', 'title': 'Celta Vigo', 'short_title': 'CEL'}","{'id': '232', 'title': 'SD Huesca', 'short_title': 'HUE'}","{'h': '2', 'a': '1'}","{'h': '2.85208', 'a': '1.0513'}",2020-12-30 18:15:00,"{'w': '0.7814', 'd': '0.1405', 'l': '0.0781'}",2020
14934,True,"{'id': '207', 'title': 'Elche', 'short_title': 'ELC'}","{'id': '150', 'title': 'Real Madrid', 'short_title': 'RMA'}","{'h': '1', 'a': '1'}","{'h': '1.02416', 'a': '1.55495'}",2020-12-30 20:30:00,"{'w': '0.1899', 'd': '0.3097', 'l': '0.5004'}",2020
14927,True,"{'id': '147', 'title': 'Athletic Club', 'short_title': 'ATH'}","{'id': '140', 'title': 'Real Sociedad', 'short_title': 'SOC'}","{'h': '0', 'a': '1'}","{'h': '0.172341', 'a': '1.84296'}",2020-12-31 13:00:00,"{'w': '0.0131', 'd': '0.1059', 'l': '0.881'}",2020
14936,True,"{'id': '157', 'title': 'Osasuna', 'short_title': 'OSA'}","{'id': '158', 'title': 'Alaves', 'short_title': 'ALA'}","{'h': '1', 'a': '1'}","{'h': '0.318257', 'a': '1.35028'}",2020-12-31 15:15:00,"{'w': '0.0586', 'd': '0.23', 'l': '0.7114'}",2020
14946,True,"{'id': '154', 'title': 'Villarreal', 'short_title': 'VIL'}","{'id': '151', 'title': 'Levante', 'short_title': 'LEV'}","{'h': '2', 'a': '1'}","{'h': '1.72781', 'a': '0.554357'}",2021-01-02 13:00:00,"{'w': '0.7193', 'd': '0.1947', 'l': '0.086'}",2020
14939,True,"{'id': '153', 'title': 'Real Betis', 'short_title': 'BET'}","{'id': '138', 'title': 'Sevilla', 'short_title': 'SEV'}","{'h': '1', 'a': '1'}","{'h': '2.03775', 'a': '0.248156'}",2021-01-02 15:15:00,"{'w': '0.9049', 'd': '0.0807', 'l': '0.0144'}",2020
14941,True,"{'id': '142', 'title': 'Getafe', 'short_title': 'GET'}","{'id': '231', 'title': 'Real Valladolid', 'short_title': 'VAL'}","{'h': '0', 'a': '1'}","{'h': '0.768671', 'a': '1.16924'}",2021-01-02 17:30:00,"{'w': '0.2083', 'd': '0.3216', 'l': '0.4701'}",2020
14943,True,"{'id': '150', 'title': 'Real Madrid', 'short_title': 'RMA'}","{'id': '152', 'title': 'Celta Vigo', 'short_title': 'CEL'}","{'h': '2', 'a': '0'}","{'h': '1.24672', 'a': '0.564784'}",2021-01-02 20:00:00,"{'w': '0.5599', 'd': '0.2993', 'l': '0.1408'}",2020
14938,True,"{'id': '147', 'title': 'Athletic Club', 'short_title': 'ATH'}","{'id': '207', 'title': 'Elche', 'short_title': 'ELC'}","{'h': '1', 'a': '0'}","{'h': '1.38777', 'a': '0.137448'}",2021-01-03 13:00:00,"{'w': '0.7632', 'd': '0.2107', 'l': '0.0261'}",2020
14937,True,"{'id': '158', 'title': 'Alaves', 'short_title': 'ALA'}","{'id': '143', 'title': 'Atletico Madrid', 'short_title': 'ATL'}","{'h': '1', 'a': '2'}","{'h': '0.154899', 'a': '2.31899'}",2021-01-03 15:15:00,"{'w': '0.0028', 'd': '0.0363', 'l': '0.9609'}",2020
14940,True,"{'id': '156', 'title': 'Eibar', 'short_title': 'EIB'}","{'id': '155', 'title': 'Granada', 'short_title': 'GRA'}","{'h': '2', 'a': '0'}","{'h': '1.84192', 'a': '0.917602'}",2021-01-03 17:30:00,"{'w': '0.6394', 'd': '0.2439', 'l': '0.1167'}",2020
14944,True,"{'id': '140', 'title': 'Real Sociedad', 'short_title': 'SOC'}","{'id': '157', 'title': 'Osasuna', 'short_title': 'OSA'}","{'h': '1', 'a': '1'}","{'h': '0.78536', 'a': '0.609915'}",2021-01-03 17:30:00,"{'w': '0.3758', 'd': '0.4058', 'l': '0.2184'}",2020
14942,True,"{'id': '232', 'title': 'SD Huesca', 'short_title': 'HUE'}","{'id': '148', 'title': 'Barcelona', 'short_title': 'BAR'}","{'h': '0', 'a': '1'}","{'h': '0.259005', 'a': '3.21201'}",2021-01-03 20:00:00,"{'w': '0.0052', 'd': '0.0332', 'l': '0.9616'}",2020
14945,True,"{'id': '146', 'title': 'Valencia', 'short_title': 'VAL'}","{'id': '261', 'title': 'Cadiz', 'short_title': 'CAD'}","{'h': '1', 'a': '1'}","{'h': '0.942061', 'a': '0.522228'}",2021-01-04 20:00:00,"{'w': '0.4648', 'd': '0.3557', 'l': '0.1795'}",2020
14947,True,"{'id': '147', 'title': 'Athletic Club', 'short_title': 'ATH'}","{'id': '148', 'title': 'Barcelona', 'short_title': 'BAR'}","{'h': '2', 'a': '3'}","{'h': '0.638117', 'a': '1.39939'}",2021-01-06 20:00:00,"{'w': '0.1559', 'd': '0.2724', 'l': '0.5717'}",2020
14949,True,"{'id': '152', 'title': 'Celta Vigo', 'short_title': 'CEL'}","{'id': '154', 'title': 'Villarreal', 'short_title': 'VIL'}","{'h': '0', 'a': '4'}","{'h': '0.363035', 'a': '2.88163'}",2021-01-08 20:00:00,"{'w': '0.0134', 'd': '0.0566', 'l': '0.93'}",2020
14955,True,"{'id': '138', 'title': 'Sevilla', 'short_title': 'SEV'}","{'id': '140', 'title': 'Real Sociedad', 'short_title': 'SOC'}","{'h': '3', 'a': '2'}","{'h': '2.9243', 'a': '1.05731'}",2021-01-09 13:00:00,"{'w': '0.8046', 'd': '0.1291', 'l': '0.0663'}",2020
14951,True,"{'id': '155', 'title': 'Granada', 'short_title': 'GRA'}","{'id': '148', 'title': 'Barcelona', 'short_title': 'BAR'}","{'h': '0', 'a': '4'}","{'h': '0.490441', 'a': '1.64578'}",2021-01-09 17:30:00,"{'w': '0.0886', 'd': '0.2276', 'l': '0.6838'}",2020
14954,True,"{'id': '157', 'title': 'Osasuna', 'short_title': 'OSA'}","{'id': '150', 'title': 'Real Madrid', 'short_title': 'RMA'}","{'h': '0', 'a': '0'}","{'h': '0.589148', 'a': '0.42235'}",2021-01-09 20:00:00,"{'w': '0.3411', 'd': '0.449', 'l': '0.2099'}",2020
14953,True,"{'id': '151', 'title': 'Levante', 'short_title': 'LEV'}","{'id': '156', 'title': 'Eibar', 'short_title': 'EIB'}","{'h': '2', 'a': '1'}","{'h': '0.857988', 'a': '1.34206'}",2021-01-10 13:00:00,"{'w': '0.2067', 'd': '0.3062', 'l': '0.4871'}",2020
14950,True,"{'id': '261', 'title': 'Cadiz', 'short_title': 'CAD'}","{'id': '158', 'title': 'Alaves', 'short_title': 'ALA'}","{'h': '3', 'a': '1'}","{'h': '2.59473', 'a': '0.829834'}",2021-01-10 15:15:00,"{'w': '0.8523', 'd': '0.1235', 'l': '0.0242'}",2020
14956,True,"{'id': '231', 'title': 'Real Valladolid', 'short_title': 'VAL'}","{'id': '146', 'title': 'Valencia', 'short_title': 'VAL'}","{'h': '0', 'a': '1'}","{'h': '0.562807', 'a': '1.09369'}",2021-01-10 20:00:00,"{'w': '0.1764', 'd': '0.3216', 'l': '0.502'}",2020
14957,True,"{'id': '207', 'title': 'Elche', 'short_title': 'ELC'}","{'id': '142', 'title': 'Getafe', 'short_title': 'GET'}","{'h': '1', 'a': '3'}","{'h': '1.21278', 'a': '3.17089'}",2021-01-11 18:00:00,"{'w': '0.0472', 'd': '0.1124', 'l': '0.8404'}",2020
14952,True,"{'id': '232', 'title': 'SD Huesca', 'short_title': 'HUE'}","{'id': '153', 'title': 'Real Betis', 'short_title': 'BET'}","{'h': '0', 'a': '2'}","{'h': '1.15245', 'a': '2.98435'}",2021-01-11 20:00:00,"{'w': '0.0641', 'd': '0.1332', 'l': '0.8027'}",2020
14958,True,"{'id': '155', 'title': 'Granada', 'short_title': 'GRA'}","{'id': '157', 'title': 'Osasuna', 'short_title': 'OSA'}","{'h': '2', 'a': '0'}","{'h': '0.831007', 'a': '0.624174'}",2021-01-12 18:00:00,"{'w': '0.3873', 'd': '0.3761', 'l': '0.2366'}",2020
14959,True,"{'id': '143', 'title': 'Atletico Madrid', 'short_title': 'ATL'}","{'id': '138', 'title': 'Sevilla', 'short_title': 'SEV'}","{'h': '2', 'a': '0'}","{'h': '0.577443', 'a': '1.19957'}",2021-01-12 20:30:00,"{'w': '0.146', 'd': '0.3119', 'l': '0.5421'}",2020
14964,True,"{'id': '261', 'title': 'Cadiz', 'short_title': 'CAD'}","{'id': '151', 'title': 'Levante', 'short_title': 'LEV'}","{'h': '2', 'a': '2'}","{'h': '0.725743', 'a': '2.00702'}",2021-01-19 18:00:00,"{'w': '0.0661', 'd': '0.1926', 'l': '0.7413'}",2020
14966,True,"{'id': '231', 'title': 'Real Valladolid', 'short_title': 'VAL'}","{'id': '207', 'title': 'Elche', 'short_title': 'ELC'}","{'h': '2', 'a': '2'}","{'h': '1.02082', 'a': '0.575886'}",2021-01-19 18:00:00,"{'w': '0.4713', 'd': '0.3408', 'l': '0.1879'}",2020
14960,True,"{'id': '158', 'title': 'Alaves', 'short_title': 'ALA'}","{'id': '138', 'title': 'Sevilla', 'short_title': 'SEV'}","{'h': '1', 'a': '2'}","{'h': '1.40643', 'a': '1.03209'}",2021-01-19 20:30:00,"{'w': '0.4253', 'd': '0.3763', 'l': '0.1984'}",2020
14963,True,"{'id': '142', 'title': 'Getafe', 'short_title': 'GET'}","{'id': '232', 'title': 'SD Huesca', 'short_title': 'HUE'}","{'h': '1', 'a': '0'}","{'h': '0.656624', 'a': '0.712964'}",2021-01-20 18:00:00,"{'w': '0.2915', 'd': '0.382', 'l': '0.3265'}",2020
14961,True,"{'id': '153', 'title': 'Real Betis', 'short_title': 'BET'}","{'id': '152', 'title': 'Celta Vigo', 'short_title': 'CEL'}","{'h': '2', 'a': '1'}","{'h': '0.646493', 'a': '0.966752'}",2021-01-20 20:00:00,"{'w': '0.2214', 'd': '0.3544', 'l': '0.4242'}",2020
14967,True,"{'id': '154', 'title': 'Villarreal', 'short_title': 'VIL'}","{'id': '155', 'title': 'Granada', 'short_title': 'GRA'}","{'h': '2', 'a': '2'}","{'h': '2.15885', 'a': '0.135256'}",2021-01-20 20:30:00,"{'w': '0.9392', 'd': '0.0555', 'l': '0.0053'}",2020
14965,True,"{'id': '146', 'title': 'Valencia', 'short_title': 'VAL'}","{'id': '157', 'title': 'Osasuna', 'short_title': 'OSA'}","{'h': '1', 'a': '1'}","{'h': '0.439791', 'a': '1.63527'}",2021-01-21 18:00:00,"{'w': '0.0673', 'd': '0.1947', 'l': '0.738'}",2020
14962,True,"{'id': '156', 'title': 'Eibar', 'short_title': 'EIB'}","{'id': '143', 'title': 'Atletico Madrid', 'short_title': 'ATL'}","{'h': '1', 'a': '2'}","{'h': '1.27041', 'a': '1.23064'}",2021-01-21 20:30:00,"{'w': '0.3248', 'd': '0.369', 'l': '0.3062'}",2020
14976,True,"{'id': '151', 'title': 'Levante', 'short_title': 'LEV'}","{'id': '231', 'title': 'Real Valladolid', 'short_title': 'VAL'}","{'h': '2', 'a': '2'}","{'h': '1.04736', 'a': '0.631096'}",2021-01-22 20:00:00,"{'w': '0.4562', 'd': '0.3412', 'l': '0.2026'}",2020
14975,True,"{'id': '232', 'title': 'SD Huesca', 'short_title': 'HUE'}","{'id': '154', 'title': 'Villarreal', 'short_title': 'VIL'}","{'h': '0', 'a': '0'}","{'h': '0.177253', 'a': '0.484831'}",2021-01-23 13:00:00,"{'w': '0.0978', 'd': '0.5459', 'l': '0.3563'}",2020
14971,True,"{'id': '138', 'title': 'Sevilla', 'short_title': 'SEV'}","{'id': '261', 'title': 'Cadiz', 'short_title': 'CAD'}","{'h': '3', 'a': '0'}","{'h': '2.51675', 'a': '1.16695'}",2021-01-23 15:15:00,"{'w': '0.7082', 'd': '0.1794', 'l': '0.1124'}",2020
14970,True,"{'id': '140', 'title': 'Real Sociedad', 'short_title': 'SOC'}","{'id': '153', 'title': 'Real Betis', 'short_title': 'BET'}","{'h': '2', 'a': '2'}","{'h': '2.24597', 'a': '0.638534'}",2021-01-23 17:30:00,"{'w': '0.7965', 'd': '0.1526', 'l': '0.0509'}",2020
14968,True,"{'id': '158', 'title': 'Alaves', 'short_title': 'ALA'}","{'id': '150', 'title': 'Real Madrid', 'short_title': 'RMA'}","{'h': '1', 'a': '4'}","{'h': '0.762571', 'a': '1.42254'}",2021-01-23 20:00:00,"{'w': '0.1605', 'd': '0.2786', 'l': '0.5609'}",2020
14977,True,"{'id': '157', 'title': 'Osasuna', 'short_title': 'OSA'}","{'id': '155', 'title': 'Granada', 'short_title': 'GRA'}","{'h': '3', 'a': '1'}","{'h': '1.88102', 'a': '0.592689'}",2021-01-24 13:00:00,"{'w': '0.7385', 'd': '0.1901', 'l': '0.0714'}",2020
14972,True,"{'id': '207', 'title': 'Elche', 'short_title': 'ELC'}","{'id': '148', 'title': 'Barcelona', 'short_title': 'BAR'}","{'h': '0', 'a': '2'}","{'h': '0.477298', 'a': '3.12144'}",2021-01-24 15:15:00,"{'w': '0.0043', 'd': '0.0348', 'l': '0.9609'}",2020
14974,True,"{'id': '152', 'title': 'Celta Vigo', 'short_title': 'CEL'}","{'id': '156', 'title': 'Eibar', 'short_title': 'EIB'}","{'h': '1', 'a': '1'}","{'h': '1.53045', 'a': '0.591142'}",2021-01-24 17:30:00,"{'w': '0.6461', 'd': '0.2445', 'l': '0.1094'}",2020
14973,True,"{'id': '143', 'title': 'Atletico Madrid', 'short_title': 'ATL'}","{'id': '146', 'title': 'Valencia', 'short_title': 'VAL'}","{'h': '3', 'a': '1'}","{'h': '2.05311', 'a': '0.250249'}",2021-01-24 20:00:00,"{'w': '0.8531', 'd': '0.122', 'l': '0.0249'}",2020
14969,True,"{'id': '147', 'title': 'Athletic Club', 'short_title': 'ATH'}","{'id': '142', 'title': 'Getafe', 'short_title': 'GET'}","{'h': '5', 'a': '1'}","{'h': '1.87633', 'a': '1.29166'}",2021-01-25 20:00:00,"{'w': '0.5129', 'd': '0.2803', 'l': '0.2068'}",2020
14986,True,"{'id': '231', 'title': 'Real Valladolid', 'short_title': 'VAL'}","{'id': '232', 'title': 'SD Huesca', 'short_title': 'HUE'}","{'h': '1', 'a': '3'}","{'h': '1.74924', 'a': '1.18337'}",2021-01-29 20:00:00,"{'w': '0.5073', 'd': '0.2667', 'l': '0.226'}",2020
14980,True,"{'id': '156', 'title': 'Eibar', 'short_title': 'EIB'}","{'id': '138', 'title': 'Sevilla', 'short_title': 'SEV'}","{'h': '0', 'a': '2'}","{'h': '1.02238', 'a': '1.66557'}",2021-01-30 13:00:00,"{'w': '0.1693', 'd': '0.2603', 'l': '0.5704'}",2020
14984,True,"{'id': '150', 'title': 'Real Madrid', 'short_title': 'RMA'}","{'id': '151', 'title': 'Levante', 'short_title': 'LEV'}","{'h': '1', 'a': '2'}","{'h': '1.23555', 'a': '1.82881'}",2021-01-30 15:15:00,"{'w': '0.2125', 'd': '0.2762', 'l': '0.5113'}",2020
14985,True,"{'id': '146', 'title': 'Valencia', 'short_title': 'VAL'}","{'id': '207', 'title': 'Elche', 'short_title': 'ELC'}","{'h': '1', 'a': '0'}","{'h': '3.00838', 'a': '0.328905'}",2021-01-30 17:30:00,"{'w': '0.9587', 'd': '0.0334', 'l': '0.0079'}",2020
14987,True,"{'id': '154', 'title': 'Villarreal', 'short_title': 'VIL'}","{'id': '140', 'title': 'Real Sociedad', 'short_title': 'SOC'}","{'h': '1', 'a': '1'}","{'h': '0.232475', 'a': '1.16681'}",2021-01-30 20:00:00,"{'w': '0.0574', 'd': '0.2548', 'l': '0.6878'}",2020
14981,True,"{'id': '142', 'title': 'Getafe', 'short_title': 'GET'}","{'id': '158', 'title': 'Alaves', 'short_title': 'ALA'}","{'h': '0', 'a': '0'}","{'h': '0.530765', 'a': '0.20139'}",2021-01-31 13:00:00,"{'w': '0.3841', 'd': '0.5104', 'l': '0.1055'}",2020
14982,True,"{'id': '261', 'title': 'Cadiz', 'short_title': 'CAD'}","{'id': '143', 'title': 'Atletico Madrid', 'short_title': 'ATL'}","{'h': '2', 'a': '4'}","{'h': '0.861261', 'a': '1.79542'}",2021-01-31 15:15:00,"{'w': '0.131', 'd': '0.2295', 'l': '0.6395'}",2020
14983,True,"{'id': '155', 'title': 'Granada', 'short_title': 'GRA'}","{'id': '152', 'title': 'Celta Vigo', 'short_title': 'CEL'}","{'h': '0', 'a': '0'}","{'h': '0.3242', 'a': '0.339262'}",2021-01-31 17:30:00,"{'w': '0.204', 'd': '0.5738', 'l': '0.2222'}",2020
14978,True,"{'id': '148', 'title': 'Barcelona', 'short_title': 'BAR'}","{'id': '147', 'title': 'Athletic Club', 'short_title': 'ATH'}","{'h': '2', 'a': '1'}","{'h': '2.53148', 'a': '0.275356'}",2021-01-31 20:00:00,"{'w': '0.9168', 'd': '0.0697', 'l': '0.0135'}",2020
14979,True,"{'id': '153', 'title': 'Real Betis', 'short_title': 'BET'}","{'id': '157', 'title': 'Osasuna', 'short_title': 'OSA'}","{'h': '1', 'a': '0'}","{'h': '1.9333', 'a': '1.38521'}",2021-02-01 20:00:00,"{'w': '0.522', 'd': '0.2448', 'l': '0.2332'}",2020
14988,True,"{'id': '158', 'title': 'Alaves', 'short_title': 'ALA'}","{'id': '231', 'title': 'Real Valladolid', 'short_title': 'VAL'}","{'h': '1', 'a': '0'}","{'h': '1.60639', 'a': '0.0534012'}",2021-02-05 20:00:00,"{'w': '0.8269', 'd': '0.164', 'l': '0.0091'}",2020
14993,True,"{'id': '151', 'title': 'Levante', 'short_title': 'LEV'}","{'id': '155', 'title': 'Granada', 'short_title': 'GRA'}","{'h': '2', 'a': '2'}","{'h': '1.52404', 'a': '1.26925'}",2021-02-06 13:00:00,"{'w': '0.4178', 'd': '0.2857', 'l': '0.2965'}",2020
14992,True,"{'id': '232', 'title': 'SD Huesca', 'short_title': 'HUE'}","{'id': '150', 'title': 'Real Madrid', 'short_title': 'RMA'}","{'h': '1', 'a': '2'}","{'h': '0.920971', 'a': '3.53921'}",2021-02-06 15:15:00,"{'w': '0.017', 'd': '0.0531', 'l': '0.9299'}",2020
14997,True,"{'id': '207', 'title': 'Elche', 'short_title': 'ELC'}","{'id': '154', 'title': 'Villarreal', 'short_title': 'VIL'}","{'h': '2', 'a': '2'}","{'h': '1.13518', 'a': '1.51126'}",2021-02-06 17:30:00,"{'w': '0.2281', 'd': '0.312', 'l': '0.4599'}",2020
14996,True,"{'id': '138', 'title': 'Sevilla', 'short_title': 'SEV'}","{'id': '142', 'title': 'Getafe', 'short_title': 'GET'}","{'h': '3', 'a': '0'}","{'h': '2.03342', 'a': '0.209522'}",2021-02-06 20:00:00,"{'w': '0.8852', 'd': '0.0998', 'l': '0.015'}",2020
14995,True,"{'id': '140', 'title': 'Real Sociedad', 'short_title': 'SOC'}","{'id': '261', 'title': 'Cadiz', 'short_title': 'CAD'}","{'h': '4', 'a': '1'}","{'h': '4.7946', 'a': '0.354151'}",2021-02-07 13:00:00,"{'w': '0.998', 'd': '0.002', 'l': '0'}",2020
14989,True,"{'id': '147', 'title': 'Athletic Club', 'short_title': 'ATH'}","{'id': '146', 'title': 'Valencia', 'short_title': 'VAL'}","{'h': '1', 'a': '1'}","{'h': '1.34704', 'a': '0.841344'}",2021-02-07 15:15:00,"{'w': '0.5029', 'd': '0.2816', 'l': '0.2155'}",2020
14994,True,"{'id': '157', 'title': 'Osasuna', 'short_title': 'OSA'}","{'id': '156', 'title': 'Eibar', 'short_title': 'EIB'}","{'h': '2', 'a': '1'}","{'h': '2.62128', 'a': '1.07628'}",2021-02-07 17:30:00,"{'w': '0.7685', 'd': '0.1623', 'l': '0.0692'}",2020
14991,True,"{'id': '153', 'title': 'Real Betis', 'short_title': 'BET'}","{'id': '148', 'title': 'Barcelona', 'short_title': 'BAR'}","{'h': '2', 'a': '3'}","{'h': '1.87521', 'a': '1.33284'}",2021-02-07 20:00:00,"{'w': '0.5206', 'd': '0.2527', 'l': '0.2267'}",2020
14990,True,"{'id': '143', 'title': 'Atletico Madrid', 'short_title': 'ATL'}","{'id': '152', 'title': 'Celta Vigo', 'short_title': 'CEL'}","{'h': '2', 'a': '2'}","{'h': '1.22973', 'a': '1.71926'}",2021-02-08 20:00:00,"{'w': '0.1701', 'd': '0.3263', 'l': '0.5036'}",2020
14142,True,"{'id': '150', 'title': 'Real Madrid', 'short_title': 'RMA'}","{'id': '142', 'title': 'Getafe', 'short_title': 'GET'}","{'h': '2', 'a': '0'}","{'h': '1.86359', 'a': '0.0930356'}",2021-02-09 20:00:00,"{'w': '0.872', 'd': '0.1182', 'l': '0.0098'}",2020
14999,True,"{'id': '152', 'title': 'Celta Vigo', 'short_title': 'CEL'}","{'id': '207', 'title': 'Elche', 'short_title': 'ELC'}","{'h': '3', 'a': '1'}","{'h': '2.31967', 'a': '0.836576'}",2021-02-12 17:30:00,"{'w': '0.7675', 'd': '0.1666', 'l': '0.0659'}",2020
15003,True,"{'id': '155', 'title': 'Granada', 'short_title': 'GRA'}","{'id': '143', 'title': 'Atletico Madrid', 'short_title': 'ATL'}","{'h': '1', 'a': '2'}","{'h': '0.827088', 'a': '0.929672'}",2021-02-13 13:00:00,"{'w': '0.2988', 'd': '0.3565', 'l': '0.3447'}",2020
15006,True,"{'id': '138', 'title': 'Sevilla', 'short_title': 'SEV'}","{'id': '232', 'title': 'SD Huesca', 'short_title': 'HUE'}","{'h': '1', 'a': '0'}","{'h': '1.329', 'a': '1.39522'}",2021-02-13 15:15:00,"{'w': '0.3029', 'd': '0.3177', 'l': '0.3794'}",2020
15000,True,"{'id': '156', 'title': 'Eibar', 'short_title': 'EIB'}","{'id': '231', 'title': 'Real Valladolid', 'short_title': 'VAL'}","{'h': '1', 'a': '1'}","{'h': '1.92231', 'a': '0.968574'}",2021-02-13 17:30:00,"{'w': '0.6276', 'd': '0.2505', 'l': '0.1219'}",2020
14998,True,"{'id': '148', 'title': 'Barcelona', 'short_title': 'BAR'}","{'id': '158', 'title': 'Alaves', 'short_title': 'ALA'}","{'h': '5', 'a': '1'}","{'h': '2.86032', 'a': '0.710997'}",2021-02-13 20:00:00,"{'w': '0.8764', 'd': '0.0927', 'l': '0.0309'}",2020
15001,True,"{'id': '142', 'title': 'Getafe', 'short_title': 'GET'}","{'id': '140', 'title': 'Real Sociedad', 'short_title': 'SOC'}","{'h': '0', 'a': '1'}","{'h': '0.263007', 'a': '1.03317'}",2021-02-14 13:00:00,"{'w': '0.0255', 'd': '0.2286', 'l': '0.7459'}",2020
15005,True,"{'id': '150', 'title': 'Real Madrid', 'short_title': 'RMA'}","{'id': '146', 'title': 'Valencia', 'short_title': 'VAL'}","{'h': '2', 'a': '0'}","{'h': '0.862855', 'a': '0.0596554'}",2021-02-14 15:15:00,"{'w': '0.5606', 'd': '0.414', 'l': '0.0254'}",2020
15004,True,"{'id': '151', 'title': 'Levante', 'short_title': 'LEV'}","{'id': '157', 'title': 'Osasuna', 'short_title': 'OSA'}","{'h': '0', 'a': '1'}","{'h': '1.73006', 'a': '0.685142'}",2021-02-14 17:30:00,"{'w': '0.6941', 'd': '0.2105', 'l': '0.0954'}",2020
15007,True,"{'id': '154', 'title': 'Villarreal', 'short_title': 'VIL'}","{'id': '153', 'title': 'Real Betis', 'short_title': 'BET'}","{'h': '1', 'a': '2'}","{'h': '1.17957', 'a': '1.35008'}",2021-02-14 20:00:00,"{'w': '0.2991', 'd': '0.3257', 'l': '0.3752'}",2020
15002,True,"{'id': '261', 'title': 'Cadiz', 'short_title': 'CAD'}","{'id': '147', 'title': 'Athletic Club', 'short_title': 'ATH'}","{'h': '0', 'a': '4'}","{'h': '0.567254', 'a': '2.36113'}",2021-02-15 20:00:00,"{'w': '0.0479', 'd': '0.1295', 'l': '0.8226'}",2020
14149,True,"{'id': '151', 'title': 'Levante', 'short_title': 'LEV'}","{'id': '143', 'title': 'Atletico Madrid', 'short_title': 'ATL'}","{'h': '1', 'a': '1'}","{'h': '0.642423', 'a': '1.16962'}",2021-02-17 18:00:00,"{'w': '0.1754', 'd': '0.3179', 'l': '0.5067'}",2020
15011,True,"{'id': '153', 'title': 'Real Betis', 'short_title': 'BET'}","{'id': '142', 'title': 'Getafe', 'short_title': 'GET'}","{'h': '1', 'a': '0'}","{'h': '2.67474', 'a': '0.277079'}",2021-02-19 20:00:00,"{'w': '0.9591', 'd': '0.0362', 'l': '0.0047'}",2020
15017,True,"{'id': '207', 'title': 'Elche', 'short_title': 'ELC'}","{'id': '156', 'title': 'Eibar', 'short_title': 'EIB'}","{'h': '1', 'a': '0'}","{'h': '0.397175', 'a': '1.66898'}",2021-02-20 13:00:00,"{'w': '0.061', 'd': '0.1979', 'l': '0.7411'}",2020
15009,True,"{'id': '143', 'title': 'Atletico Madrid', 'short_title': 'ATL'}","{'id': '151', 'title': 'Levante', 'short_title': 'LEV'}","{'h': '0', 'a': '2'}","{'h': '2.06148', 'a': '0.767582'}",2021-02-20 15:15:00,"{'w': '0.6962', 'd': '0.1998', 'l': '0.104'}",2020
15015,True,"{'id': '146', 'title': 'Valencia', 'short_title': 'VAL'}","{'id': '152', 'title': 'Celta Vigo', 'short_title': 'CEL'}","{'h': '2', 'a': '0'}","{'h': '1.16675', 'a': '0.689216'}",2021-02-20 17:30:00,"{'w': '0.4852', 'd': '0.3358', 'l': '0.179'}",2020
15016,True,"{'id': '231', 'title': 'Real Valladolid', 'short_title': 'VAL'}","{'id': '150', 'title': 'Real Madrid', 'short_title': 'RMA'}","{'h': '0', 'a': '1'}","{'h': '0.909714', 'a': '1.30987'}",2021-02-20 20:00:00,"{'w': '0.2143', 'd': '0.3184', 'l': '0.4673'}",2020
15010,True,"{'id': '148', 'title': 'Barcelona', 'short_title': 'BAR'}","{'id': '261', 'title': 'Cadiz', 'short_title': 'CAD'}","{'h': '1', 'a': '1'}","{'h': '2.39005', 'a': '1.32905'}",2021-02-21 13:00:00,"{'w': '0.6477', 'd': '0.2328', 'l': '0.1195'}",2020
15014,True,"{'id': '140', 'title': 'Real Sociedad', 'short_title': 'SOC'}","{'id': '158', 'title': 'Alaves', 'short_title': 'ALA'}","{'h': '4', 'a': '0'}","{'h': '2.50353', 'a': '0.307378'}",2021-02-21 15:15:00,"{'w': '0.9149', 'd': '0.0707', 'l': '0.0144'}",2020
15012,True,"{'id': '232', 'title': 'SD Huesca', 'short_title': 'HUE'}","{'id': '155', 'title': 'Granada', 'short_title': 'GRA'}","{'h': '3', 'a': '2'}","{'h': '2.47156', 'a': '0.854609'}",2021-02-21 17:30:00,"{'w': '0.8169', 'd': '0.1394', 'l': '0.0437'}",2020
15008,True,"{'id': '147', 'title': 'Athletic Club', 'short_title': 'ATH'}","{'id': '154', 'title': 'Villarreal', 'short_title': 'VIL'}","{'h': '1', 'a': '1'}","{'h': '2.32222', 'a': '0.0679965'}",2021-02-21 20:00:00,"{'w': '0.9342', 'd': '0.062', 'l': '0.0038'}",2020
15013,True,"{'id': '157', 'title': 'Osasuna', 'short_title': 'OSA'}","{'id': '138', 'title': 'Sevilla', 'short_title': 'SEV'}","{'h': '0', 'a': '2'}","{'h': '0.457508', 'a': '1.05344'}",2021-02-22 20:00:00,"{'w': '0.1473', 'd': '0.3351', 'l': '0.5176'}",2020
14141,True,"{'id': '148', 'title': 'Barcelona', 'short_title': 'BAR'}","{'id': '207', 'title': 'Elche', 'short_title': 'ELC'}","{'h': '3', 'a': '0'}","{'h': '2.66084', 'a': '0.351113'}",2021-02-24 20:00:00,"{'w': '0.9219', 'd': '0.0642', 'l': '0.0139'}",2020
15024,True,"{'id': '151', 'title': 'Levante', 'short_title': 'LEV'}","{'id': '147', 'title': 'Athletic Club', 'short_title': 'ATH'}","{'h': '1', 'a': '1'}","{'h': '1.05928', 'a': '1.99686'}",2021-02-26 20:00:00,"{'w': '0.1114', 'd': '0.2469', 'l': '0.6417'}",2020
15020,True,"{'id': '156', 'title': 'Eibar', 'short_title': 'EIB'}","{'id': '232', 'title': 'SD Huesca', 'short_title': 'HUE'}","{'h': '1', 'a': '1'}","{'h': '1.79661', 'a': '0.480747'}",2021-02-27 13:00:00,"{'w': '0.739', 'd': '0.2006', 'l': '0.0604'}",2020
15026,True,"{'id': '138', 'title': 'Sevilla', 'short_title': 'SEV'}","{'id': '148', 'title': 'Barcelona', 'short_title': 'BAR'}","{'h': '0', 'a': '2'}","{'h': '0.117061', 'a': '1.58696'}",2021-02-27 15:15:00,"{'w': '0.0096', 'd': '0.1134', 'l': '0.877'}",2020
15018,True,"{'id': '158', 'title': 'Alaves', 'short_title': 'ALA'}","{'id': '157', 'title': 'Osasuna', 'short_title': 'OSA'}","{'h': '0', 'a': '1'}","{'h': '0.483459', 'a': '0.994243'}",2021-02-27 17:30:00,"{'w': '0.1053', 'd': '0.372', 'l': '0.5227'}",2020
15021,True,"{'id': '142', 'title': 'Getafe', 'short_title': 'GET'}","{'id': '146', 'title': 'Valencia', 'short_title': 'VAL'}","{'h': '3', 'a': '0'}","{'h': '0.895893', 'a': '0.173822'}",2021-02-27 20:00:00,"{'w': '0.5413', 'd': '0.3893', 'l': '0.0694'}",2020
15019,True,"{'id': '152', 'title': 'Celta Vigo', 'short_title': 'CEL'}","{'id': '231', 'title': 'Real Valladolid', 'short_title': 'VAL'}","{'h': '1', 'a': '1'}","{'h': '0.86079', 'a': '0.762391'}",2021-02-28 13:00:00,"{'w': '0.3413', 'd': '0.3655', 'l': '0.2932'}",2020
15022,True,"{'id': '261', 'title': 'Cadiz', 'short_title': 'CAD'}","{'id': '153', 'title': 'Real Betis', 'short_title': 'BET'}","{'h': '0', 'a': '1'}","{'h': '0.227972', 'a': '0.596164'}",2021-02-28 15:15:00,"{'w': '0.1072', 'd': '0.4712', 'l': '0.4216'}",2020
15023,True,"{'id': '155', 'title': 'Granada', 'short_title': 'GRA'}","{'id': '207', 'title': 'Elche', 'short_title': 'ELC'}","{'h': '2', 'a': '1'}","{'h': '1.45197', 'a': '1.28521'}",2021-02-28 17:30:00,"{'w': '0.3846', 'd': '0.3188', 'l': '0.2966'}",2020
15027,True,"{'id': '154', 'title': 'Villarreal', 'short_title': 'VIL'}","{'id': '143', 'title': 'Atletico Madrid', 'short_title': 'ATL'}","{'h': '0', 'a': '2'}","{'h': '1.941', 'a': '0.839764'}",2021-02-28 20:00:00,"{'w': '0.6929', 'd': '0.2211', 'l': '0.086'}",2020
15025,True,"{'id': '150', 'title': 'Real Madrid', 'short_title': 'RMA'}","{'id': '140', 'title': 'Real Sociedad', 'short_title': 'SOC'}","{'h': '1', 'a': '1'}","{'h': '1.98534', 'a': '1.21953'}",2021-03-01 20:00:00,"{'w': '0.5569', 'd': '0.2648', 'l': '0.1783'}",2020
15035,True,"{'id': '146', 'title': 'Valencia', 'short_title': 'VAL'}","{'id': '154', 'title': 'Villarreal', 'short_title': 'VIL'}","{'h': '2', 'a': '1'}","{'h': '1.75518', 'a': '1.84626'}",2021-03-05 20:00:00,"{'w': '0.334', 'd': '0.2831', 'l': '0.3829'}",2020
15036,True,"{'id': '231', 'title': 'Real Valladolid', 'short_title': 'VAL'}","{'id': '142', 'title': 'Getafe', 'short_title': 'GET'}","{'h': '2', 'a': '1'}","{'h': '1.31724', 'a': '0.971736'}",2021-03-06 13:00:00,"{'w': '0.4749', 'd': '0.306', 'l': '0.2191'}",2020
15037,True,"{'id': '207', 'title': 'Elche', 'short_title': 'ELC'}","{'id': '138', 'title': 'Sevilla', 'short_title': 'SEV'}","{'h': '2', 'a': '1'}","{'h': '1.0131', 'a': '0.964034'}",2021-03-06 15:15:00,"{'w': '0.368', 'd': '0.3209', 'l': '0.3111'}",2020
15031,True,"{'id': '261', 'title': 'Cadiz', 'short_title': 'CAD'}","{'id': '156', 'title': 'Eibar', 'short_title': 'EIB'}","{'h': '1', 'a': '0'}","{'h': '1.6239', 'a': '1.6003'}",2021-03-06 17:30:00,"{'w': '0.3633', 'd': '0.2886', 'l': '0.3481'}",2020
15033,True,"{'id': '157', 'title': 'Osasuna', 'short_title': 'OSA'}","{'id': '148', 'title': 'Barcelona', 'short_title': 'BAR'}","{'h': '0', 'a': '2'}","{'h': '0.756534', 'a': '1.30761'}",2021-03-06 20:00:00,"{'w': '0.2059', 'd': '0.2859', 'l': '0.5082'}",2020
15032,True,"{'id': '232', 'title': 'SD Huesca', 'short_title': 'HUE'}","{'id': '152', 'title': 'Celta Vigo', 'short_title': 'CEL'}","{'h': '3', 'a': '4'}","{'h': '3.13618', 'a': '0.655624'}",2021-03-07 13:00:00,"{'w': '0.9151', 'd': '0.0662', 'l': '0.0187'}",2020
15029,True,"{'id': '143', 'title': 'Atletico Madrid', 'short_title': 'ATL'}","{'id': '150', 'title': 'Real Madrid', 'short_title': 'RMA'}","{'h': '1', 'a': '1'}","{'h': '1.9832', 'a': '1.88411'}",2021-03-07 15:15:00,"{'w': '0.3955', 'd': '0.2572', 'l': '0.3473'}",2020
15034,True,"{'id': '140', 'title': 'Real Sociedad', 'short_title': 'SOC'}","{'id': '151', 'title': 'Levante', 'short_title': 'LEV'}","{'h': '1', 'a': '0'}","{'h': '4.95179', 'a': '0.186229'}",2021-03-07 17:30:00,"{'w': '0.9954', 'd': '0.0042', 'l': '0.0004'}",2020
15028,True,"{'id': '147', 'title': 'Athletic Club', 'short_title': 'ATH'}","{'id': '155', 'title': 'Granada', 'short_title': 'GRA'}","{'h': '2', 'a': '1'}","{'h': '1.28132', 'a': '1.45524'}",2021-03-07 20:00:00,"{'w': '0.2689', 'd': '0.3584', 'l': '0.3727'}",2020
15030,True,"{'id': '153', 'title': 'Real Betis', 'short_title': 'BET'}","{'id': '158', 'title': 'Alaves', 'short_title': 'ALA'}","{'h': '3', 'a': '2'}","{'h': '2.01921', 'a': '0.798216'}",2021-03-08 20:00:00,"{'w': '0.7003', 'd': '0.2113', 'l': '0.0884'}",2020
14948,True,"{'id': '143', 'title': 'Atletico Madrid', 'short_title': 'ATL'}","{'id': '147', 'title': 'Athletic Club', 'short_title': 'ATH'}","{'h': '2', 'a': '1'}","{'h': '1.53875', 'a': '0.701495'}",2021-03-10 20:00:00,"{'w': '0.6136', 'd': '0.2758', 'l': '0.1106'}",2020
15044,True,"{'id': '151', 'title': 'Levante', 'short_title': 'LEV'}","{'id': '146', 'title': 'Valencia', 'short_title': 'VAL'}","{'h': '1', 'a': '0'}","{'h': '0.853066', 'a': '0.493596'}",2021-03-12 20:00:00,"{'w': '0.4426', 'd': '0.3643', 'l': '0.1931'}",2020
15038,True,"{'id': '158', 'title': 'Alaves', 'short_title': 'ALA'}","{'id': '261', 'title': 'Cadiz', 'short_title': 'CAD'}","{'h': '1', 'a': '1'}","{'h': '1.48992', 'a': '1.74684'}",2021-03-13 13:00:00,"{'w': '0.2614', 'd': '0.3226', 'l': '0.416'}",2020
15046,True,"{'id': '150', 'title': 'Real Madrid', 'short_title': 'RMA'}","{'id': '207', 'title': 'Elche', 'short_title': 'ELC'}","{'h': '2', 'a': '1'}","{'h': '1.72628', 'a': '0.726991'}",2021-03-13 15:15:00,"{'w': '0.644', 'd': '0.2458', 'l': '0.1102'}",2020
15045,True,"{'id': '157', 'title': 'Osasuna', 'short_title': 'OSA'}","{'id': '231', 'title': 'Real Valladolid', 'short_title': 'VAL'}","{'h': '0', 'a': '0'}","{'h': '0.467892', 'a': '0.891'}",2021-03-13 17:30:00,"{'w': '0.1751', 'd': '0.3651', 'l': '0.4598'}",2020
15042,True,"{'id': '142', 'title': 'Getafe', 'short_title': 'GET'}","{'id': '143', 'title': 'Atletico Madrid', 'short_title': 'ATL'}","{'h': '0', 'a': '0'}","{'h': '0.409679', 'a': '1.81829'}",2021-03-13 20:00:00,"{'w': '0.0615', 'd': '0.1799', 'l': '0.7586'}",2020
15040,True,"{'id': '152', 'title': 'Celta Vigo', 'short_title': 'CEL'}","{'id': '147', 'title': 'Athletic Club', 'short_title': 'ATH'}","{'h': '0', 'a': '0'}","{'h': '1.18876', 'a': '0.725139'}",2021-03-14 13:00:00,"{'w': '0.4668', 'd': '0.3617', 'l': '0.1715'}",2020
15043,True,"{'id': '155', 'title': 'Granada', 'short_title': 'GRA'}","{'id': '140', 'title': 'Real Sociedad', 'short_title': 'SOC'}","{'h': '1', 'a': '0'}","{'h': '0.331961', 'a': '0.306083'}",2021-03-14 15:15:00,"{'w': '0.2291', 'd': '0.5762', 'l': '0.1947'}",2020
15041,True,"{'id': '156', 'title': 'Eibar', 'short_title': 'EIB'}","{'id': '154', 'title': 'Villarreal', 'short_title': 'VIL'}","{'h': '1', 'a': '3'}","{'h': '1.32358', 'a': '2.84919'}",2021-03-14 17:30:00,"{'w': '0.0886', 'd': '0.1543', 'l': '0.7571'}",2020
15047,True,"{'id': '138', 'title': 'Sevilla', 'short_title': 'SEV'}","{'id': '153', 'title': 'Real Betis', 'short_title': 'BET'}","{'h': '1', 'a': '0'}","{'h': '0.841992', 'a': '0.662923'}",2021-03-14 20:00:00,"{'w': '0.3756', 'd': '0.3666', 'l': '0.2578'}",2020
15039,True,"{'id': '148', 'title': 'Barcelona', 'short_title': 'BAR'}","{'id': '232', 'title': 'SD Huesca', 'short_title': 'HUE'}","{'h': '4', 'a': '1'}","{'h': '1.52419', 'a': '2.19819'}",2021-03-15 20:00:00,"{'w': '0.1762', 'd': '0.2675', 'l': '0.5563'}",2020
14150,True,"{'id': '138', 'title': 'Sevilla', 'short_title': 'SEV'}","{'id': '207', 'title': 'Elche', 'short_title': 'ELC'}","{'h': '2', 'a': '0'}","{'h': '1.95263', 'a': '0.612799'}",2021-03-17 20:00:00,"{'w': '0.7418', 'd': '0.1855', 'l': '0.0727'}",2020
15050,True,"{'id': '153', 'title': 'Real Betis', 'short_title': 'BET'}","{'id': '151', 'title': 'Levante', 'short_title': 'LEV'}","{'h': '2', 'a': '0'}","{'h': '2.46001', 'a': '0.568605'}",2021-03-19 20:00:00,"{'w': '0.8688', 'd': '0.1022', 'l': '0.029'}",2020
15048,True,"{'id': '147', 'title': 'Athletic Club', 'short_title': 'ATH'}","{'id': '156', 'title': 'Eibar', 'short_title': 'EIB'}","{'h': '1', 'a': '1'}","{'h': '1.72731', 'a': '0.532399'}",2021-03-20 13:00:00,"{'w': '0.6961', 'd': '0.2157', 'l': '0.0882'}",2020
15051,True,"{'id': '152', 'title': 'Celta Vigo', 'short_title': 'CEL'}","{'id': '150', 'title': 'Real Madrid', 'short_title': 'RMA'}","{'h': '1', 'a': '3'}","{'h': '0.686996', 'a': '2.79574'}",2021-03-20 15:15:00,"{'w': '0.0213', 'd': '0.0865', 'l': '0.8922'}",2020
15053,True,"{'id': '232', 'title': 'SD Huesca', 'short_title': 'HUE'}","{'id': '157', 'title': 'Osasuna', 'short_title': 'OSA'}","{'h': '0', 'a': '0'}","{'h': '0.89442', 'a': '0.734886'}",2021-03-20 17:30:00,"{'w': '0.3511', 'd': '0.3695', 'l': '0.2794'}",2020
15056,True,"{'id': '231', 'title': 'Real Valladolid', 'short_title': 'VAL'}","{'id': '138', 'title': 'Sevilla', 'short_title': 'SEV'}","{'h': '1', 'a': '1'}","{'h': '0.809957', 'a': '1.11252'}",2021-03-20 20:00:00,"{'w': '0.2131', 'd': '0.3899', 'l': '0.397'}",2020
15052,True,"{'id': '142', 'title': 'Getafe', 'short_title': 'GET'}","{'id': '207', 'title': 'Elche', 'short_title': 'ELC'}","{'h': '1', 'a': '1'}","{'h': '1.79357', 'a': '1.38712'}",2021-03-21 13:00:00,"{'w': '0.4731', 'd': '0.3233', 'l': '0.2036'}",2020
15055,True,"{'id': '146', 'title': 'Valencia', 'short_title': 'VAL'}","{'id': '155', 'title': 'Granada', 'short_title': 'GRA'}","{'h': '2', 'a': '1'}","{'h': '1.4357', 'a': '0.924202'}",2021-03-21 15:15:00,"{'w': '0.4846', 'd': '0.2807', 'l': '0.2347'}",2020
15057,True,"{'id': '154', 'title': 'Villarreal', 'short_title': 'VIL'}","{'id': '261', 'title': 'Cadiz', 'short_title': 'CAD'}","{'h': '2', 'a': '1'}","{'h': '2.50648', 'a': '0.90665'}",2021-03-21 15:15:00,"{'w': '0.8324', 'd': '0.1359', 'l': '0.0317'}",2020
15049,True,"{'id': '143', 'title': 'Atletico Madrid', 'short_title': 'ATL'}","{'id': '158', 'title': 'Alaves', 'short_title': 'ALA'}","{'h': '1', 'a': '0'}","{'h': '0.64656', 'a': '1.1132'}",2021-03-21 17:30:00,"{'w': '0.1533', 'd': '0.3447', 'l': '0.502'}",2020
15054,True,"{'id': '140', 'title': 'Real Sociedad', 'short_title': 'SOC'}","{'id': '148', 'title': 'Barcelona', 'short_title': 'BAR'}","{'h': '1', 'a': '6'}","{'h': '0.917148', 'a': '3.3338'}",2021-03-21 20:00:00,"{'w': '0.0229', 'd': '0.0763', 'l': '0.9008'}",2020
15062,True,"{'id': '151', 'title': 'Levante', 'short_title': 'LEV'}","{'id': '232', 'title': 'SD Huesca', 'short_title': 'HUE'}","{'h': '0', 'a': '2'}","{'h': '0.462819', 'a': '0.857773'}",2021-04-02 19:00:00,"{'w': '0.1758', 'd': '0.3696', 'l': '0.4546'}",2020
15061,True,"{'id': '155', 'title': 'Granada', 'short_title': 'GRA'}","{'id': '154', 'title': 'Villarreal', 'short_title': 'VIL'}","{'h': '0', 'a': '3'}","{'h': '1.22939', 'a': '3.49755'}",2021-04-03 12:00:00,"{'w': '0.0317', 'd': '0.0898', 'l': '0.8785'}",2020
15064,True,"{'id': '150', 'title': 'Real Madrid', 'short_title': 'RMA'}","{'id': '156', 'title': 'Eibar', 'short_title': 'EIB'}","{'h': '2', 'a': '0'}","{'h': '1.96177', 'a': '0.299961'}",2021-04-03 14:15:00,"{'w': '0.8054', 'd': '0.1563', 'l': '0.0383'}",2020
15063,True,"{'id': '157', 'title': 'Osasuna', 'short_title': 'OSA'}","{'id': '142', 'title': 'Getafe', 'short_title': 'GET'}","{'h': '0', 'a': '0'}","{'h': '0.198501', 'a': '0.316201'}",2021-04-03 16:30:00,"{'w': '0.1411', 'd': '0.6302', 'l': '0.2287'}",2020
15058,True,"{'id': '158', 'title': 'Alaves', 'short_title': 'ALA'}","{'id': '152', 'title': 'Celta Vigo', 'short_title': 'CEL'}","{'h': '1', 'a': '3'}","{'h': '1.868', 'a': '2.58943'}",2021-04-04 12:00:00,"{'w': '0.1857', 'd': '0.24', 'l': '0.5743'}",2020
15067,True,"{'id': '207', 'title': 'Elche', 'short_title': 'ELC'}","{'id': '153', 'title': 'Real Betis', 'short_title': 'BET'}","{'h': '1', 'a': '1'}","{'h': '0.797759', 'a': '1.90364'}",2021-04-04 14:15:00,"{'w': '0.0861', 'd': '0.2328', 'l': '0.6811'}",2020
15060,True,"{'id': '261', 'title': 'Cadiz', 'short_title': 'CAD'}","{'id': '146', 'title': 'Valencia', 'short_title': 'VAL'}","{'h': '2', 'a': '1'}","{'h': '1.02818', 'a': '0.858442'}",2021-04-04 16:30:00,"{'w': '0.3882', 'd': '0.3426', 'l': '0.2692'}",2020
15066,True,"{'id': '138', 'title': 'Sevilla', 'short_title': 'SEV'}","{'id': '143', 'title': 'Atletico Madrid', 'short_title': 'ATL'}","{'h': '1', 'a': '0'}","{'h': '1.89943', 'a': '0.551951'}",2021-04-04 19:00:00,"{'w': '0.7685', 'd': '0.1773', 'l': '0.0542'}",2020
15059,True,"{'id': '148', 'title': 'Barcelona', 'short_title': 'BAR'}","{'id': '231', 'title': 'Real Valladolid', 'short_title': 'VAL'}","{'h': '1', 'a': '0'}","{'h': '1.68796', 'a': '0.435921'}",2021-04-05 19:00:00,"{'w': '0.7048', 'd': '0.2174', 'l': '0.0778'}",2020
15065,True,"{'id': '140', 'title': 'Real Sociedad', 'short_title': 'SOC'}","{'id': '147', 'title': 'Athletic Club', 'short_title': 'ATH'}","{'h': '1', 'a': '1'}","{'h': '0.724498', 'a': '0.990446'}",2021-04-07 19:00:00,"{'w': '0.2283', 'd': '0.3405', 'l': '0.4312'}",2020
15073,True,"{'id': '232', 'title': 'SD Huesca', 'short_title': 'HUE'}","{'id': '207', 'title': 'Elche', 'short_title': 'ELC'}","{'h': '3', 'a': '1'}","{'h': '1.09388', 'a': '0.880685'}",2021-04-09 19:00:00,"{'w': '0.3693', 'd': '0.4054', 'l': '0.2253'}",2020
15072,True,"{'id': '142', 'title': 'Getafe', 'short_title': 'GET'}","{'id': '261', 'title': 'Cadiz', 'short_title': 'CAD'}","{'h': '0', 'a': '1'}","{'h': '2.78378', 'a': '0.640397'}",2021-04-10 12:00:00,"{'w': '0.886', 'd': '0.0863', 'l': '0.0277'}",2020
15068,True,"{'id': '147', 'title': 'Athletic Club', 'short_title': 'ATH'}","{'id': '158', 'title': 'Alaves', 'short_title': 'ALA'}","{'h': '0', 'a': '0'}","{'h': '1.81094', 'a': '0.448906'}",2021-04-10 14:15:00,"{'w': '0.7834', 'd': '0.167', 'l': '0.0496'}",2020
15071,True,"{'id': '156', 'title': 'Eibar', 'short_title': 'EIB'}","{'id': '151', 'title': 'Levante', 'short_title': 'LEV'}","{'h': '0', 'a': '1'}","{'h': '0.360623', 'a': '0.309936'}",2021-04-10 16:30:00,"{'w': '0.229', 'd': '0.5713', 'l': '0.1997'}",2020
15074,True,"{'id': '150', 'title': 'Real Madrid', 'short_title': 'RMA'}","{'id': '148', 'title': 'Barcelona', 'short_title': 'BAR'}","{'h': '2', 'a': '1'}","{'h': '1.64993', 'a': '1.15567'}",2021-04-10 19:00:00,"{'w': '0.5066', 'd': '0.2475', 'l': '0.2459'}",2020
15077,True,"{'id': '154', 'title': 'Villarreal', 'short_title': 'VIL'}","{'id': '157', 'title': 'Osasuna', 'short_title': 'OSA'}","{'h': '1', 'a': '2'}","{'h': '1.60338', 'a': '1.29078'}",2021-04-11 12:00:00,"{'w': '0.4343', 'd': '0.2793', 'l': '0.2864'}",2020
15075,True,"{'id': '146', 'title': 'Valencia', 'short_title': 'VAL'}","{'id': '140', 'title': 'Real Sociedad', 'short_title': 'SOC'}","{'h': '2', 'a': '2'}","{'h': '2.34115', 'a': '1.13047'}",2021-04-11 14:15:00,"{'w': '0.7064', 'd': '0.1845', 'l': '0.1091'}",2020
15076,True,"{'id': '231', 'title': 'Real Valladolid', 'short_title': 'VAL'}","{'id': '155', 'title': 'Granada', 'short_title': 'GRA'}","{'h': '1', 'a': '2'}","{'h': '1.19214', 'a': '1.22464'}",2021-04-11 16:30:00,"{'w': '0.3318', 'd': '0.3294', 'l': '0.3388'}",2020
15069,True,"{'id': '153', 'title': 'Real Betis', 'short_title': 'BET'}","{'id': '143', 'title': 'Atletico Madrid', 'short_title': 'ATL'}","{'h': '1', 'a': '1'}","{'h': '0.613966', 'a': '1.34136'}",2021-04-11 19:00:00,"{'w': '0.1387', 'd': '0.278', 'l': '0.5833'}",2020
15070,True,"{'id': '152', 'title': 'Celta Vigo', 'short_title': 'CEL'}","{'id': '138', 'title': 'Sevilla', 'short_title': 'SEV'}","{'h': '3', 'a': '4'}","{'h': '2.09186', 'a': '1.59713'}",2021-04-12 19:00:00,"{'w': '0.4979', 'd': '0.251', 'l': '0.2511'}",2020
15106,True,"{'id': '157', 'title': 'Osasuna', 'short_title': 'OSA'}","{'id': '207', 'title': 'Elche', 'short_title': 'ELC'}","{'h': '2', 'a': '0'}","{'h': '0.531975', 'a': '0.699627'}",2021-04-18 12:00:00,"{'w': '0.226', 'd': '0.4089', 'l': '0.3651'}",2020
15107,True,"{'id': '140', 'title': 'Real Sociedad', 'short_title': 'SOC'}","{'id': '138', 'title': 'Sevilla', 'short_title': 'SEV'}","{'h': '1', 'a': '2'}","{'h': '0.292775', 'a': '3.65426'}",2021-04-18 12:00:00,"{'w': '0.0023', 'd': '0.0142', 'l': '0.9835'}",2020
15098,True,"{'id': '158', 'title': 'Alaves', 'short_title': 'ALA'}","{'id': '232', 'title': 'SD Huesca', 'short_title': 'HUE'}","{'h': '1', 'a': '0'}","{'h': '0.316991', 'a': '0.747867'}",2021-04-18 14:15:00,"{'w': '0.1226', 'd': '0.3949', 'l': '0.4825'}",2020
15100,True,"{'id': '143', 'title': 'Atletico Madrid', 'short_title': 'ATL'}","{'id': '156', 'title': 'Eibar', 'short_title': 'EIB'}","{'h': '5', 'a': '0'}","{'h': '2.75029', 'a': '0'}",2021-04-18 14:15:00,"{'w': '0.9887', 'd': '0.0113', 'l': '0'}",2020
15102,True,"{'id': '153', 'title': 'Real Betis', 'short_title': 'BET'}","{'id': '146', 'title': 'Valencia', 'short_title': 'VAL'}","{'h': '2', 'a': '2'}","{'h': '0.62725', 'a': '1.61735'}",2021-04-18 16:30:00,"{'w': '0.0877', 'd': '0.2216', 'l': '0.6907'}",2020
15104,True,"{'id': '261', 'title': 'Cadiz', 'short_title': 'CAD'}","{'id': '152', 'title': 'Celta Vigo', 'short_title': 'CEL'}","{'h': '0', 'a': '0'}","{'h': '0.322965', 'a': '0.436078'}",2021-04-18 16:30:00,"{'w': '0.1991', 'd': '0.5204', 'l': '0.2805'}",2020
15103,True,"{'id': '142', 'title': 'Getafe', 'short_title': 'GET'}","{'id': '150', 'title': 'Real Madrid', 'short_title': 'RMA'}","{'h': '0', 'a': '0'}","{'h': '2.19426', 'a': '0.618079'}",2021-04-18 19:00:00,"{'w': '0.7995', 'd': '0.1488', 'l': '0.0517'}",2020
15105,True,"{'id': '151', 'title': 'Levante', 'short_title': 'LEV'}","{'id': '154', 'title': 'Villarreal', 'short_title': 'VIL'}","{'h': '1', 'a': '5'}","{'h': '0.844482', 'a': '1.87811'}",2021-04-18 19:00:00,"{'w': '0.1404', 'd': '0.2221', 'l': '0.6375'}",2020
15084,True,"{'id': '151', 'title': 'Levante', 'short_title': 'LEV'}","{'id': '138', 'title': 'Sevilla', 'short_title': 'SEV'}","{'h': '0', 'a': '1'}","{'h': '0.310335', 'a': '2.05149'}",2021-04-21 17:00:00,"{'w': '0.0111', 'd': '0.0809', 'l': '0.908'}",2020
15085,True,"{'id': '157', 'title': 'Osasuna', 'short_title': 'OSA'}","{'id': '146', 'title': 'Valencia', 'short_title': 'VAL'}","{'h': '3', 'a': '1'}","{'h': '3.63596', 'a': '1.20337'}",2021-04-21 17:00:00,"{'w': '0.8969', 'd': '0.0775', 'l': '0.0256'}",2020
15081,True,"{'id': '153', 'title': 'Real Betis', 'short_title': 'BET'}","{'id': '147', 'title': 'Athletic Club', 'short_title': 'ATH'}","{'h': '0', 'a': '0'}","{'h': '0.244787', 'a': '0.845575'}",2021-04-21 18:00:00,"{'w': '0.0984', 'd': '0.3943', 'l': '0.5073'}",2020
15078,True,"{'id': '158', 'title': 'Alaves', 'short_title': 'ALA'}","{'id': '154', 'title': 'Villarreal', 'short_title': 'VIL'}","{'h': '2', 'a': '1'}","{'h': '1.40963', 'a': '1.45071'}",2021-04-21 19:00:00,"{'w': '0.3458', 'd': '0.2935', 'l': '0.3607'}",2020
15087,True,"{'id': '207', 'title': 'Elche', 'short_title': 'ELC'}","{'id': '231', 'title': 'Real Valladolid', 'short_title': 'VAL'}","{'h': '1', 'a': '1'}","{'h': '1.33615', 'a': '1.30359'}",2021-04-21 19:00:00,"{'w': '0.3618', 'd': '0.2901', 'l': '0.3481'}",2020
15082,True,"{'id': '261', 'title': 'Cadiz', 'short_title': 'CAD'}","{'id': '150', 'title': 'Real Madrid', 'short_title': 'RMA'}","{'h': '0', 'a': '3'}","{'h': '1.31917', 'a': '3.52537'}",2021-04-21 20:00:00,"{'w': '0.0483', 'd': '0.0971', 'l': '0.8546'}",2020
15079,True,"{'id': '143', 'title': 'Atletico Madrid', 'short_title': 'ATL'}","{'id': '232', 'title': 'SD Huesca', 'short_title': 'HUE'}","{'h': '2', 'a': '0'}","{'h': '2.32831', 'a': '1.40665'}",2021-04-22 17:00:00,"{'w': '0.604', 'd': '0.2411', 'l': '0.1549'}",2020
15083,True,"{'id': '155', 'title': 'Granada', 'short_title': 'GRA'}","{'id': '156', 'title': 'Eibar', 'short_title': 'EIB'}","{'h': '4', 'a': '1'}","{'h': '1.76204', 'a': '1.34566'}",2021-04-22 19:00:00,"{'w': '0.4886', 'd': '0.2571', 'l': '0.2543'}",2020
15086,True,"{'id': '140', 'title': 'Real Sociedad', 'short_title': 'SOC'}","{'id': '152', 'title': 'Celta Vigo', 'short_title': 'CEL'}","{'h': '2', 'a': '1'}","{'h': '2.19014', 'a': '0.504303'}",2021-04-22 19:00:00,"{'w': '0.8562', 'd': '0.1142', 'l': '0.0296'}",2020
15080,True,"{'id': '148', 'title': 'Barcelona', 'short_title': 'BAR'}","{'id': '142', 'title': 'Getafe', 'short_title': 'GET'}","{'h': '5', 'a': '2'}","{'h': '2.15458', 'a': '1.39543'}",2021-04-22 20:00:00,"{'w': '0.5806', 'd': '0.2599', 'l': '0.1595'}",2020
15097,True,"{'id': '207', 'title': 'Elche', 'short_title': 'ELC'}","{'id': '151', 'title': 'Levante', 'short_title': 'LEV'}","{'h': '1', 'a': '0'}","{'h': '0.43368', 'a': '0.236951'}",2021-04-24 14:00:00,"{'w': '0.2959', 'd': '0.5625', 'l': '0.1416'}",2020
15095,True,"{'id': '231', 'title': 'Real Valladolid', 'short_title': 'VAL'}","{'id': '261', 'title': 'Cadiz', 'short_title': 'CAD'}","{'h': '1', 'a': '1'}","{'h': '3.23903', 'a': '1.55697'}",2021-04-24 14:15:00,"{'w': '0.7907', 'd': '0.1492', 'l': '0.0601'}",2020
15094,True,"{'id': '146', 'title': 'Valencia', 'short_title': 'VAL'}","{'id': '158', 'title': 'Alaves', 'short_title': 'ALA'}","{'h': '1', 'a': '1'}","{'h': '1.00912', 'a': '0.893913'}",2021-04-24 16:30:00,"{'w': '0.3539', 'd': '0.3756', 'l': '0.2705'}",2020
15092,True,"{'id': '150', 'title': 'Real Madrid', 'short_title': 'RMA'}","{'id': '153', 'title': 'Real Betis', 'short_title': 'BET'}","{'h': '0', 'a': '0'}","{'h': '0.985387', 'a': '0.898058'}",2021-04-24 19:00:00,"{'w': '0.3426', 'd': '0.3355', 'l': '0.3219'}",2020
15091,True,"{'id': '232', 'title': 'SD Huesca', 'short_title': 'HUE'}","{'id': '142', 'title': 'Getafe', 'short_title': 'GET'}","{'h': '0', 'a': '2'}","{'h': '0.472579', 'a': '0.711933'}",2021-04-25 12:00:00,"{'w': '0.1954', 'd': '0.412', 'l': '0.3926'}",2020
15096,True,"{'id': '154', 'title': 'Villarreal', 'short_title': 'VIL'}","{'id': '148', 'title': 'Barcelona', 'short_title': 'BAR'}","{'h': '1', 'a': '2'}","{'h': '0.964915', 'a': '3.38056'}",2021-04-25 14:15:00,"{'w': '0.0364', 'd': '0.0789', 'l': '0.8847'}",2020
15089,True,"{'id': '152', 'title': 'Celta Vigo', 'short_title': 'CEL'}","{'id': '157', 'title': 'Osasuna', 'short_title': 'OSA'}","{'h': '2', 'a': '1'}","{'h': '0.601898', 'a': '1.41709'}",2021-04-25 16:30:00,"{'w': '0.1112', 'd': '0.2667', 'l': '0.6221'}",2020
15093,True,"{'id': '138', 'title': 'Sevilla', 'short_title': 'SEV'}","{'id': '155', 'title': 'Granada', 'short_title': 'GRA'}","{'h': '2', 'a': '1'}","{'h': '1.27314', 'a': '0.902764'}",2021-04-25 16:30:00,"{'w': '0.4185', 'd': '0.4035', 'l': '0.178'}",2020
15088,True,"{'id': '147', 'title': 'Athletic Club', 'short_title': 'ATH'}","{'id': '143', 'title': 'Atletico Madrid', 'short_title': 'ATL'}","{'h': '2', 'a': '1'}","{'h': '1.42809', 'a': '0.745334'}",2021-04-25 19:00:00,"{'w': '0.5554', 'd': '0.2811', 'l': '0.1635'}",2020
15090,True,"{'id': '156', 'title': 'Eibar', 'short_title': 'EIB'}","{'id': '140', 'title': 'Real Sociedad', 'short_title': 'SOC'}","{'h': '0', 'a': '1'}","{'h': '0.729653', 'a': '0.706358'}",2021-04-26 19:00:00,"{'w': '0.2991', 'd': '0.3877', 'l': '0.3132'}",2020
15099,True,"{'id': '147', 'title': 'Athletic Club', 'short_title': 'ATH'}","{'id': '231', 'title': 'Real Valladolid', 'short_title': 'VAL'}","{'h': '2', 'a': '2'}","{'h': '1.73076', 'a': '0.640604'}",2021-04-28 17:00:00,"{'w': '0.6943', 'd': '0.2083', 'l': '0.0974'}",2020
15101,True,"{'id': '148', 'title': 'Barcelona', 'short_title': 'BAR'}","{'id': '155', 'title': 'Granada', 'short_title': 'GRA'}","{'h': '1', 'a': '2'}","{'h': '1.43667', 'a': '0.811246'}",2021-04-29 17:00:00,"{'w': '0.5249', 'd': '0.2836', 'l': '0.1915'}",2020
15113,True,"{'id': '152', 'title': 'Celta Vigo', 'short_title': 'CEL'}","{'id': '151', 'title': 'Levante', 'short_title': 'LEV'}","{'h': '2', 'a': '0'}","{'h': '2.3642', 'a': '0.976661'}",2021-04-30 19:00:00,"{'w': '0.7455', 'd': '0.177', 'l': '0.0775'}",2020
15114,True,"{'id': '156', 'title': 'Eibar', 'short_title': 'EIB'}","{'id': '158', 'title': 'Alaves', 'short_title': 'ALA'}","{'h': '3', 'a': '0'}","{'h': '1.64332', 'a': '0.154274'}",2021-05-01 12:00:00,"{'w': '0.8138', 'd': '0.1655', 'l': '0.0207'}",2020
15112,True,"{'id': '207', 'title': 'Elche', 'short_title': 'ELC'}","{'id': '143', 'title': 'Atletico Madrid', 'short_title': 'ATL'}","{'h': '0', 'a': '1'}","{'h': '1.38118', 'a': '1.01516'}",2021-05-01 14:15:00,"{'w': '0.4723', 'd': '0.3116', 'l': '0.2161'}",2020
15116,True,"{'id': '232', 'title': 'SD Huesca', 'short_title': 'HUE'}","{'id': '140', 'title': 'Real Sociedad', 'short_title': 'SOC'}","{'h': '1', 'a': '0'}","{'h': '0.446278', 'a': '0.298366'}",2021-05-01 16:30:00,"{'w': '0.288', 'd': '0.5383', 'l': '0.1737'}",2020
15117,True,"{'id': '150', 'title': 'Real Madrid', 'short_title': 'RMA'}","{'id': '157', 'title': 'Osasuna', 'short_title': 'OSA'}","{'h': '2', 'a': '0'}","{'h': '1.6256', 'a': '0.0721582'}",2021-05-01 19:00:00,"{'w': '0.8079', 'd': '0.1796', 'l': '0.0125'}",2020
15110,True,"{'id': '231', 'title': 'Real Valladolid', 'short_title': 'VAL'}","{'id': '153', 'title': 'Real Betis', 'short_title': 'BET'}","{'h': '1', 'a': '1'}","{'h': '0.76247', 'a': '1.88115'}",2021-05-02 12:00:00,"{'w': '0.0924', 'd': '0.2118', 'l': '0.6958'}",2020
15111,True,"{'id': '154', 'title': 'Villarreal', 'short_title': 'VIL'}","{'id': '142', 'title': 'Getafe', 'short_title': 'GET'}","{'h': '1', 'a': '0'}","{'h': '0.184151', 'a': '0.487189'}",2021-05-02 14:15:00,"{'w': '0.1129', 'd': '0.5564', 'l': '0.3307'}",2020
15115,True,"{'id': '155', 'title': 'Granada', 'short_title': 'GRA'}","{'id': '261', 'title': 'Cadiz', 'short_title': 'CAD'}","{'h': '0', 'a': '1'}","{'h': '0.924434', 'a': '1.60276'}",2021-05-02 16:30:00,"{'w': '0.1378', 'd': '0.3003', 'l': '0.5619'}",2020
15109,True,"{'id': '146', 'title': 'Valencia', 'short_title': 'VAL'}","{'id': '148', 'title': 'Barcelona', 'short_title': 'BAR'}","{'h': '2', 'a': '3'}","{'h': '1.41404', 'a': '3.98456'}",2021-05-02 19:00:00,"{'w': '0.0137', 'd': '0.0548', 'l': '0.9315'}",2020
15108,True,"{'id': '138', 'title': 'Sevilla', 'short_title': 'SEV'}","{'id': '147', 'title': 'Athletic Club', 'short_title': 'ATH'}","{'h': '0', 'a': '1'}","{'h': '0.792995', 'a': '0.6882'}",2021-05-03 19:00:00,"{'w': '0.3459', 'd': '0.3673', 'l': '0.2868'}",2020
15125,True,"{'id': '140', 'title': 'Real Sociedad', 'short_title': 'SOC'}","{'id': '207', 'title': 'Elche', 'short_title': 'ELC'}","{'h': '2', 'a': '0'}","{'h': '2.39443', 'a': '0.0778732'}",2021-05-07 19:00:00,"{'w': '0.9367', 'd': '0.0597', 'l': '0.0036'}",2020
15118,True,"{'id': '158', 'title': 'Alaves', 'short_title': 'ALA'}","{'id': '151', 'title': 'Levante', 'short_title': 'LEV'}","{'h': '2', 'a': '2'}","{'h': '1.32991', 'a': '0.987587'}",2021-05-08 12:00:00,"{'w': '0.4395', 'd': '0.3046', 'l': '0.2559'}",2020
15120,True,"{'id': '148', 'title': 'Barcelona', 'short_title': 'BAR'}","{'id': '143', 'title': 'Atletico Madrid', 'short_title': 'ATL'}","{'h': '0', 'a': '0'}","{'h': '0.853587', 'a': '0.685355'}",2021-05-08 14:15:00,"{'w': '0.3743', 'd': '0.3564', 'l': '0.2693'}",2020
15123,True,"{'id': '261', 'title': 'Cadiz', 'short_title': 'CAD'}","{'id': '232', 'title': 'SD Huesca', 'short_title': 'HUE'}","{'h': '2', 'a': '1'}","{'h': '0.990604', 'a': '0.43525'}",2021-05-08 16:30:00,"{'w': '0.5337', 'd': '0.3329', 'l': '0.1334'}",2020
15119,True,"{'id': '147', 'title': 'Athletic Club', 'short_title': 'ATH'}","{'id': '157', 'title': 'Osasuna', 'short_title': 'OSA'}","{'h': '2', 'a': '2'}","{'h': '1.39303', 'a': '1.55726'}",2021-05-08 19:00:00,"{'w': '0.3154', 'd': '0.2778', 'l': '0.4068'}",2020
15122,True,"{'id': '142', 'title': 'Getafe', 'short_title': 'GET'}","{'id': '156', 'title': 'Eibar', 'short_title': 'EIB'}","{'h': '0', 'a': '1'}","{'h': '0.767031', 'a': '1.06817'}",2021-05-09 12:00:00,"{'w': '0.1986', 'd': '0.3639', 'l': '0.4375'}",2020
15126,True,"{'id': '146', 'title': 'Valencia', 'short_title': 'VAL'}","{'id': '231', 'title': 'Real Valladolid', 'short_title': 'VAL'}","{'h': '3', 'a': '0'}","{'h': '1.26443', 'a': '0.754813'}",2021-05-09 14:15:00,"{'w': '0.5163', 'd': '0.3013', 'l': '0.1824'}",2020
15127,True,"{'id': '154', 'title': 'Villarreal', 'short_title': 'VIL'}","{'id': '152', 'title': 'Celta Vigo', 'short_title': 'CEL'}","{'h': '2', 'a': '4'}","{'h': '2.50872', 'a': '1.98001'}",2021-05-09 16:30:00,"{'w': '0.5007', 'd': '0.2621', 'l': '0.2372'}",2020
15124,True,"{'id': '150', 'title': 'Real Madrid', 'short_title': 'RMA'}","{'id': '138', 'title': 'Sevilla', 'short_title': 'SEV'}","{'h': '2', 'a': '2'}","{'h': '0.99637', 'a': '1.07261'}",2021-05-09 19:00:00,"{'w': '0.2782', 'd': '0.3739', 'l': '0.3479'}",2020
15121,True,"{'id': '153', 'title': 'Real Betis', 'short_title': 'BET'}","{'id': '155', 'title': 'Granada', 'short_title': 'GRA'}","{'h': '2', 'a': '1'}","{'h': '1.84702', 'a': '2.08496'}",2021-05-10 19:00:00,"{'w': '0.2977', 'd': '0.2796', 'l': '0.4227'}",2020
15134,True,"{'id': '157', 'title': 'Osasuna', 'short_title': 'OSA'}","{'id': '261', 'title': 'Cadiz', 'short_title': 'CAD'}","{'h': '3', 'a': '2'}","{'h': '2.14746', 'a': '1.54692'}",2021-05-11 17:00:00,"{'w': '0.5311', 'd': '0.2555', 'l': '0.2134'}",2020
15137,True,"{'id': '207', 'title': 'Elche', 'short_title': 'ELC'}","{'id': '158', 'title': 'Alaves', 'short_title': 'ALA'}","{'h': '0', 'a': '2'}","{'h': '0.886211', 'a': '1.66141'}",2021-05-11 18:00:00,"{'w': '0.1476', 'd': '0.2622', 'l': '0.5902'}",2020
15133,True,"{'id': '151', 'title': 'Levante', 'short_title': 'LEV'}","{'id': '148', 'title': 'Barcelona', 'short_title': 'BAR'}","{'h': '3', 'a': '3'}","{'h': '1.27727', 'a': '3.0801'}",2021-05-11 20:00:00,"{'w': '0.0869', 'd': '0.1383', 'l': '0.7748'}",2020
15135,True,"{'id': '138', 'title': 'Sevilla', 'short_title': 'SEV'}","{'id': '146', 'title': 'Valencia', 'short_title': 'VAL'}","{'h': '1', 'a': '0'}","{'h': '0.865705', 'a': '0.343195'}",2021-05-12 17:00:00,"{'w': '0.5017', 'd': '0.3741', 'l': '0.1242'}",2020
15129,True,"{'id': '152', 'title': 'Celta Vigo', 'short_title': 'CEL'}","{'id': '142', 'title': 'Getafe', 'short_title': 'GET'}","{'h': '1', 'a': '0'}","{'h': '0.209945', 'a': '1.14081'}",2021-05-12 18:00:00,"{'w': '0.0602', 'd': '0.3029', 'l': '0.6369'}",2020
15132,True,"{'id': '232', 'title': 'SD Huesca', 'short_title': 'HUE'}","{'id': '147', 'title': 'Athletic Club', 'short_title': 'ATH'}","{'h': '1', 'a': '0'}","{'h': '1.56368', 'a': '0.401551'}",2021-05-12 18:00:00,"{'w': '0.7029', 'd': '0.2299', 'l': '0.0672'}",2020
15128,True,"{'id': '143', 'title': 'Atletico Madrid', 'short_title': 'ATL'}","{'id': '140', 'title': 'Real Sociedad', 'short_title': 'SOC'}","{'h': '2', 'a': '1'}","{'h': '1.7908', 'a': '1.53283'}",2021-05-12 20:00:00,"{'w': '0.4393', 'd': '0.2426', 'l': '0.3181'}",2020
15136,True,"{'id': '231', 'title': 'Real Valladolid', 'short_title': 'VAL'}","{'id': '154', 'title': 'Villarreal', 'short_title': 'VIL'}","{'h': '0', 'a': '2'}","{'h': '1.38976', 'a': '0.600771'}",2021-05-13 17:00:00,"{'w': '0.5948', 'd': '0.2735', 'l': '0.1317'}",2020
15130,True,"{'id': '156', 'title': 'Eibar', 'short_title': 'EIB'}","{'id': '153', 'title': 'Real Betis', 'short_title': 'BET'}","{'h': '1', 'a': '1'}","{'h': '1.10754', 'a': '0.605825'}",2021-05-13 18:00:00,"{'w': '0.4908', 'd': '0.3274', 'l': '0.1818'}",2020
15131,True,"{'id': '155', 'title': 'Granada', 'short_title': 'GRA'}","{'id': '150', 'title': 'Real Madrid', 'short_title': 'RMA'}","{'h': '1', 'a': '4'}","{'h': '1.69529', 'a': '1.39286'}",2021-05-13 20:00:00,"{'w': '0.4542', 'd': '0.262', 'l': '0.2838'}",2020
15138,True,"{'id': '158', 'title': 'Alaves', 'short_title': 'ALA'}","{'id': '155', 'title': 'Granada', 'short_title': 'GRA'}","{'h': '4', 'a': '2'}","{'h': '2.83763', 'a': '0.841672'}",2021-05-16 16:30:00,"{'w': '0.8417', 'd': '0.1201', 'l': '0.0382'}",2020
15139,True,"{'id': '147', 'title': 'Athletic Club', 'short_title': 'ATH'}","{'id': '150', 'title': 'Real Madrid', 'short_title': 'RMA'}","{'h': '0', 'a': '1'}","{'h': '0.705495', 'a': '1.21866'}",2021-05-16 16:30:00,"{'w': '0.1808', 'd': '0.3122', 'l': '0.507'}",2020
15140,True,"{'id': '143', 'title': 'Atletico Madrid', 'short_title': 'ATL'}","{'id': '157', 'title': 'Osasuna', 'short_title': 'OSA'}","{'h': '2', 'a': '1'}","{'h': '2.97525', 'a': '0.673558'}",2021-05-16 16:30:00,"{'w': '0.8777', 'd': '0.0961', 'l': '0.0262'}",2020
15141,True,"{'id': '148', 'title': 'Barcelona', 'short_title': 'BAR'}","{'id': '152', 'title': 'Celta Vigo', 'short_title': 'CEL'}","{'h': '1', 'a': '2'}","{'h': '2.10966', 'a': '0.631271'}",2021-05-16 16:30:00,"{'w': '0.7652', 'd': '0.1748', 'l': '0.06'}",2020
15142,True,"{'id': '153', 'title': 'Real Betis', 'short_title': 'BET'}","{'id': '232', 'title': 'SD Huesca', 'short_title': 'HUE'}","{'h': '1', 'a': '0'}","{'h': '1.17298', 'a': '0.249221'}",2021-05-16 16:30:00,"{'w': '0.6968', 'd': '0.2552', 'l': '0.048'}",2020
15143,True,"{'id': '142', 'title': 'Getafe', 'short_title': 'GET'}","{'id': '151', 'title': 'Levante', 'short_title': 'LEV'}","{'h': '2', 'a': '1'}","{'h': '0.769611', 'a': '0.441218'}",2021-05-16 16:30:00,"{'w': '0.3937', 'd': '0.409', 'l': '0.1973'}",2020
15144,True,"{'id': '261', 'title': 'Cadiz', 'short_title': 'CAD'}","{'id': '207', 'title': 'Elche', 'short_title': 'ELC'}","{'h': '1', 'a': '3'}","{'h': '1.07259', 'a': '2.83914'}",2021-05-16 16:30:00,"{'w': '0.0622', 'd': '0.148', 'l': '0.7898'}",2020
15145,True,"{'id': '140', 'title': 'Real Sociedad', 'short_title': 'SOC'}","{'id': '231', 'title': 'Real Valladolid', 'short_title': 'VAL'}","{'h': '4', 'a': '1'}","{'h': '1.67996', 'a': '1.04641'}",2021-05-16 16:30:00,"{'w': '0.548', 'd': '0.2599', 'l': '0.1921'}",2020
15146,True,"{'id': '146', 'title': 'Valencia', 'short_title': 'VAL'}","{'id': '156', 'title': 'Eibar', 'short_title': 'EIB'}","{'h': '4', 'a': '1'}","{'h': '1.33301', 'a': '2.68303'}",2021-05-16 16:30:00,"{'w': '0.1032', 'd': '0.1851', 'l': '0.7117'}",2020
15147,True,"{'id': '154', 'title': 'Villarreal', 'short_title': 'VIL'}","{'id': '138', 'title': 'Sevilla', 'short_title': 'SEV'}","{'h': '4', 'a': '0'}","{'h': '1.60717', 'a': '2.51965'}",2021-05-16 16:30:00,"{'w': '0.1788', 'd': '0.2116', 'l': '0.6096'}",2020
15152,True,"{'id': '151', 'title': 'Levante', 'short_title': 'LEV'}","{'id': '261', 'title': 'Cadiz', 'short_title': 'CAD'}","{'h': '2', 'a': '2'}","{'h': '1.51266', 'a': '0.424135'}",2021-05-21 15:00:00,"{'w': '0.6744', 'd': '0.2428', 'l': '0.0828'}",2020
15148,True,"{'id': '152', 'title': 'Celta Vigo', 'short_title': 'CEL'}","{'id': '153', 'title': 'Real Betis', 'short_title': 'BET'}","{'h': '2', 'a': '3'}","{'h': '1.21829', 'a': '2.06863'}",2021-05-22 16:00:00,"{'w': '0.1112', 'd': '0.2511', 'l': '0.6377'}",2020
15149,True,"{'id': '156', 'title': 'Eibar', 'short_title': 'EIB'}","{'id': '148', 'title': 'Barcelona', 'short_title': 'BAR'}","{'h': '0', 'a': '1'}","{'h': '1.44968', 'a': '0.284589'}",2021-05-22 16:00:00,"{'w': '0.7273', 'd': '0.2172', 'l': '0.0555'}",2020
15151,True,"{'id': '232', 'title': 'SD Huesca', 'short_title': 'HUE'}","{'id': '146', 'title': 'Valencia', 'short_title': 'VAL'}","{'h': '0', 'a': '0'}","{'h': '0.974788', 'a': '0.421299'}",2021-05-22 16:00:00,"{'w': '0.4967', 'd': '0.3507', 'l': '0.1526'}",2020
15153,True,"{'id': '157', 'title': 'Osasuna', 'short_title': 'OSA'}","{'id': '140', 'title': 'Real Sociedad', 'short_title': 'SOC'}","{'h': '0', 'a': '1'}","{'h': '0.41494', 'a': '2.08092'}",2021-05-22 16:00:00,"{'w': '0.0401', 'd': '0.1391', 'l': '0.8208'}",2020
15154,True,"{'id': '150', 'title': 'Real Madrid', 'short_title': 'RMA'}","{'id': '154', 'title': 'Villarreal', 'short_title': 'VIL'}","{'h': '2', 'a': '1'}","{'h': '0.804298', 'a': '0.614418'}",2021-05-22 16:00:00,"{'w': '0.3671', 'd': '0.3806', 'l': '0.2523'}",2020
15156,True,"{'id': '231', 'title': 'Real Valladolid', 'short_title': 'VAL'}","{'id': '143', 'title': 'Atletico Madrid', 'short_title': 'ATL'}","{'h': '1', 'a': '2'}","{'h': '0.995635', 'a': '1.2916'}",2021-05-22 16:00:00,"{'w': '0.2801', 'd': '0.2957', 'l': '0.4242'}",2020
15157,True,"{'id': '207', 'title': 'Elche', 'short_title': 'ELC'}","{'id': '147', 'title': 'Athletic Club', 'short_title': 'ATH'}","{'h': '2', 'a': '0'}","{'h': '1.33082', 'a': '0.303264'}",2021-05-22 16:00:00,"{'w': '0.7131', 'd': '0.2282', 'l': '0.0587'}",2020
15150,True,"{'id': '155', 'title': 'Granada', 'short_title': 'GRA'}","{'id': '142', 'title': 'Getafe', 'short_title': 'GET'}","{'h': '0', 'a': '0'}","{'h': '0.444987', 'a': '0.46059'}",2021-05-23 16:30:00,"{'w': '0.256', 'd': '0.4832', 'l': '0.2608'}",2020
15155,True,"{'id': '138', 'title': 'Sevilla', 'short_title': 'SEV'}","{'id': '158', 'title': 'Alaves', 'short_title': 'ALA'}","{'h': '1', 'a': '0'}","{'h': '0.35705', 'a': '0.785012'}",2021-05-23 19:00:00,"{'w': '0.1485', 'd': '0.3958', 'l': '0.4557'}",2020
17136,True,"{'id': '146', 'title': 'Valencia', 'short_title': 'VAL'}","{'id': '142', 'title': 'Getafe', 'short_title': 'GET'}","{'h': '1', 'a': '0'}","{'h': '1.57861', 'a': '1.19326'}",2021-08-13 19:00:00,"{'w': '0.4959', 'd': '0.26', 'l': '0.2441'}",2021
17138,True,"{'id': '239', 'title': 'Mallorca', 'short_title': 'MAL'}","{'id': '153', 'title': 'Real Betis', 'short_title': 'BET'}","{'h': '1', 'a': '1'}","{'h': '0.569578', 'a': '0.814085'}",2021-08-14 17:30:00,"{'w': '0.2253', 'd': '0.3826', 'l': '0.3921'}",2021
17139,True,"{'id': '261', 'title': 'Cadiz', 'short_title': 'CAD'}","{'id': '151', 'title': 'Levante', 'short_title': 'LEV'}","{'h': '1', 'a': '1'}","{'h': '0.993589', 'a': '0.915954'}",2021-08-14 17:30:00,"{'w': '0.3656', 'd': '0.3362', 'l': '0.2982'}",2021
17137,True,"{'id': '157', 'title': 'Osasuna', 'short_title': 'OSA'}","{'id': '141', 'title': 'Espanyol', 'short_title': 'ESP'}","{'h': '0', 'a': '0'}","{'h': '0.579404', 'a': '0.583698'}",2021-08-14 20:00:00,"{'w': '0.2966', 'd': '0.4217', 'l': '0.2817'}",2021
17140,True,"{'id': '158', 'title': 'Alaves', 'short_title': 'ALA'}","{'id': '150', 'title': 'Real Madrid', 'short_title': 'RMA'}","{'h': '1', 'a': '4'}","{'h': '1.41097', 'a': '2.15551'}",2021-08-14 20:00:00,"{'w': '0.1984', 'd': '0.2402', 'l': '0.5614'}",2021
17141,True,"{'id': '152', 'title': 'Celta Vigo', 'short_title': 'CEL'}","{'id': '143', 'title': 'Atletico Madrid', 'short_title': 'ATL'}","{'h': '1', 'a': '2'}","{'h': '1.59399', 'a': '1.805'}",2021-08-15 15:30:00,"{'w': '0.2949', 'd': '0.2955', 'l': '0.4096'}",2021
17142,True,"{'id': '148', 'title': 'Barcelona', 'short_title': 'BAR'}","{'id': '140', 'title': 'Real Sociedad', 'short_title': 'SOC'}","{'h': '4', 'a': '2'}","{'h': '3.46484', 'a': '0.902312'}",2021-08-15 18:00:00,"{'w': '0.9194', 'd': '0.0596', 'l': '0.021'}",2021
17143,True,"{'id': '138', 'title': 'Sevilla', 'short_title': 'SEV'}","{'id': '145', 'title': 'Rayo Vallecano', 'short_title': 'RVL'}","{'h': '3', 'a': '0'}","{'h': '3.67402', 'a': '0.484078'}",2021-08-15 20:15:00,"{'w': '0.973', 'd': '0.023', 'l': '0.004'}",2021
17144,True,"{'id': '154', 'title': 'Villarreal', 'short_title': 'VIL'}","{'id': '155', 'title': 'Granada', 'short_title': 'GRA'}","{'h': '0', 'a': '0'}","{'h': '1.21791', 'a': '0.246735'}",2021-08-16 18:00:00,"{'w': '0.6516', 'd': '0.2824', 'l': '0.066'}",2021
17145,True,"{'id': '207', 'title': 'Elche', 'short_title': 'ELC'}","{'id': '147', 'title': 'Athletic Club', 'short_title': 'ATH'}","{'h': '0', 'a': '0'}","{'h': '0.933565', 'a': '0.634866'}",2021-08-16 20:00:00,"{'w': '0.4366', 'd': '0.3714', 'l': '0.192'}",2021
17146,True,"{'id': '153', 'title': 'Real Betis', 'short_title': 'BET'}","{'id': '261', 'title': 'Cadiz', 'short_title': 'CAD'}","{'h': '1', 'a': '1'}","{'h': '1.82337', 'a': '1.4533'}",2021-08-20 19:00:00,"{'w': '0.4555', 'd': '0.277', 'l': '0.2675'}",2021
17147,True,"{'id': '158', 'title': 'Alaves', 'short_title': 'ALA'}","{'id': '239', 'title': 'Mallorca', 'short_title': 'MAL'}","{'h': '0', 'a': '1'}","{'h': '0.920977', 'a': '0.82407'}",2021-08-21 15:00:00,"{'w': '0.369', 'd': '0.3405', 'l': '0.2905'}",2021
17148,True,"{'id': '155', 'title': 'Granada', 'short_title': 'GRA'}","{'id': '146', 'title': 'Valencia', 'short_title': 'VAL'}","{'h': '1', 'a': '1'}","{'h': '0.752693', 'a': '1.50025'}",2021-08-21 17:30:00,"{'w': '0.1407', 'd': '0.2794', 'l': '0.5799'}",2021
17149,True,"{'id': '141', 'title': 'Espanyol', 'short_title': 'ESP'}","{'id': '154', 'title': 'Villarreal', 'short_title': 'VIL'}","{'h': '0', 'a': '0'}","{'h': '1.68861', 'a': '0.597171'}",2021-08-21 17:30:00,"{'w': '0.67', 'd': '0.2256', 'l': '0.1044'}",2021
17150,True,"{'id': '147', 'title': 'Athletic Club', 'short_title': 'ATH'}","{'id': '148', 'title': 'Barcelona', 'short_title': 'BAR'}","{'h': '1', 'a': '1'}","{'h': '1.43436', 'a': '1.18383'}",2021-08-21 20:00:00,"{'w': '0.4166', 'd': '0.2771', 'l': '0.3063'}",2021
17151,True,"{'id': '140', 'title': 'Real Sociedad', 'short_title': 'SOC'}","{'id': '145', 'title': 'Rayo Vallecano', 'short_title': 'RVL'}","{'h': '1', 'a': '0'}","{'h': '2.26913', 'a': '0.76322'}",2021-08-22 15:00:00,"{'w': '0.7742', 'd': '0.1628', 'l': '0.063'}",2021
17152,True,"{'id': '143', 'title': 'Atletico Madrid', 'short_title': 'ATL'}","{'id': '207', 'title': 'Elche', 'short_title': 'ELC'}","{'h': '1', 'a': '0'}","{'h': '1.04508', 'a': '0.168373'}",2021-08-22 17:30:00,"{'w': '0.6599', 'd': '0.2939', 'l': '0.0462'}",2021
17153,True,"{'id': '151', 'title': 'Levante', 'short_title': 'LEV'}","{'id': '150', 'title': 'Real Madrid', 'short_title': 'RMA'}","{'h': '3', 'a': '3'}","{'h': '1.63837', 'a': '2.14125'}",2021-08-22 20:00:00,"{'w': '0.2526', 'd': '0.2537', 'l': '0.4937'}",2021
17154,True,"{'id': '142', 'title': 'Getafe', 'short_title': 'GET'}","{'id': '138', 'title': 'Sevilla', 'short_title': 'SEV'}","{'h': '0', 'a': '1'}","{'h': '0.391853', 'a': '0.813891'}",2021-08-23 18:00:00,"{'w': '0.1477', 'd': '0.3762', 'l': '0.4761'}",2021
17155,True,"{'id': '157', 'title': 'Osasuna', 'short_title': 'OSA'}","{'id': '152', 'title': 'Celta Vigo', 'short_title': 'CEL'}","{'h': '0', 'a': '0'}","{'h': '2.58218', 'a': '0.084571'}",2021-08-23 20:00:00,"{'w': '0.9548', 'd': '0.0429', 'l': '0.0023'}",2021
17156,True,"{'id': '239', 'title': 'Mallorca', 'short_title': 'MAL'}","{'id': '141', 'title': 'Espanyol', 'short_title': 'ESP'}","{'h': '1', 'a': '0'}","{'h': '1.28733', 'a': '0.296878'}",2021-08-27 18:00:00,"{'w': '0.662', 'd': '0.2669', 'l': '0.0711'}",2021
17157,True,"{'id': '146', 'title': 'Valencia', 'short_title': 'VAL'}","{'id': '158', 'title': 'Alaves', 'short_title': 'ALA'}","{'h': '3', 'a': '0'}","{'h': '2.33998', 'a': '0.360675'}",2021-08-27 20:15:00,"{'w': '0.8926', 'd': '0.0884', 'l': '0.019'}",2021
17158,True,"{'id': '152', 'title': 'Celta Vigo', 'short_title': 'CEL'}","{'id': '147', 'title': 'Athletic Club', 'short_title': 'ATH'}","{'h': '0', 'a': '1'}","{'h': '0.934567', 'a': '1.45227'}",2021-08-28 15:00:00,"{'w': '0.1976', 'd': '0.2749', 'l': '0.5275'}",2021
17159,True,"{'id': '140', 'title': 'Real Sociedad', 'short_title': 'SOC'}","{'id': '151', 'title': 'Levante', 'short_title': 'LEV'}","{'h': '1', 'a': '0'}","{'h': '0.855875', 'a': '0.521015'}",2021-08-28 17:30:00,"{'w': '0.4164', 'd': '0.3843', 'l': '0.1993'}",2021
17160,True,"{'id': '207', 'title': 'Elche', 'short_title': 'ELC'}","{'id': '138', 'title': 'Sevilla', 'short_title': 'SEV'}","{'h': '1', 'a': '1'}","{'h': '0.855435', 'a': '1.70035'}",2021-08-28 17:30:00,"{'w': '0.1519', 'd': '0.243', 'l': '0.6051'}",2021
17161,True,"{'id': '153', 'title': 'Real Betis', 'short_title': 'BET'}","{'id': '150', 'title': 'Real Madrid', 'short_title': 'RMA'}","{'h': '0', 'a': '1'}","{'h': '0.420687', 'a': '0.94097'}",2021-08-28 20:00:00,"{'w': '0.1482', 'd': '0.3584', 'l': '0.4934'}",2021
17162,True,"{'id': '148', 'title': 'Barcelona', 'short_title': 'BAR'}","{'id': '142', 'title': 'Getafe', 'short_title': 'GET'}","{'h': '2', 'a': '1'}","{'h': '1.05122', 'a': '0.283315'}",2021-08-29 15:00:00,"{'w': '0.5968', 'd': '0.3157', 'l': '0.0875'}",2021
17163,True,"{'id': '261', 'title': 'Cadiz', 'short_title': 'CAD'}","{'id': '157', 'title': 'Osasuna', 'short_title': 'OSA'}","{'h': '2', 'a': '3'}","{'h': '1.36149', 'a': '2.28418'}",2021-08-29 17:30:00,"{'w': '0.1267', 'd': '0.2455', 'l': '0.6278'}",2021
17164,True,"{'id': '145', 'title': 'Rayo Vallecano', 'short_title': 'RVL'}","{'id': '155', 'title': 'Granada', 'short_title': 'GRA'}","{'h': '4', 'a': '0'}","{'h': '2.19631', 'a': '0.586302'}",2021-08-29 17:30:00,"{'w': '0.7951', 'd': '0.1496', 'l': '0.0553'}",2021
17165,True,"{'id': '143', 'title': 'Atletico Madrid', 'short_title': 'ATL'}","{'id': '154', 'title': 'Villarreal', 'short_title': 'VIL'}","{'h': '2', 'a': '2'}","{'h': '1.773', 'a': '0.448731'}",2021-08-29 20:00:00,"{'w': '0.7408', 'd': '0.2048', 'l': '0.0544'}",2021
17171,True,"{'id': '151', 'title': 'Levante', 'short_title': 'LEV'}","{'id': '145', 'title': 'Rayo Vallecano', 'short_title': 'RVL'}","{'h': '1', 'a': '1'}","{'h': '1.10993', 'a': '2.7683'}",2021-09-11 16:30:00,"{'w': '0.065', 'd': '0.153', 'l': '0.782'}",2021
17166,True,"{'id': '147', 'title': 'Athletic Club', 'short_title': 'ATH'}","{'id': '239', 'title': 'Mallorca', 'short_title': 'MAL'}","{'h': '2', 'a': '0'}","{'h': '1.855', 'a': '0.22503'}",2021-09-11 19:00:00,"{'w': '0.8138', 'd': '0.1564', 'l': '0.0298'}",2021
17170,True,"{'id': '141', 'title': 'Espanyol', 'short_title': 'ESP'}","{'id': '143', 'title': 'Atletico Madrid', 'short_title': 'ATL'}","{'h': '1', 'a': '2'}","{'h': '0.373891', 'a': '0.732283'}",2021-09-12 12:00:00,"{'w': '0.1629', 'd': '0.4168', 'l': '0.4203'}",2021
17172,True,"{'id': '157', 'title': 'Osasuna', 'short_title': 'OSA'}","{'id': '146', 'title': 'Valencia', 'short_title': 'VAL'}","{'h': '1', 'a': '4'}","{'h': '0.457252', 'a': '0.924929'}",2021-09-12 14:15:00,"{'w': '0.1556', 'd': '0.3598', 'l': '0.4846'}",2021
17168,True,"{'id': '261', 'title': 'Cadiz', 'short_title': 'CAD'}","{'id': '140', 'title': 'Real Sociedad', 'short_title': 'SOC'}","{'h': '0', 'a': '2'}","{'h': '0.607763', 'a': '2.36611'}",2021-09-12 16:30:00,"{'w': '0.0382', 'd': '0.1342', 'l': '0.8276'}",2021
17173,True,"{'id': '150', 'title': 'Real Madrid', 'short_title': 'RMA'}","{'id': '152', 'title': 'Celta Vigo', 'short_title': 'CEL'}","{'h': '5', 'a': '2'}","{'h': '3.03734', 'a': '1.99062'}",2021-09-12 19:00:00,"{'w': '0.6348', 'd': '0.196', 'l': '0.1692'}",2021
17167,True,"{'id': '142', 'title': 'Getafe', 'short_title': 'GET'}","{'id': '207', 'title': 'Elche', 'short_title': 'ELC'}","{'h': '0', 'a': '1'}","{'h': '0.3796', 'a': '1.07401'}",2021-09-13 18:00:00,"{'w': '0.1078', 'd': '0.3017', 'l': '0.5905'}",2021
17169,True,"{'id': '155', 'title': 'Granada', 'short_title': 'GRA'}","{'id': '153', 'title': 'Real Betis', 'short_title': 'BET'}","{'h': '1', 'a': '2'}","{'h': '0.780077', 'a': '2.43767'}",2021-09-13 20:00:00,"{'w': '0.0704', 'd': '0.1507', 'l': '0.7789'}",2021
17180,True,"{'id': '152', 'title': 'Celta Vigo', 'short_title': 'CEL'}","{'id': '261', 'title': 'Cadiz', 'short_title': 'CAD'}","{'h': '1', 'a': '2'}","{'h': '0.993864', 'a': '1.07407'}",2021-09-17 19:00:00,"{'w': '0.2744', 'd': '0.3547', 'l': '0.3709'}",2021
17184,True,"{'id': '145', 'title': 'Rayo Vallecano', 'short_title': 'RVL'}","{'id': '142', 'title': 'Getafe', 'short_title': 'GET'}","{'h': '3', 'a': '0'}","{'h': '1.98661', 'a': '1.15428'}",2021-09-18 12:00:00,"{'w': '0.5978', 'd': '0.2597', 'l': '0.1425'}",2021
17177,True,"{'id': '143', 'title': 'Atletico Madrid', 'short_title': 'ATL'}","{'id': '147', 'title': 'Athletic Club', 'short_title': 'ATH'}","{'h': '0', 'a': '0'}","{'h': '1.10053', 'a': '1.10578'}",2021-09-18 14:15:00,"{'w': '0.3288', 'd': '0.3291', 'l': '0.3421'}",2021
17185,True,"{'id': '207', 'title': 'Elche', 'short_title': 'ELC'}","{'id': '151', 'title': 'Levante', 'short_title': 'LEV'}","{'h': '1', 'a': '1'}","{'h': '0.536512', 'a': '1.12463'}",2021-09-18 16:30:00,"{'w': '0.165', 'd': '0.3113', 'l': '0.5237'}",2021
17176,True,"{'id': '158', 'title': 'Alaves', 'short_title': 'ALA'}","{'id': '157', 'title': 'Osasuna', 'short_title': 'OSA'}","{'h': '0', 'a': '2'}","{'h': '0.251601', 'a': '1.32313'}",2021-09-18 19:00:00,"{'w': '0.0412', 'd': '0.2108', 'l': '0.748'}",2021
17181,True,"{'id': '239', 'title': 'Mallorca', 'short_title': 'MAL'}","{'id': '154', 'title': 'Villarreal', 'short_title': 'VIL'}","{'h': '0', 'a': '0'}","{'h': '0.529054', 'a': '1.63437'}",2021-09-19 12:00:00,"{'w': '0.0782', 'd': '0.2093', 'l': '0.7125'}",2021
17182,True,"{'id': '140', 'title': 'Real Sociedad', 'short_title': 'SOC'}","{'id': '138', 'title': 'Sevilla', 'short_title': 'SEV'}","{'h': '0', 'a': '0'}","{'h': '1.17723', 'a': '0.7654'}",2021-09-19 14:15:00,"{'w': '0.4716', 'd': '0.3501', 'l': '0.1783'}",2021
17179,True,"{'id': '153', 'title': 'Real Betis', 'short_title': 'BET'}","{'id': '141', 'title': 'Espanyol', 'short_title': 'ESP'}","{'h': '2', 'a': '2'}","{'h': '2.36891', 'a': '1.21693'}",2021-09-19 16:30:00,"{'w': '0.6519', 'd': '0.1952', 'l': '0.1529'}",2021
17183,True,"{'id': '146', 'title': 'Valencia', 'short_title': 'VAL'}","{'id': '150', 'title': 'Real Madrid', 'short_title': 'RMA'}","{'h': '1', 'a': '2'}","{'h': '0.647432', 'a': '1.36343'}",2021-09-19 19:00:00,"{'w': '0.1539', 'd': '0.2734', 'l': '0.5727'}",2021
17178,True,"{'id': '148', 'title': 'Barcelona', 'short_title': 'BAR'}","{'id': '155', 'title': 'Granada', 'short_title': 'GRA'}","{'h': '1', 'a': '1'}","{'h': '1.88236', 'a': '0.612728'}",2021-09-20 19:00:00,"{'w': '0.7337', 'd': '0.1943', 'l': '0.072'}",2021
17187,True,"{'id': '142', 'title': 'Getafe', 'short_title': 'GET'}","{'id': '143', 'title': 'Atletico Madrid', 'short_title': 'ATL'}","{'h': '1', 'a': '2'}","{'h': '0.330581', 'a': '1.47906'}",2021-09-21 17:30:00,"{'w': '0.0628', 'd': '0.2255', 'l': '0.7117'}",2021
17186,True,"{'id': '147', 'title': 'Athletic Club', 'short_title': 'ATH'}","{'id': '145', 'title': 'Rayo Vallecano', 'short_title': 'RVL'}","{'h': '1', 'a': '2'}","{'h': '0.956027', 'a': '1.04121'}",2021-09-21 20:00:00,"{'w': '0.2829', 'd': '0.3586', 'l': '0.3585'}",2021
17194,True,"{'id': '151', 'title': 'Levante', 'short_title': 'LEV'}","{'id': '152', 'title': 'Celta Vigo', 'short_title': 'CEL'}","{'h': '0', 'a': '2'}","{'h': '1.40702', 'a': '0.739683'}",2021-09-21 20:00:00,"{'w': '0.582', 'd': '0.2886', 'l': '0.1294'}",2021
17189,True,"{'id': '138', 'title': 'Sevilla', 'short_title': 'SEV'}","{'id': '146', 'title': 'Valencia', 'short_title': 'VAL'}","{'h': '3', 'a': '1'}","{'h': '1.20708', 'a': '0.442431'}",2021-09-22 17:30:00,"{'w': '0.5897', 'd': '0.2909', 'l': '0.1194'}",2021
17193,True,"{'id': '141', 'title': 'Espanyol', 'short_title': 'ESP'}","{'id': '158', 'title': 'Alaves', 'short_title': 'ALA'}","{'h': '1', 'a': '0'}","{'h': '1.61796', 'a': '0.424815'}",2021-09-22 17:30:00,"{'w': '0.7409', 'd': '0.1976', 'l': '0.0615'}",2021
17188,True,"{'id': '154', 'title': 'Villarreal', 'short_title': 'VIL'}","{'id': '207', 'title': 'Elche', 'short_title': 'ELC'}","{'h': '4', 'a': '1'}","{'h': '2.77855', 'a': '1.09551'}",2021-09-22 20:00:00,"{'w': '0.8037', 'd': '0.1355', 'l': '0.0608'}",2021
17190,True,"{'id': '150', 'title': 'Real Madrid', 'short_title': 'RMA'}","{'id': '239', 'title': 'Mallorca', 'short_title': 'MAL'}","{'h': '6', 'a': '1'}","{'h': '2.3746', 'a': '1.19165'}",2021-09-22 20:00:00,"{'w': '0.6585', 'd': '0.1893', 'l': '0.1522'}",2021
17192,True,"{'id': '155', 'title': 'Granada', 'short_title': 'GRA'}","{'id': '140', 'title': 'Real Sociedad', 'short_title': 'SOC'}","{'h': '2', 'a': '3'}","{'h': '1.25019', 'a': '1.58153'}",2021-09-23 17:30:00,"{'w': '0.2758', 'd': '0.2933', 'l': '0.4309'}",2021
17195,True,"{'id': '157', 'title': 'Osasuna', 'short_title': 'OSA'}","{'id': '153', 'title': 'Real Betis', 'short_title': 'BET'}","{'h': '1', 'a': '3'}","{'h': '0.820269', 'a': '2.20306'}",2021-09-23 17:30:00,"{'w': '0.0918', 'd': '0.1751', 'l': '0.7331'}",2021
17191,True,"{'id': '261', 'title': 'Cadiz', 'short_title': 'CAD'}","{'id': '148', 'title': 'Barcelona', 'short_title': 'BAR'}","{'h': '0', 'a': '0'}","{'h': '1.40061', 'a': '0.361756'}",2021-09-23 20:00:00,"{'w': '0.6752', 'd': '0.2478', 'l': '0.077'}",2021
17197,True,"{'id': '158', 'title': 'Alaves', 'short_title': 'ALA'}","{'id': '143', 'title': 'Atletico Madrid', 'short_title': 'ATL'}","{'h': '1', 'a': '0'}","{'h': '1.19699', 'a': '0.558059'}",2021-09-25 12:00:00,"{'w': '0.5693', 'd': '0.2868', 'l': '0.1439'}",2021
17199,True,"{'id': '146', 'title': 'Valencia', 'short_title': 'VAL'}","{'id': '147', 'title': 'Athletic Club', 'short_title': 'ATH'}","{'h': '1', 'a': '1'}","{'h': '1.08633', 'a': '0.830524'}",2021-09-25 14:15:00,"{'w': '0.4246', 'd': '0.3236', 'l': '0.2518'}",2021
17200,True,"{'id': '138', 'title': 'Sevilla', 'short_title': 'SEV'}","{'id': '141', 'title': 'Espanyol', 'short_title': 'ESP'}","{'h': '2', 'a': '0'}","{'h': '1.57528', 'a': '0.478568'}",2021-09-25 16:30:00,"{'w': '0.7562', 'd': '0.1908', 'l': '0.053'}",2021
17202,True,"{'id': '150', 'title': 'Real Madrid', 'short_title': 'RMA'}","{'id': '154', 'title': 'Villarreal', 'short_title': 'VIL'}","{'h': '0', 'a': '0'}","{'h': '1.53636', 'a': '0.666401'}",2021-09-25 19:00:00,"{'w': '0.6297', 'd': '0.2561', 'l': '0.1142'}",2021
17203,True,"{'id': '239', 'title': 'Mallorca', 'short_title': 'MAL'}","{'id': '157', 'title': 'Osasuna', 'short_title': 'OSA'}","{'h': '2', 'a': '3'}","{'h': '2.74158', 'a': '1.63553'}",2021-09-26 12:00:00,"{'w': '0.6487', 'd': '0.1887', 'l': '0.1626'}",2021
17196,True,"{'id': '148', 'title': 'Barcelona', 'short_title': 'BAR'}","{'id': '151', 'title': 'Levante', 'short_title': 'LEV'}","{'h': '3', 'a': '0'}","{'h': '3.11328', 'a': '0.712689'}",2021-09-26 14:15:00,"{'w': '0.8961', 'd': '0.0798', 'l': '0.0241'}",2021
17198,True,"{'id': '145', 'title': 'Rayo Vallecano', 'short_title': 'RVL'}","{'id': '261', 'title': 'Cadiz', 'short_title': 'CAD'}","{'h': '3', 'a': '1'}","{'h': '1.89007', 'a': '1.09997'}",2021-09-26 16:30:00,"{'w': '0.6034', 'd': '0.2578', 'l': '0.1388'}",2021
17201,True,"{'id': '140', 'title': 'Real Sociedad', 'short_title': 'SOC'}","{'id': '207', 'title': 'Elche', 'short_title': 'ELC'}","{'h': '1', 'a': '0'}","{'h': '2.11835', 'a': '0.573483'}",2021-09-26 16:30:00,"{'w': '0.8178', 'd': '0.1514', 'l': '0.0308'}",2021
17205,True,"{'id': '153', 'title': 'Real Betis', 'short_title': 'BET'}","{'id': '142', 'title': 'Getafe', 'short_title': 'GET'}","{'h': '2', 'a': '0'}","{'h': '2.4642', 'a': '0.590585'}",2021-09-26 19:00:00,"{'w': '0.8336', 'd': '0.1272', 'l': '0.0392'}",2021
17204,True,"{'id': '152', 'title': 'Celta Vigo', 'short_title': 'CEL'}","{'id': '155', 'title': 'Granada', 'short_title': 'GRA'}","{'h': '1', 'a': '0'}","{'h': '1.26658', 'a': '0.541862'}",2021-09-27 19:00:00,"{'w': '0.5904', 'd': '0.3023', 'l': '0.1073'}",2021
17211,True,"{'id': '147', 'title': 'Athletic Club', 'short_title': 'ATH'}","{'id': '158', 'title': 'Alaves', 'short_title': 'ALA'}","{'h': '1', 'a': '0'}","{'h': '2.49402', 'a': '0.808018'}",2021-10-01 19:00:00,"{'w': '0.8047', 'd': '0.1301', 'l': '0.0652'}",2021
17208,True,"{'id': '157', 'title': 'Osasuna', 'short_title': 'OSA'}","{'id': '145', 'title': 'Rayo Vallecano', 'short_title': 'RVL'}","{'h': '1', 'a': '0'}","{'h': '0.657174', 'a': '0.148539'}",2021-10-02 12:00:00,"{'w': '0.4737', 'd': '0.4564', 'l': '0.0699'}",2021
17213,True,"{'id': '239', 'title': 'Mallorca', 'short_title': 'MAL'}","{'id': '151', 'title': 'Levante', 'short_title': 'LEV'}","{'h': '1', 'a': '0'}","{'h': '0.442135', 'a': '1.43388'}",2021-10-02 14:15:00,"{'w': '0.0696', 'd': '0.2194', 'l': '0.711'}",2021
17215,True,"{'id': '261', 'title': 'Cadiz', 'short_title': 'CAD'}","{'id': '146', 'title': 'Valencia', 'short_title': 'VAL'}","{'h': '0', 'a': '0'}","{'h': '0.156791', 'a': '1.43757'}",2021-10-02 16:30:00,"{'w': '0.0285', 'd': '0.2037', 'l': '0.7678'}",2021
17212,True,"{'id': '143', 'title': 'Atletico Madrid', 'short_title': 'ATL'}","{'id': '148', 'title': 'Barcelona', 'short_title': 'BAR'}","{'h': '2', 'a': '0'}","{'h': '1.37412', 'a': '0.74746'}",2021-10-02 19:00:00,"{'w': '0.5445', 'd': '0.2839', 'l': '0.1716'}",2021
17210,True,"{'id': '207', 'title': 'Elche', 'short_title': 'ELC'}","{'id': '152', 'title': 'Celta Vigo', 'short_title': 'CEL'}","{'h': '1', 'a': '0'}","{'h': '1.39817', 'a': '0.713553'}",2021-10-03 12:00:00,"{'w': '0.5509', 'd': '0.2997', 'l': '0.1494'}",2021
17207,True,"{'id': '141', 'title': 'Espanyol', 'short_title': 'ESP'}","{'id': '150', 'title': 'Real Madrid', 'short_title': 'RMA'}","{'h': '2', 'a': '1'}","{'h': '1.29119', 'a': '1.62384'}",2021-10-03 14:15:00,"{'w': '0.2865', 'd': '0.271', 'l': '0.4425'}",2021
17209,True,"{'id': '154', 'title': 'Villarreal', 'short_title': 'VIL'}","{'id': '153', 'title': 'Real Betis', 'short_title': 'BET'}","{'h': '2', 'a': '0'}","{'h': '2.58641', 'a': '0.527081'}",2021-10-03 16:30:00,"{'w': '0.8666', 'd': '0.1004', 'l': '0.033'}",2021
17214,True,"{'id': '142', 'title': 'Getafe', 'short_title': 'GET'}","{'id': '140', 'title': 'Real Sociedad', 'short_title': 'SOC'}","{'h': '1', 'a': '1'}","{'h': '0.523662', 'a': '0.799948'}",2021-10-03 16:30:00,"{'w': '0.21', 'd': '0.3901', 'l': '0.3999'}",2021
17206,True,"{'id': '155', 'title': 'Granada', 'short_title': 'GRA'}","{'id': '138', 'title': 'Sevilla', 'short_title': 'SEV'}","{'h': '1', 'a': '0'}","{'h': '0.0843984', 'a': '1.4028'}",2021-10-03 19:00:00,"{'w': '0.0136', 'd': '0.1958', 'l': '0.7906'}",2021
17221,True,"{'id': '151', 'title': 'Levante', 'short_title': 'LEV'}","{'id': '142', 'title': 'Getafe', 'short_title': 'GET'}","{'h': '0', 'a': '0'}","{'h': '0.83295', 'a': '0.557421'}",2021-10-16 16:30:00,"{'w': '0.4166', 'd': '0.373', 'l': '0.2104'}",2021
17223,True,"{'id': '140', 'title': 'Real Sociedad', 'short_title': 'SOC'}","{'id': '239', 'title': 'Mallorca', 'short_title': 'MAL'}","{'h': '1', 'a': '0'}","{'h': '0.404506', 'a': '0.35977'}",2021-10-16 19:00:00,"{'w': '0.2597', 'd': '0.5279', 'l': '0.2124'}",2021
17224,True,"{'id': '145', 'title': 'Rayo Vallecano', 'short_title': 'RVL'}","{'id': '207', 'title': 'Elche', 'short_title': 'ELC'}","{'h': '2', 'a': '1'}","{'h': '1.10651', 'a': '0.326072'}",2021-10-17 12:00:00,"{'w': '0.6055', 'd': '0.3055', 'l': '0.089'}",2021
17218,True,"{'id': '152', 'title': 'Celta Vigo', 'short_title': 'CEL'}","{'id': '138', 'title': 'Sevilla', 'short_title': 'SEV'}","{'h': '0', 'a': '1'}","{'h': '0.888941', 'a': '0.828384'}",2021-10-17 14:15:00,"{'w': '0.3238', 'd': '0.3681', 'l': '0.3081'}",2021
17225,True,"{'id': '154', 'title': 'Villarreal', 'short_title': 'VIL'}","{'id': '157', 'title': 'Osasuna', 'short_title': 'OSA'}","{'h': '1', 'a': '2'}","{'h': '0.713142', 'a': '0.957297'}",2021-10-17 16:30:00,"{'w': '0.2372', 'd': '0.3476', 'l': '0.4152'}",2021
17217,True,"{'id': '148', 'title': 'Barcelona', 'short_title': 'BAR'}","{'id': '146', 'title': 'Valencia', 'short_title': 'VAL'}","{'h': '3', 'a': '1'}","{'h': '2.37862', 'a': '0.378333'}",2021-10-17 19:00:00,"{'w': '0.8953', 'd': '0.0829', 'l': '0.0218'}",2021
17216,True,"{'id': '158', 'title': 'Alaves', 'short_title': 'ALA'}","{'id': '153', 'title': 'Real Betis', 'short_title': 'BET'}","{'h': '0', 'a': '1'}","{'h': '1.35769', 'a': '1.47785'}",2021-10-18 17:00:00,"{'w': '0.3314', 'd': '0.2834', 'l': '0.3852'}",2021
17220,True,"{'id': '141', 'title': 'Espanyol', 'short_title': 'ESP'}","{'id': '261', 'title': 'Cadiz', 'short_title': 'CAD'}","{'h': '2', 'a': '0'}","{'h': '1.73503', 'a': '0.603648'}",2021-10-18 19:00:00,"{'w': '0.7107', 'd': '0.2126', 'l': '0.0767'}",2021
17230,True,"{'id': '157', 'title': 'Osasuna', 'short_title': 'OSA'}","{'id': '155', 'title': 'Granada', 'short_title': 'GRA'}","{'h': '1', 'a': '1'}","{'h': '1.24456', 'a': '0.434896'}",2021-10-22 19:00:00,"{'w': '0.5996', 'd': '0.2853', 'l': '0.1151'}",2021
17228,True,"{'id': '146', 'title': 'Valencia', 'short_title': 'VAL'}","{'id': '239', 'title': 'Mallorca', 'short_title': 'MAL'}","{'h': '2', 'a': '2'}","{'h': '1.47094', 'a': '0.807566'}",2021-10-23 12:00:00,"{'w': '0.539', 'd': '0.2932', 'l': '0.1678'}",2021
17231,True,"{'id': '261', 'title': 'Cadiz', 'short_title': 'CAD'}","{'id': '158', 'title': 'Alaves', 'short_title': 'ALA'}","{'h': '0', 'a': '2'}","{'h': '2.00294', 'a': '1.86733'}",2021-10-23 14:15:00,"{'w': '0.3979', 'd': '0.2505', 'l': '0.3516'}",2021
17227,True,"{'id': '207', 'title': 'Elche', 'short_title': 'ELC'}","{'id': '141', 'title': 'Espanyol', 'short_title': 'ESP'}","{'h': '2', 'a': '2'}","{'h': '0.998945', 'a': '1.05435'}",2021-10-23 16:30:00,"{'w': '0.3301', 'd': '0.3226', 'l': '0.3473'}",2021
17226,True,"{'id': '147', 'title': 'Athletic Club', 'short_title': 'ATH'}","{'id': '154', 'title': 'Villarreal', 'short_title': 'VIL'}","{'h': '2', 'a': '1'}","{'h': '2.64328', 'a': '0.605636'}",2021-10-23 19:00:00,"{'w': '0.8874', 'd': '0.0854', 'l': '0.0272'}",2021
17229,True,"{'id': '138', 'title': 'Sevilla', 'short_title': 'SEV'}","{'id': '151', 'title': 'Levante', 'short_title': 'LEV'}","{'h': '5', 'a': '3'}","{'h': '1.82952', 'a': '1.28779'}",2021-10-24 12:00:00,"{'w': '0.5094', 'd': '0.252', 'l': '0.2386'}",2021
17234,True,"{'id': '148', 'title': 'Barcelona', 'short_title': 'BAR'}","{'id': '150', 'title': 'Real Madrid', 'short_title': 'RMA'}","{'h': '1', 'a': '2'}","{'h': '1.58789', 'a': '1.5463'}",2021-10-24 14:15:00,"{'w': '0.368', 'd': '0.2836', 'l': '0.3484'}",2021
17233,True,"{'id': '153', 'title': 'Real Betis', 'short_title': 'BET'}","{'id': '145', 'title': 'Rayo Vallecano', 'short_title': 'RVL'}","{'h': '3', 'a': '2'}","{'h': '1.43375', 'a': '1.16768'}",2021-10-24 16:30:00,"{'w': '0.4382', 'd': '0.2941', 'l': '0.2677'}",2021
17235,True,"{'id': '143', 'title': 'Atletico Madrid', 'short_title': 'ATL'}","{'id': '140', 'title': 'Real Sociedad', 'short_title': 'SOC'}","{'h': '2', 'a': '2'}","{'h': '1.75286', 'a': '0.834092'}",2021-10-24 19:00:00,"{'w': '0.6412', 'd': '0.2351', 'l': '0.1237'}",2021
17232,True,"{'id': '142', 'title': 'Getafe', 'short_title': 'GET'}","{'id': '152', 'title': 'Celta Vigo', 'short_title': 'CEL'}","{'h': '0', 'a': '3'}","{'h': '0.461119', 'a': '2.48108'}",2021-10-25 19:00:00,"{'w': '0.0319', 'd': '0.1066', 'l': '0.8615'}",2021
17239,True,"{'id': '158', 'title': 'Alaves', 'short_title': 'ALA'}","{'id': '207', 'title': 'Elche', 'short_title': 'ELC'}","{'h': '1', 'a': '0'}","{'h': '1.81349', 'a': '0.281657'}",2021-10-26 17:00:00,"{'w': '0.8316', 'd': '0.1379', 'l': '0.0305'}",2021
17243,True,"{'id': '141', 'title': 'Espanyol', 'short_title': 'ESP'}","{'id': '147', 'title': 'Athletic Club', 'short_title': 'ATH'}","{'h': '1', 'a': '1'}","{'h': '1.23306', 'a': '3.68446'}",2021-10-26 19:00:00,"{'w': '0.0342', 'd': '0.0827', 'l': '0.8831'}",2021
17238,True,"{'id': '154', 'title': 'Villarreal', 'short_title': 'VIL'}","{'id': '261', 'title': 'Cadiz', 'short_title': 'CAD'}","{'h': '3', 'a': '3'}","{'h': '1.95102', 'a': '1.53615'}",2021-10-26 19:30:00,"{'w': '0.4688', 'd': '0.2493', 'l': '0.2819'}",2021
17236,True,"{'id': '145', 'title': 'Rayo Vallecano', 'short_title': 'RVL'}","{'id': '148', 'title': 'Barcelona', 'short_title': 'BAR'}","{'h': '1', 'a': '0'}","{'h': '0.786282', 'a': '2.85731'}",2021-10-27 17:00:00,"{'w': '0.0353', 'd': '0.1029', 'l': '0.8618'}",2021
17245,True,"{'id': '239', 'title': 'Mallorca', 'short_title': 'MAL'}","{'id': '138', 'title': 'Sevilla', 'short_title': 'SEV'}","{'h': '1', 'a': '1'}","{'h': '2.27366', 'a': '1.42068'}",2021-10-27 17:00:00,"{'w': '0.5949', 'd': '0.2302', 'l': '0.1749'}",2021
17241,True,"{'id': '153', 'title': 'Real Betis', 'short_title': 'BET'}","{'id': '146', 'title': 'Valencia', 'short_title': 'VAL'}","{'h': '4', 'a': '1'}","{'h': '2.58067', 'a': '2.17844'}",2021-10-27 18:00:00,"{'w': '0.4653', 'd': '0.2534', 'l': '0.2813'}",2021
17237,True,"{'id': '150', 'title': 'Real Madrid', 'short_title': 'RMA'}","{'id': '157', 'title': 'Osasuna', 'short_title': 'OSA'}","{'h': '0', 'a': '0'}","{'h': '0.655438', 'a': '0.71046'}",2021-10-27 19:30:00,"{'w': '0.2784', 'd': '0.3817', 'l': '0.3399'}",2021
17240,True,"{'id': '152', 'title': 'Celta Vigo', 'short_title': 'CEL'}","{'id': '140', 'title': 'Real Sociedad', 'short_title': 'SOC'}","{'h': '0', 'a': '2'}","{'h': '0.995591', 'a': '1.42714'}",2021-10-28 17:00:00,"{'w': '0.2111', 'd': '0.3089', 'l': '0.48'}",2021
17244,True,"{'id': '155', 'title': 'Granada', 'short_title': 'GRA'}","{'id': '142', 'title': 'Getafe', 'short_title': 'GET'}","{'h': '1', 'a': '1'}","{'h': '2.26351', 'a': '0.581107'}",2021-10-28 18:00:00,"{'w': '0.8227', 'd': '0.1469', 'l': '0.0304'}",2021
17242,True,"{'id': '151', 'title': 'Levante', 'short_title': 'LEV'}","{'id': '143', 'title': 'Atletico Madrid', 'short_title': 'ATL'}","{'h': '2', 'a': '2'}","{'h': '2.12426', 'a': '1.33383'}",2021-10-28 19:30:00,"{'w': '0.5918', 'd': '0.2608', 'l': '0.1474'}",2021
17246,True,"{'id': '207', 'title': 'Elche', 'short_title': 'ELC'}","{'id': '150', 'title': 'Real Madrid', 'short_title': 'RMA'}","{'h': '1', 'a': '2'}","{'h': '1.15068', 'a': '1.60735'}",2021-10-30 12:00:00,"{'w': '0.2477', 'd': '0.2636', 'l': '0.4887'}",2021
17249,True,"{'id': '138', 'title': 'Sevilla', 'short_title': 'SEV'}","{'id': '157', 'title': 'Osasuna', 'short_title': 'OSA'}","{'h': '2', 'a': '0'}","{'h': '2.43378', 'a': '0.790454'}",2021-10-30 14:15:00,"{'w': '0.7824', 'd': '0.1542', 'l': '0.0634'}",2021
17247,True,"{'id': '146', 'title': 'Valencia', 'short_title': 'VAL'}","{'id': '154', 'title': 'Villarreal', 'short_title': 'VIL'}","{'h': '2', 'a': '0'}","{'h': '1.66395', 'a': '0.804209'}",2021-10-30 16:30:00,"{'w': '0.6368', 'd': '0.237', 'l': '0.1262'}",2021
17252,True,"{'id': '148', 'title': 'Barcelona', 'short_title': 'BAR'}","{'id': '158', 'title': 'Alaves', 'short_title': 'ALA'}","{'h': '1', 'a': '1'}","{'h': '1.56007', 'a': '0.599628'}",2021-10-30 19:00:00,"{'w': '0.6393', 'd': '0.2613', 'l': '0.0994'}",2021
17254,True,"{'id': '261', 'title': 'Cadiz', 'short_title': 'CAD'}","{'id': '239', 'title': 'Mallorca', 'short_title': 'MAL'}","{'h': '1', 'a': '1'}","{'h': '1.80233', 'a': '1.03662'}",2021-10-31 13:00:00,"{'w': '0.5971', 'd': '0.2505', 'l': '0.1524'}",2021
17251,True,"{'id': '143', 'title': 'Atletico Madrid', 'short_title': 'ATL'}","{'id': '153', 'title': 'Real Betis', 'short_title': 'BET'}","{'h': '3', 'a': '0'}","{'h': '2.5506', 'a': '0.521096'}",2021-10-31 15:15:00,"{'w': '0.8486', 'd': '0.1143', 'l': '0.0371'}",2021
17253,True,"{'id': '142', 'title': 'Getafe', 'short_title': 'GET'}","{'id': '141', 'title': 'Espanyol', 'short_title': 'ESP'}","{'h': '2', 'a': '1'}","{'h': '0.951784', 'a': '0.619895'}",2021-10-31 17:30:00,"{'w': '0.4364', 'd': '0.3484', 'l': '0.2152'}",2021
17250,True,"{'id': '140', 'title': 'Real Sociedad', 'short_title': 'SOC'}","{'id': '147', 'title': 'Athletic Club', 'short_title': 'ATH'}","{'h': '1', 'a': '1'}","{'h': '1.05807', 'a': '1.01149'}",2021-10-31 20:00:00,"{'w': '0.3488', 'd': '0.3597', 'l': '0.2915'}",2021
17248,True,"{'id': '145', 'title': 'Rayo Vallecano', 'short_title': 'RVL'}","{'id': '152', 'title': 'Celta Vigo', 'short_title': 'CEL'}","{'h': '0', 'a': '0'}","{'h': '0.467972', 'a': '0.43779'}",2021-11-01 17:30:00,"{'w': '0.2664', 'd': '0.4903', 'l': '0.2433'}",2021
17255,True,"{'id': '151', 'title': 'Levante', 'short_title': 'LEV'}","{'id': '155', 'title': 'Granada', 'short_title': 'GRA'}","{'h': '0', 'a': '3'}","{'h': '1.33088', 'a': '1.46089'}",2021-11-01 20:00:00,"{'w': '0.3259', 'd': '0.2801', 'l': '0.394'}",2021
17257,True,"{'id': '147', 'title': 'Athletic Club', 'short_title': 'ATH'}","{'id': '261', 'title': 'Cadiz', 'short_title': 'CAD'}","{'h': '0', 'a': '1'}","{'h': '0.584754', 'a': '0.491777'}",2021-11-05 20:00:00,"{'w': '0.3136', 'd': '0.44', 'l': '0.2464'}",2021
17261,True,"{'id': '141', 'title': 'Espanyol', 'short_title': 'ESP'}","{'id': '155', 'title': 'Granada', 'short_title': 'GRA'}","{'h': '2', 'a': '0'}","{'h': '1.76367', 'a': '2.06874'}",2021-11-06 13:00:00,"{'w': '0.3019', 'd': '0.2428', 'l': '0.4553'}",2021
17259,True,"{'id': '152', 'title': 'Celta Vigo', 'short_title': 'CEL'}","{'id': '148', 'title': 'Barcelona', 'short_title': 'BAR'}","{'h': '3', 'a': '3'}","{'h': '1.77068', 'a': '1.13925'}",2021-11-06 15:15:00,"{'w': '0.542', 'd': '0.2477', 'l': '0.2103'}",2021
17256,True,"{'id': '158', 'title': 'Alaves', 'short_title': 'ALA'}","{'id': '151', 'title': 'Levante', 'short_title': 'LEV'}","{'h': '2', 'a': '1'}","{'h': '1.53471', 'a': '0.802633'}",2021-11-06 17:30:00,"{'w': '0.6008', 'd': '0.2607', 'l': '0.1385'}",2021
17263,True,"{'id': '150', 'title': 'Real Madrid', 'short_title': 'RMA'}","{'id': '145', 'title': 'Rayo Vallecano', 'short_title': 'RVL'}","{'h': '2', 'a': '1'}","{'h': '2.72626', 'a': '1.78044'}",2021-11-06 20:00:00,"{'w': '0.5891', 'd': '0.2098', 'l': '0.2011'}",2021
17265,True,"{'id': '154', 'title': 'Villarreal', 'short_title': 'VIL'}","{'id': '142', 'title': 'Getafe', 'short_title': 'GET'}","{'h': '1', 'a': '0'}","{'h': '1.49263', 'a': '0.153162'}",2021-11-07 13:00:00,"{'w': '0.7596', 'd': '0.2106', 'l': '0.0298'}",2021
17264,True,"{'id': '146', 'title': 'Valencia', 'short_title': 'VAL'}","{'id': '143', 'title': 'Atletico Madrid', 'short_title': 'ATL'}","{'h': '3', 'a': '3'}","{'h': '1.57167', 'a': '2.63804'}",2021-11-07 15:15:00,"{'w': '0.1222', 'd': '0.2186', 'l': '0.6592'}",2021
17260,True,"{'id': '239', 'title': 'Mallorca', 'short_title': 'MAL'}","{'id': '207', 'title': 'Elche', 'short_title': 'ELC'}","{'h': '2', 'a': '2'}","{'h': '2.04894', 'a': '0.679919'}",2021-11-07 17:30:00,"{'w': '0.7471', 'd': '0.1813', 'l': '0.0716'}",2021
17262,True,"{'id': '157', 'title': 'Osasuna', 'short_title': 'OSA'}","{'id': '140', 'title': 'Real Sociedad', 'short_title': 'SOC'}","{'h': '0', 'a': '2'}","{'h': '0.495749', 'a': '1.43263'}",2021-11-07 17:30:00,"{'w': '0.0695', 'd': '0.2585', 'l': '0.672'}",2021
17258,True,"{'id': '153', 'title': 'Real Betis', 'short_title': 'BET'}","{'id': '138', 'title': 'Sevilla', 'short_title': 'SEV'}","{'h': '0', 'a': '2'}","{'h': '0.389163', 'a': '1.42156'}",2021-11-07 20:00:00,"{'w': '0.0779', 'd': '0.2401', 'l': '0.682'}",2021
17271,True,"{'id': '151', 'title': 'Levante', 'short_title': 'LEV'}","{'id': '147', 'title': 'Athletic Club', 'short_title': 'ATH'}","{'h': '0', 'a': '0'}","{'h': '0.630763', 'a': '0.452179'}",2021-11-19 20:00:00,"{'w': '0.3355', 'd': '0.4492', 'l': '0.2153'}",2021
17268,True,"{'id': '152', 'title': 'Celta Vigo', 'short_title': 'CEL'}","{'id': '154', 'title': 'Villarreal', 'short_title': 'VIL'}","{'h': '1', 'a': '1'}","{'h': '0.90981', 'a': '2.71931'}",2021-11-20 13:00:00,"{'w': '0.0521', 'd': '0.1282', 'l': '0.8197'}",2021
17273,True,"{'id': '138', 'title': 'Sevilla', 'short_title': 'SEV'}","{'id': '158', 'title': 'Alaves', 'short_title': 'ALA'}","{'h': '2', 'a': '2'}","{'h': '1.37509', 'a': '1.47367'}",2021-11-20 15:15:00,"{'w': '0.3156', 'd': '0.2984', 'l': '0.386'}",2021
17266,True,"{'id': '143', 'title': 'Atletico Madrid', 'short_title': 'ATL'}","{'id': '157', 'title': 'Osasuna', 'short_title': 'OSA'}","{'h': '1', 'a': '0'}","{'h': '1.61044', 'a': '0.378974'}",2021-11-20 17:30:00,"{'w': '0.724', 'd': '0.2095', 'l': '0.0665'}",2021
17267,True,"{'id': '148', 'title': 'Barcelona', 'short_title': 'BAR'}","{'id': '141', 'title': 'Espanyol', 'short_title': 'ESP'}","{'h': '1', 'a': '0'}","{'h': '1.51262', 'a': '1.41291'}",2021-11-20 20:00:00,"{'w': '0.3792', 'd': '0.2988', 'l': '0.322'}",2021
17269,True,"{'id': '142', 'title': 'Getafe', 'short_title': 'GET'}","{'id': '261', 'title': 'Cadiz', 'short_title': 'CAD'}","{'h': '4', 'a': '0'}","{'h': '1.54295', 'a': '0.370193'}",2021-11-21 13:00:00,"{'w': '0.6885', 'd': '0.233', 'l': '0.0785'}",2021
17270,True,"{'id': '155', 'title': 'Granada', 'short_title': 'GRA'}","{'id': '150', 'title': 'Real Madrid', 'short_title': 'RMA'}","{'h': '1', 'a': '4'}","{'h': '0.56422', 'a': '3.77854'}",2021-11-21 15:15:00,"{'w': '0.0109', 'd': '0.0321', 'l': '0.957'}",2021
17275,True,"{'id': '207', 'title': 'Elche', 'short_title': 'ELC'}","{'id': '153', 'title': 'Real Betis', 'short_title': 'BET'}","{'h': '0', 'a': '3'}","{'h': '0.824849', 'a': '1.60069'}",2021-11-21 17:30:00,"{'w': '0.1508', 'd': '0.2551', 'l': '0.5941'}",2021
17272,True,"{'id': '140', 'title': 'Real Sociedad', 'short_title': 'SOC'}","{'id': '146', 'title': 'Valencia', 'short_title': 'VAL'}","{'h': '0', 'a': '0'}","{'h': '0.405372', 'a': '0.584859'}",2021-11-21 20:00:00,"{'w': '0.2072', 'd': '0.4519', 'l': '0.3409'}",2021
17274,True,"{'id': '145', 'title': 'Rayo Vallecano', 'short_title': 'RVL'}","{'id': '239', 'title': 'Mallorca', 'short_title': 'MAL'}","{'h': '3', 'a': '1'}","{'h': '1.94957', 'a': '0.827606'}",2021-11-22 20:00:00,"{'w': '0.6703', 'd': '0.2216', 'l': '0.1081'}",2021
17277,True,"{'id': '147', 'title': 'Athletic Club', 'short_title': 'ATH'}","{'id': '155', 'title': 'Granada', 'short_title': 'GRA'}","{'h': '2', 'a': '2'}","{'h': '1.33935', 'a': '0.977596'}",2021-11-26 20:00:00,"{'w': '0.4386', 'd': '0.3062', 'l': '0.2552'}",2021
17276,True,"{'id': '158', 'title': 'Alaves', 'short_title': 'ALA'}","{'id': '152', 'title': 'Celta Vigo', 'short_title': 'CEL'}","{'h': '1', 'a': '2'}","{'h': '0.677245', 'a': '1.54308'}",2021-11-27 13:00:00,"{'w': '0.0881', 'd': '0.246', 'l': '0.6659'}",2021
17284,True,"{'id': '146', 'title': 'Valencia', 'short_title': 'VAL'}","{'id': '145', 'title': 'Rayo Vallecano', 'short_title': 'RVL'}","{'h': '1', 'a': '1'}","{'h': '1.58132', 'a': '2.02852'}",2021-11-27 15:15:00,"{'w': '0.2204', 'd': '0.3039', 'l': '0.4757'}",2021
17279,True,"{'id': '239', 'title': 'Mallorca', 'short_title': 'MAL'}","{'id': '142', 'title': 'Getafe', 'short_title': 'GET'}","{'h': '0', 'a': '0'}","{'h': '0.472696', 'a': '0.739333'}",2021-11-27 17:30:00,"{'w': '0.1974', 'd': '0.4067', 'l': '0.3959'}",2021
17285,True,"{'id': '154', 'title': 'Villarreal', 'short_title': 'VIL'}","{'id': '148', 'title': 'Barcelona', 'short_title': 'BAR'}","{'h': '1', 'a': '3'}","{'h': '1.55977', 'a': '3.37249'}",2021-11-27 20:00:00,"{'w': '0.0775', 'd': '0.1293', 'l': '0.7932'}",2021
17278,True,"{'id': '153', 'title': 'Real Betis', 'short_title': 'BET'}","{'id': '151', 'title': 'Levante', 'short_title': 'LEV'}","{'h': '3', 'a': '1'}","{'h': '2.3097', 'a': '0.645945'}",2021-11-28 13:00:00,"{'w': '0.7993', 'd': '0.1445', 'l': '0.0562'}",2021
17281,True,"{'id': '141', 'title': 'Espanyol', 'short_title': 'ESP'}","{'id': '140', 'title': 'Real Sociedad', 'short_title': 'SOC'}","{'h': '1', 'a': '0'}","{'h': '0.378098', 'a': '1.32638'}",2021-11-28 15:15:00,"{'w': '0.0681', 'd': '0.2324', 'l': '0.6995'}",2021
17280,True,"{'id': '261', 'title': 'Cadiz', 'short_title': 'CAD'}","{'id': '143', 'title': 'Atletico Madrid', 'short_title': 'ATL'}","{'h': '1', 'a': '4'}","{'h': '0.766477', 'a': '3.32569'}",2021-11-28 17:30:00,"{'w': '0.0228', 'd': '0.0758', 'l': '0.9014'}",2021
17283,True,"{'id': '150', 'title': 'Real Madrid', 'short_title': 'RMA'}","{'id': '138', 'title': 'Sevilla', 'short_title': 'SEV'}","{'h': '2', 'a': '1'}","{'h': '1.2476', 'a': '1.30167'}",2021-11-28 20:00:00,"{'w': '0.3344', 'd': '0.2993', 'l': '0.3663'}",2021
17282,True,"{'id': '157', 'title': 'Osasuna', 'short_title': 'OSA'}","{'id': '207', 'title': 'Elche', 'short_title': 'ELC'}","{'h': '1', 'a': '1'}","{'h': '2.13729', 'a': '1.05682'}",2021-11-29 20:00:00,"{'w': '0.6555', 'd': '0.2126', 'l': '0.1319'}",2021
17222,True,"{'id': '150', 'title': 'Real Madrid', 'short_title': 'RMA'}","{'id': '147', 'title': 'Athletic Club', 'short_title': 'ATH'}","{'h': '1', 'a': '0'}","{'h': '1.60531', 'a': '2.70199'}",2021-12-01 20:00:00,"{'w': '0.1633', 'd': '0.2019', 'l': '0.6348'}",2021
17290,True,"{'id': '155', 'title': 'Granada', 'short_title': 'GRA'}","{'id': '158', 'title': 'Alaves', 'short_title': 'ALA'}","{'h': '2', 'a': '1'}","{'h': '1.08266', 'a': '1.38466'}",2021-12-03 20:00:00,"{'w': '0.2547', 'd': '0.3309', 'l': '0.4144'}",2021
17292,True,"{'id': '138', 'title': 'Sevilla', 'short_title': 'SEV'}","{'id': '154', 'title': 'Villarreal', 'short_title': 'VIL'}","{'h': '1', 'a': '0'}","{'h': '0.46965', 'a': '1.90918'}",2021-12-04 13:00:00,"{'w': '0.0342', 'd': '0.1588', 'l': '0.807'}",2021
17287,True,"{'id': '148', 'title': 'Barcelona', 'short_title': 'BAR'}","{'id': '153', 'title': 'Real Betis', 'short_title': 'BET'}","{'h': '0', 'a': '1'}","{'h': '1.20871', 'a': '0.642697'}",2021-12-04 15:15:00,"{'w': '0.5187', 'd': '0.3071', 'l': '0.1742'}",2021
17286,True,"{'id': '143', 'title': 'Atletico Madrid', 'short_title': 'ATL'}","{'id': '239', 'title': 'Mallorca', 'short_title': 'MAL'}","{'h': '1', 'a': '2'}","{'h': '2.07045', 'a': '0.775913'}",2021-12-04 17:30:00,"{'w': '0.7299', 'd': '0.1852', 'l': '0.0849'}",2021
17295,True,"{'id': '140', 'title': 'Real Sociedad', 'short_title': 'SOC'}","{'id': '150', 'title': 'Real Madrid', 'short_title': 'RMA'}","{'h': '0', 'a': '2'}","{'h': '0.585154', 'a': '2.19245'}",2021-12-04 20:00:00,"{'w': '0.0524', 'd': '0.1478', 'l': '0.7998'}",2021
17293,True,"{'id': '145', 'title': 'Rayo Vallecano', 'short_title': 'RVL'}","{'id': '141', 'title': 'Espanyol', 'short_title': 'ESP'}","{'h': '1', 'a': '0'}","{'h': '0.649198', 'a': '0.474816'}",2021-12-05 13:00:00,"{'w': '0.3625', 'd': '0.4262', 'l': '0.2113'}",2021
17294,True,"{'id': '207', 'title': 'Elche', 'short_title': 'ELC'}","{'id': '261', 'title': 'Cadiz', 'short_title': 'CAD'}","{'h': '3', 'a': '1'}","{'h': '2.33084', 'a': '1.50592'}",2021-12-05 15:15:00,"{'w': '0.5996', 'd': '0.2364', 'l': '0.164'}",2021
17291,True,"{'id': '151', 'title': 'Levante', 'short_title': 'LEV'}","{'id': '157', 'title': 'Osasuna', 'short_title': 'OSA'}","{'h': '0', 'a': '0'}","{'h': '0.510046', 'a': '0.250564'}",2021-12-05 17:30:00,"{'w': '0.34', 'd': '0.5244', 'l': '0.1356'}",2021
17288,True,"{'id': '152', 'title': 'Celta Vigo', 'short_title': 'CEL'}","{'id': '146', 'title': 'Valencia', 'short_title': 'VAL'}","{'h': '1', 'a': '2'}","{'h': '0.645079', 'a': '1.01149'}",2021-12-05 20:00:00,"{'w': '0.2085', 'd': '0.3384', 'l': '0.4531'}",2021
17289,True,"{'id': '142', 'title': 'Getafe', 'short_title': 'GET'}","{'id': '147', 'title': 'Athletic Club', 'short_title': 'ATH'}","{'h': '0', 'a': '0'}","{'h': '1.35736', 'a': '0.466017'}",2021-12-06 20:00:00,"{'w': '0.6331', 'd': '0.2591', 'l': '0.1078'}",2021
17299,True,"{'id': '239', 'title': 'Mallorca', 'short_title': 'MAL'}","{'id': '152', 'title': 'Celta Vigo', 'short_title': 'CEL'}","{'h': '0', 'a': '0'}","{'h': '0.898098', 'a': '1.33476'}",2021-12-10 20:00:00,"{'w': '0.2063', 'd': '0.3069', 'l': '0.4868'}",2021
17301,True,"{'id': '141', 'title': 'Espanyol', 'short_title': 'ESP'}","{'id': '151', 'title': 'Levante', 'short_title': 'LEV'}","{'h': '4', 'a': '3'}","{'h': '2.1352', 'a': '3.38759'}",2021-12-11 13:00:00,"{'w': '0.1476', 'd': '0.1741', 'l': '0.6783'}",2021
17296,True,"{'id': '158', 'title': 'Alaves', 'short_title': 'ALA'}","{'id': '142', 'title': 'Getafe', 'short_title': 'GET'}","{'h': '1', 'a': '1'}","{'h': '0.989074', 'a': '1.04682'}",2021-12-11 15:15:00,"{'w': '0.3145', 'd': '0.3471', 'l': '0.3384'}",2021
17304,True,"{'id': '146', 'title': 'Valencia', 'short_title': 'VAL'}","{'id': '207', 'title': 'Elche', 'short_title': 'ELC'}","{'h': '2', 'a': '1'}","{'h': '1.67544', 'a': '1.12996'}",2021-12-11 17:30:00,"{'w': '0.4953', 'd': '0.2733', 'l': '0.2314'}",2021
17297,True,"{'id': '147', 'title': 'Athletic Club', 'short_title': 'ATH'}","{'id': '138', 'title': 'Sevilla', 'short_title': 'SEV'}","{'h': '0', 'a': '1'}","{'h': '2.35659', 'a': '0.214536'}",2021-12-11 20:00:00,"{'w': '0.9231', 'd': '0.0679', 'l': '0.009'}",2021
17305,True,"{'id': '154', 'title': 'Villarreal', 'short_title': 'VIL'}","{'id': '145', 'title': 'Rayo Vallecano', 'short_title': 'RVL'}","{'h': '2', 'a': '0'}","{'h': '2.10964', 'a': '1.41255'}",2021-12-12 13:00:00,"{'w': '0.5622', 'd': '0.2242', 'l': '0.2136'}",2021
17302,True,"{'id': '157', 'title': 'Osasuna', 'short_title': 'OSA'}","{'id': '148', 'title': 'Barcelona', 'short_title': 'BAR'}","{'h': '2', 'a': '2'}","{'h': '0.367626', 'a': '1.3894'}",2021-12-12 15:15:00,"{'w': '0.0674', 'd': '0.2258', 'l': '0.7068'}",2021
17298,True,"{'id': '153', 'title': 'Real Betis', 'short_title': 'BET'}","{'id': '140', 'title': 'Real Sociedad', 'short_title': 'SOC'}","{'h': '4', 'a': '0'}","{'h': '1.21698', 'a': '1.06737'}",2021-12-12 17:30:00,"{'w': '0.3803', 'd': '0.3053', 'l': '0.3144'}",2021
17303,True,"{'id': '150', 'title': 'Real Madrid', 'short_title': 'RMA'}","{'id': '143', 'title': 'Atletico Madrid', 'short_title': 'ATL'}","{'h': '2', 'a': '0'}","{'h': '0.587828', 'a': '0.769681'}",2021-12-12 20:00:00,"{'w': '0.2484', 'd': '0.3966', 'l': '0.355'}",2021
17300,True,"{'id': '261', 'title': 'Cadiz', 'short_title': 'CAD'}","{'id': '155', 'title': 'Granada', 'short_title': 'GRA'}","{'h': '1', 'a': '1'}","{'h': '0.6189', 'a': '1.12436'}",2021-12-13 20:00:00,"{'w': '0.1999', 'd': '0.3124', 'l': '0.4877'}",2021
17308,True,"{'id': '152', 'title': 'Celta Vigo', 'short_title': 'CEL'}","{'id': '141', 'title': 'Espanyol', 'short_title': 'ESP'}","{'h': '3', 'a': '1'}","{'h': '1.6562', 'a': '0.377711'}",2021-12-17 20:00:00,"{'w': '0.7539', 'd': '0.1969', 'l': '0.0492'}",2021
17315,True,"{'id': '145', 'title': 'Rayo Vallecano', 'short_title': 'RVL'}","{'id': '158', 'title': 'Alaves', 'short_title': 'ALA'}","{'h': '2', 'a': '0'}","{'h': '1.87281', 'a': '0.198501'}",2021-12-18 13:00:00,"{'w': '0.8424', 'd': '0.136', 'l': '0.0216'}",2021
17312,True,"{'id': '140', 'title': 'Real Sociedad', 'short_title': 'SOC'}","{'id': '154', 'title': 'Villarreal', 'short_title': 'VIL'}","{'h': '1', 'a': '3'}","{'h': '1.34561', 'a': '3.02243'}",2021-12-18 15:15:00,"{'w': '0.0854', 'd': '0.1501', 'l': '0.7645'}",2021
17307,True,"{'id': '148', 'title': 'Barcelona', 'short_title': 'BAR'}","{'id': '207', 'title': 'Elche', 'short_title': 'ELC'}","{'h': '3', 'a': '2'}","{'h': '2.96397', 'a': '1.26552'}",2021-12-18 17:30:00,"{'w': '0.7723', 'd': '0.1451', 'l': '0.0826'}",2021
17311,True,"{'id': '138', 'title': 'Sevilla', 'short_title': 'SEV'}","{'id': '143', 'title': 'Atletico Madrid', 'short_title': 'ATL'}","{'h': '2', 'a': '1'}","{'h': '0.373147', 'a': '1.24499'}",2021-12-18 20:00:00,"{'w': '0.0945', 'd': '0.2863', 'l': '0.6192'}",2021
17309,True,"{'id': '155', 'title': 'Granada', 'short_title': 'GRA'}","{'id': '239', 'title': 'Mallorca', 'short_title': 'MAL'}","{'h': '4', 'a': '1'}","{'h': '2.71538', 'a': '1.08613'}",2021-12-19 13:00:00,"{'w': '0.7893', 'd': '0.1482', 'l': '0.0625'}",2021
17306,True,"{'id': '147', 'title': 'Athletic Club', 'short_title': 'ATH'}","{'id': '153', 'title': 'Real Betis', 'short_title': 'BET'}","{'h': '3', 'a': '2'}","{'h': '1.1909', 'a': '2.01927'}",2021-12-19 15:15:00,"{'w': '0.139', 'd': '0.2634', 'l': '0.5976'}",2021
17310,True,"{'id': '142', 'title': 'Getafe', 'short_title': 'GET'}","{'id': '157', 'title': 'Osasuna', 'short_title': 'OSA'}","{'h': '1', 'a': '0'}","{'h': '1.09096', 'a': '0.712207'}",2021-12-19 17:30:00,"{'w': '0.4374', 'd': '0.331', 'l': '0.2316'}",2021
17313,True,"{'id': '150', 'title': 'Real Madrid', 'short_title': 'RMA'}","{'id': '261', 'title': 'Cadiz', 'short_title': 'CAD'}","{'h': '0', 'a': '0'}","{'h': '2.79615', 'a': '0.242189'}",2021-12-19 20:00:00,"{'w': '0.9184', 'd': '0.0696', 'l': '0.012'}",2021
17314,True,"{'id': '151', 'title': 'Levante', 'short_title': 'LEV'}","{'id': '146', 'title': 'Valencia', 'short_title': 'VAL'}","{'h': '3', 'a': '4'}","{'h': '2.73541', 'a': '2.10622'}",2021-12-20 20:00:00,"{'w': '0.5304', 'd': '0.2455', 'l': '0.2241'}",2021
17175,True,"{'id': '154', 'title': 'Villarreal', 'short_title': 'VIL'}","{'id': '158', 'title': 'Alaves', 'short_title': 'ALA'}","{'h': '5', 'a': '2'}","{'h': '3.87986', 'a': '0.310052'}",2021-12-21 20:00:00,"{'w': '0.9862', 'd': '0.0122', 'l': '0.0016'}",2021
17174,True,"{'id': '138', 'title': 'Sevilla', 'short_title': 'SEV'}","{'id': '148', 'title': 'Barcelona', 'short_title': 'BAR'}","{'h': '1', 'a': '1'}","{'h': '0.299426', 'a': '1.90576'}",2021-12-21 22:30:00,"{'w': '0.0307', 'd': '0.1384', 'l': '0.8309'}",2021
17219,True,"{'id': '155', 'title': 'Granada', 'short_title': 'GRA'}","{'id': '143', 'title': 'Atletico Madrid', 'short_title': 'ATL'}","{'h': '2', 'a': '1'}","{'h': '0.911053', 'a': '1.77937'}",2021-12-22 20:00:00,"{'w': '0.1361', 'd': '0.2715', 'l': '0.5924'}",2021
17336,True,"{'id': '147', 'title': 'Athletic Club', 'short_title': 'ATH'}","{'id': '150', 'title': 'Real Madrid', 'short_title': 'RMA'}","{'h': '1', 'a': '2'}","{'h': '1.0933', 'a': '1.58518'}",2021-12-22 20:30:00,"{'w': '0.228', 'd': '0.2739', 'l': '0.4981'}",2021
17317,True,"{'id': '146', 'title': 'Valencia', 'short_title': 'VAL'}","{'id': '141', 'title': 'Espanyol', 'short_title': 'ESP'}","{'h': '1', 'a': '2'}","{'h': '0.864078', 'a': '2.14833'}",2021-12-31 15:15:00,"{'w': '0.0942', 'd': '0.1895', 'l': '0.7163'}",2021
17323,True,"{'id': '142', 'title': 'Getafe', 'short_title': 'GET'}","{'id': '150', 'title': 'Real Madrid', 'short_title': 'RMA'}","{'h': '1', 'a': '0'}","{'h': '0.900039', 'a': '0.913167'}",2022-01-02 13:00:00,"{'w': '0.3345', 'd': '0.3401', 'l': '0.3254'}",2021
17316,True,"{'id': '207', 'title': 'Elche', 'short_title': 'ELC'}","{'id': '155', 'title': 'Granada', 'short_title': 'GRA'}","{'h': '0', 'a': '0'}","{'h': '1.44824', 'a': '0.965958'}",2022-01-02 15:15:00,"{'w': '0.4857', 'd': '0.2723', 'l': '0.242'}",2021
17320,True,"{'id': '143', 'title': 'Atletico Madrid', 'short_title': 'ATL'}","{'id': '145', 'title': 'Rayo Vallecano', 'short_title': 'RVL'}","{'h': '2', 'a': '0'}","{'h': '1.98103', 'a': '0.104074'}",2022-01-02 15:15:00,"{'w': '0.8877', 'd': '0.1032', 'l': '0.0091'}",2021
17319,True,"{'id': '158', 'title': 'Alaves', 'short_title': 'ALA'}","{'id': '140', 'title': 'Real Sociedad', 'short_title': 'SOC'}","{'h': '1', 'a': '1'}","{'h': '1.5407', 'a': '1.38111'}",2022-01-02 17:30:00,"{'w': '0.3921', 'd': '0.2927', 'l': '0.3152'}",2021
17321,True,"{'id': '153', 'title': 'Real Betis', 'short_title': 'BET'}","{'id': '152', 'title': 'Celta Vigo', 'short_title': 'CEL'}","{'h': '0', 'a': '2'}","{'h': '0.889436', 'a': '1.872'}",2022-01-02 17:30:00,"{'w': '0.1272', 'd': '0.2111', 'l': '0.6617'}",2021
17322,True,"{'id': '239', 'title': 'Mallorca', 'short_title': 'MAL'}","{'id': '148', 'title': 'Barcelona', 'short_title': 'BAR'}","{'h': '0', 'a': '1'}","{'h': '0.988536', 'a': '1.61795'}",2022-01-02 20:00:00,"{'w': '0.1958', 'd': '0.2649', 'l': '0.5393'}",2021
17318,True,"{'id': '154', 'title': 'Villarreal', 'short_title': 'VIL'}","{'id': '151', 'title': 'Levante', 'short_title': 'LEV'}","{'h': '5', 'a': '0'}","{'h': '4.19047', 'a': '0.423407'}",2022-01-03 18:00:00,"{'w': '0.9814', 'd': '0.0157', 'l': '0.0029'}",2021
17325,True,"{'id': '157', 'title': 'Osasuna', 'short_title': 'OSA'}","{'id': '147', 'title': 'Athletic Club', 'short_title': 'ATH'}","{'h': '1', 'a': '3'}","{'h': '0.521945', 'a': '2.48538'}",2022-01-03 20:00:00,"{'w': '0.0403', 'd': '0.1092', 'l': '0.8505'}",2021
17324,True,"{'id': '261', 'title': 'Cadiz', 'short_title': 'CAD'}","{'id': '138', 'title': 'Sevilla', 'short_title': 'SEV'}","{'h': '0', 'a': '1'}","{'h': '0.238594', 'a': '1.28387'}",2022-01-03 20:15:00,"{'w': '0.0614', 'd': '0.2733', 'l': '0.6653'}",2021
17329,True,"{'id': '151', 'title': 'Levante', 'short_title': 'LEV'}","{'id': '239', 'title': 'Mallorca', 'short_title': 'MAL'}","{'h': '2', 'a': '0'}","{'h': '1.32485', 'a': '1.16534'}",2022-01-08 13:00:00,"{'w': '0.3779', 'd': '0.3089', 'l': '0.3132'}",2021
17332,True,"{'id': '140', 'title': 'Real Sociedad', 'short_title': 'SOC'}","{'id': '152', 'title': 'Celta Vigo', 'short_title': 'CEL'}","{'h': '1', 'a': '0'}","{'h': '2.32107', 'a': '0.313993'}",2022-01-08 15:15:00,"{'w': '0.8955', 'd': '0.088', 'l': '0.0165'}",2021
17327,True,"{'id': '155', 'title': 'Granada', 'short_title': 'GRA'}","{'id': '148', 'title': 'Barcelona', 'short_title': 'BAR'}","{'h': '1', 'a': '1'}","{'h': '0.747757', 'a': '0.967234'}",2022-01-08 17:30:00,"{'w': '0.2572', 'd': '0.336', 'l': '0.4068'}",2021
17331,True,"{'id': '150', 'title': 'Real Madrid', 'short_title': 'RMA'}","{'id': '146', 'title': 'Valencia', 'short_title': 'VAL'}","{'h': '4', 'a': '1'}","{'h': '4.1129', 'a': '1.12054'}",2022-01-08 20:00:00,"{'w': '0.961', 'd': '0.0316', 'l': '0.0074'}",2021
17334,True,"{'id': '145', 'title': 'Rayo Vallecano', 'short_title': 'RVL'}","{'id': '153', 'title': 'Real Betis', 'short_title': 'BET'}","{'h': '1', 'a': '1'}","{'h': '1.47922', 'a': '1.26688'}",2022-01-09 13:00:00,"{'w': '0.3993', 'd': '0.3213', 'l': '0.2794'}",2021
17333,True,"{'id': '138', 'title': 'Sevilla', 'short_title': 'SEV'}","{'id': '142', 'title': 'Getafe', 'short_title': 'GET'}","{'h': '1', 'a': '0'}","{'h': '0.592329', 'a': '0.114607'}",2022-01-09 15:15:00,"{'w': '0.4167', 'd': '0.5187', 'l': '0.0646'}",2021
17326,True,"{'id': '158', 'title': 'Alaves', 'short_title': 'ALA'}","{'id': '147', 'title': 'Athletic Club', 'short_title': 'ATH'}","{'h': '0', 'a': '0'}","{'h': '0.585505', 'a': '0.463719'}",2022-01-09 17:30:00,"{'w': '0.317', 'd': '0.4539', 'l': '0.2291'}",2021
17330,True,"{'id': '157', 'title': 'Osasuna', 'short_title': 'OSA'}","{'id': '261', 'title': 'Cadiz', 'short_title': 'CAD'}","{'h': '2', 'a': '0'}","{'h': '3.13396', 'a': '0.210192'}",2022-01-09 17:30:00,"{'w': '0.9762', 'd': '0.0216', 'l': '0.0022'}",2021
17335,True,"{'id': '154', 'title': 'Villarreal', 'short_title': 'VIL'}","{'id': '143', 'title': 'Atletico Madrid', 'short_title': 'ATL'}","{'h': '2', 'a': '2'}","{'h': '2.56125', 'a': '0.882404'}",2022-01-09 20:00:00,"{'w': '0.8002', 'd': '0.1407', 'l': '0.0591'}",2021
17328,True,"{'id': '141', 'title': 'Espanyol', 'short_title': 'ESP'}","{'id': '207', 'title': 'Elche', 'short_title': 'ELC'}","{'h': '1', 'a': '2'}","{'h': '1.30222', 'a': '0.662335'}",2022-01-10 20:00:00,"{'w': '0.542', 'd': '0.3172', 'l': '0.1408'}",2021
17345,True,"{'id': '207', 'title': 'Elche', 'short_title': 'ELC'}","{'id': '154', 'title': 'Villarreal', 'short_title': 'VIL'}","{'h': '1', 'a': '0'}","{'h': '0.204155', 'a': '0.755426'}",2022-01-16 18:00:00,"{'w': '0.0824', 'd': '0.4121', 'l': '0.5055'}",2021
17343,True,"{'id': '261', 'title': 'Cadiz', 'short_title': 'CAD'}","{'id': '141', 'title': 'Espanyol', 'short_title': 'ESP'}","{'h': '2', 'a': '2'}","{'h': '0.801983', 'a': '1.91578'}",2022-01-18 18:00:00,"{'w': '0.123', 'd': '0.2084', 'l': '0.6686'}",2021
17339,True,"{'id': '153', 'title': 'Real Betis', 'short_title': 'BET'}","{'id': '158', 'title': 'Alaves', 'short_title': 'ALA'}","{'h': '4', 'a': '0'}","{'h': '2.10165', 'a': '0.260065'}",2022-01-18 20:00:00,"{'w': '0.8463', 'd': '0.1247', 'l': '0.029'}",2021
17340,True,"{'id': '152', 'title': 'Celta Vigo', 'short_title': 'CEL'}","{'id': '157', 'title': 'Osasuna', 'short_title': 'OSA'}","{'h': '2', 'a': '0'}","{'h': '1.52433', 'a': '0.46556'}",2022-01-19 18:00:00,"{'w': '0.7377', 'd': '0.2104', 'l': '0.0519'}",2021
17344,True,"{'id': '146', 'title': 'Valencia', 'short_title': 'VAL'}","{'id': '138', 'title': 'Sevilla', 'short_title': 'SEV'}","{'h': '1', 'a': '1'}","{'h': '0.573449', 'a': '1.17995'}",2022-01-19 20:30:00,"{'w': '0.1602', 'd': '0.3111', 'l': '0.5287'}",2021
17342,True,"{'id': '142', 'title': 'Getafe', 'short_title': 'GET'}","{'id': '155', 'title': 'Granada', 'short_title': 'GRA'}","{'h': '4', 'a': '2'}","{'h': '1.18065', 'a': '0.856476'}",2022-01-20 18:00:00,"{'w': '0.4308', 'd': '0.3335', 'l': '0.2357'}",2021
17349,True,"{'id': '141', 'title': 'Espanyol', 'short_title': 'ESP'}","{'id': '153', 'title': 'Real Betis', 'short_title': 'BET'}","{'h': '1', 'a': '4'}","{'h': '1.57092', 'a': '2.85687'}",2022-01-21 20:00:00,"{'w': '0.1376', 'd': '0.1728', 'l': '0.6896'}",2021
17350,True,"{'id': '151', 'title': 'Levante', 'short_title': 'LEV'}","{'id': '261', 'title': 'Cadiz', 'short_title': 'CAD'}","{'h': '0', 'a': '2'}","{'h': '1.08487', 'a': '0.911469'}",2022-01-22 13:00:00,"{'w': '0.3764', 'd': '0.3331', 'l': '0.2905'}",2021
17355,True,"{'id': '154', 'title': 'Villarreal', 'short_title': 'VIL'}","{'id': '239', 'title': 'Mallorca', 'short_title': 'MAL'}","{'h': '3', 'a': '0'}","{'h': '2.19824', 'a': '1.59983'}",2022-01-22 15:15:00,"{'w': '0.5247', 'd': '0.2669', 'l': '0.2084'}",2021
17353,True,"{'id': '138', 'title': 'Sevilla', 'short_title': 'SEV'}","{'id': '152', 'title': 'Celta Vigo', 'short_title': 'CEL'}","{'h': '2', 'a': '2'}","{'h': '0.885077', 'a': '0.469693'}",2022-01-22 17:30:00,"{'w': '0.444', 'd': '0.375', 'l': '0.181'}",2021
17347,True,"{'id': '143', 'title': 'Atletico Madrid', 'short_title': 'ATL'}","{'id': '146', 'title': 'Valencia', 'short_title': 'VAL'}","{'h': '3', 'a': '2'}","{'h': '2.25966', 'a': '0.726623'}",2022-01-22 20:00:00,"{'w': '0.7844', 'd': '0.1572', 'l': '0.0584'}",2021
17348,True,"{'id': '155', 'title': 'Granada', 'short_title': 'GRA'}","{'id': '157', 'title': 'Osasuna', 'short_title': 'OSA'}","{'h': '0', 'a': '2'}","{'h': '0.582823', 'a': '2.17061'}",2022-01-23 13:00:00,"{'w': '0.0535', 'd': '0.1463', 'l': '0.8002'}",2021
17351,True,"{'id': '150', 'title': 'Real Madrid', 'short_title': 'RMA'}","{'id': '207', 'title': 'Elche', 'short_title': 'ELC'}","{'h': '2', 'a': '2'}","{'h': '3.82847', 'a': '0.725434'}",2022-01-23 15:15:00,"{'w': '0.9569', 'd': '0.0381', 'l': '0.005'}",2021
17352,True,"{'id': '140', 'title': 'Real Sociedad', 'short_title': 'SOC'}","{'id': '142', 'title': 'Getafe', 'short_title': 'GET'}","{'h': '0', 'a': '0'}","{'h': '1.21342', 'a': '0.350506'}",2022-01-23 17:30:00,"{'w': '0.6365', 'd': '0.276', 'l': '0.0875'}",2021
17354,True,"{'id': '145', 'title': 'Rayo Vallecano', 'short_title': 'RVL'}","{'id': '147', 'title': 'Athletic Club', 'short_title': 'ATH'}","{'h': '0', 'a': '1'}","{'h': '1.45337', 'a': '0.412898'}",2022-01-23 17:30:00,"{'w': '0.6354', 'd': '0.2651', 'l': '0.0995'}",2021
17346,True,"{'id': '158', 'title': 'Alaves', 'short_title': 'ALA'}","{'id': '148', 'title': 'Barcelona', 'short_title': 'BAR'}","{'h': '0', 'a': '1'}","{'h': '0.733223', 'a': '1.14948'}",2022-01-23 20:00:00,"{'w': '0.2031', 'd': '0.3229', 'l': '0.474'}",2021
17361,True,"{'id': '142', 'title': 'Getafe', 'short_title': 'GET'}","{'id': '151', 'title': 'Levante', 'short_title': 'LEV'}","{'h': '3', 'a': '0'}","{'h': '1.1718', 'a': '0.556029'}",2022-02-04 20:00:00,"{'w': '0.5396', 'd': '0.3006', 'l': '0.1598'}",2021
17365,True,"{'id': '207', 'title': 'Elche', 'short_title': 'ELC'}","{'id': '158', 'title': 'Alaves', 'short_title': 'ALA'}","{'h': '3', 'a': '1'}","{'h': '1.77379', 'a': '1.12234'}",2022-02-05 13:00:00,"{'w': '0.526', 'd': '0.2683', 'l': '0.2057'}",2021
17360,True,"{'id': '239', 'title': 'Mallorca', 'short_title': 'MAL'}","{'id': '261', 'title': 'Cadiz', 'short_title': 'CAD'}","{'h': '2', 'a': '1'}","{'h': '2.23498', 'a': '0.887418'}",2022-02-05 15:15:00,"{'w': '0.7481', 'd': '0.1717', 'l': '0.0802'}",2021
17359,True,"{'id': '152', 'title': 'Celta Vigo', 'short_title': 'CEL'}","{'id': '145', 'title': 'Rayo Vallecano', 'short_title': 'RVL'}","{'h': '2', 'a': '0'}","{'h': '0.65442', 'a': '0.678815'}",2022-02-05 17:30:00,"{'w': '0.2951', 'd': '0.3925', 'l': '0.3124'}",2021
17362,True,"{'id': '157', 'title': 'Osasuna', 'short_title': 'OSA'}","{'id': '138', 'title': 'Sevilla', 'short_title': 'SEV'}","{'h': '0', 'a': '0'}","{'h': '0.397154', 'a': '1.34983'}",2022-02-05 20:00:00,"{'w': '0.0662', 'd': '0.2315', 'l': '0.7023'}",2021
17364,True,"{'id': '146', 'title': 'Valencia', 'short_title': 'VAL'}","{'id': '140', 'title': 'Real Sociedad', 'short_title': 'SOC'}","{'h': '0', 'a': '0'}","{'h': '1.19065', 'a': '0.539612'}",2022-02-06 13:00:00,"{'w': '0.5483', 'd': '0.3093', 'l': '0.1424'}",2021
17357,True,"{'id': '148', 'title': 'Barcelona', 'short_title': 'BAR'}","{'id': '143', 'title': 'Atletico Madrid', 'short_title': 'ATL'}","{'h': '4', 'a': '2'}","{'h': '0.926663', 'a': '1.61465'}",2022-02-06 15:15:00,"{'w': '0.1699', 'd': '0.2693', 'l': '0.5608'}",2021
17358,True,"{'id': '153', 'title': 'Real Betis', 'short_title': 'BET'}","{'id': '154', 'title': 'Villarreal', 'short_title': 'VIL'}","{'h': '0', 'a': '2'}","{'h': '0.737524', 'a': '1.34131'}",2022-02-06 17:30:00,"{'w': '0.1619', 'd': '0.3038', 'l': '0.5343'}",2021
17363,True,"{'id': '150', 'title': 'Real Madrid', 'short_title': 'RMA'}","{'id': '155', 'title': 'Granada', 'short_title': 'GRA'}","{'h': '1', 'a': '0'}","{'h': '1.47173', 'a': '0.39522'}",2022-02-06 20:00:00,"{'w': '0.6578', 'd': '0.2552', 'l': '0.087'}",2021
17356,True,"{'id': '147', 'title': 'Athletic Club', 'short_title': 'ATH'}","{'id': '141', 'title': 'Espanyol', 'short_title': 'ESP'}","{'h': '2', 'a': '1'}","{'h': '1.07545', 'a': '0.580028'}",2022-02-07 20:00:00,"{'w': '0.4956', 'd': '0.3377', 'l': '0.1667'}",2021
17373,True,"{'id': '138', 'title': 'Sevilla', 'short_title': 'SEV'}","{'id': '207', 'title': 'Elche', 'short_title': 'ELC'}","{'h': '2', 'a': '0'}","{'h': '0.767939', 'a': '0.28732'}",2022-02-11 20:00:00,"{'w': '0.4559', 'd': '0.4154', 'l': '0.1287'}",2021
17369,True,"{'id': '261', 'title': 'Cadiz', 'short_title': 'CAD'}","{'id': '152', 'title': 'Celta Vigo', 'short_title': 'CEL'}","{'h': '0', 'a': '0'}","{'h': '0.880656', 'a': '0.900788'}",2022-02-12 13:00:00,"{'w': '0.2606', 'd': '0.4473', 'l': '0.2921'}",2021
17375,True,"{'id': '154', 'title': 'Villarreal', 'short_title': 'VIL'}","{'id': '150', 'title': 'Real Madrid', 'short_title': 'RMA'}","{'h': '0', 'a': '0'}","{'h': '0.460031', 'a': '2.11101'}",2022-02-12 15:15:00,"{'w': '0.0522', 'd': '0.1411', 'l': '0.8067'}",2021
17374,True,"{'id': '145', 'title': 'Rayo Vallecano', 'short_title': 'RVL'}","{'id': '157', 'title': 'Osasuna', 'short_title': 'OSA'}","{'h': '0', 'a': '3'}","{'h': '0.590034', 'a': '2.12321'}",2022-02-12 17:30:00,"{'w': '0.0647', 'd': '0.1536', 'l': '0.7817'}",2021
17367,True,"{'id': '143', 'title': 'Atletico Madrid', 'short_title': 'ATL'}","{'id': '142', 'title': 'Getafe', 'short_title': 'GET'}","{'h': '4', 'a': '3'}","{'h': '3.20819', 'a': '2.2661'}",2022-02-12 20:00:00,"{'w': '0.6164', 'd': '0.2174', 'l': '0.1662'}",2021
17366,True,"{'id': '158', 'title': 'Alaves', 'short_title': 'ALA'}","{'id': '146', 'title': 'Valencia', 'short_title': 'VAL'}","{'h': '2', 'a': '1'}","{'h': '2.03492', 'a': '1.18082'}",2022-02-13 13:00:00,"{'w': '0.6103', 'd': '0.2564', 'l': '0.1333'}",2021
17371,True,"{'id': '151', 'title': 'Levante', 'short_title': 'LEV'}","{'id': '153', 'title': 'Real Betis', 'short_title': 'BET'}","{'h': '2', 'a': '4'}","{'h': '1.66764', 'a': '2.09703'}",2022-02-13 15:15:00,"{'w': '0.2509', 'd': '0.2788', 'l': '0.4703'}",2021
17372,True,"{'id': '140', 'title': 'Real Sociedad', 'short_title': 'SOC'}","{'id': '155', 'title': 'Granada', 'short_title': 'GRA'}","{'h': '2', 'a': '0'}","{'h': '3.43761', 'a': '0.773811'}",2022-02-13 17:30:00,"{'w': '0.9191', 'd': '0.06', 'l': '0.0209'}",2021
17370,True,"{'id': '141', 'title': 'Espanyol', 'short_title': 'ESP'}","{'id': '148', 'title': 'Barcelona', 'short_title': 'BAR'}","{'h': '2', 'a': '2'}","{'h': '0.624266', 'a': '1.62221'}",2022-02-13 20:00:00,"{'w': '0.1055', 'd': '0.2364', 'l': '0.6581'}",2021
17368,True,"{'id': '239', 'title': 'Mallorca', 'short_title': 'MAL'}","{'id': '147', 'title': 'Athletic Club', 'short_title': 'ATH'}","{'h': '3', 'a': '2'}","{'h': '1.81722', 'a': '1.54391'}",2022-02-14 20:00:00,"{'w': '0.4237', 'd': '0.281', 'l': '0.2953'}",2021
17337,True,"{'id': '143', 'title': 'Atletico Madrid', 'short_title': 'ATL'}","{'id': '151', 'title': 'Levante', 'short_title': 'LEV'}","{'h': '0', 'a': '1'}","{'h': '1.10602', 'a': '0.813252'}",2022-02-16 18:00:00,"{'w': '0.4269', 'd': '0.3378', 'l': '0.2353'}",2021
17385,True,"{'id': '207', 'title': 'Elche', 'short_title': 'ELC'}","{'id': '145', 'title': 'Rayo Vallecano', 'short_title': 'RVL'}","{'h': '2', 'a': '1'}","{'h': '2.95715', 'a': '0.832156'}",2022-02-18 20:00:00,"{'w': '0.885', 'd': '0.0837', 'l': '0.0313'}",2021
17380,True,"{'id': '155', 'title': 'Granada', 'short_title': 'GRA'}","{'id': '154', 'title': 'Villarreal', 'short_title': 'VIL'}","{'h': '1', 'a': '4'}","{'h': '2.12749', 'a': '5.34192'}",2022-02-19 13:00:00,"{'w': '0.0194', 'd': '0.0474', 'l': '0.9332'}",2021
17382,True,"{'id': '157', 'title': 'Osasuna', 'short_title': 'OSA'}","{'id': '143', 'title': 'Atletico Madrid', 'short_title': 'ATL'}","{'h': '0', 'a': '3'}","{'h': '0.689493', 'a': '0.928671'}",2022-02-19 15:15:00,"{'w': '0.2354', 'd': '0.3463', 'l': '0.4183'}",2021
17379,True,"{'id': '261', 'title': 'Cadiz', 'short_title': 'CAD'}","{'id': '142', 'title': 'Getafe', 'short_title': 'GET'}","{'h': '1', 'a': '1'}","{'h': '0.653762', 'a': '0.885378'}",2022-02-19 17:30:00,"{'w': '0.2056', 'd': '0.3725', 'l': '0.4219'}",2021
17383,True,"{'id': '150', 'title': 'Real Madrid', 'short_title': 'RMA'}","{'id': '158', 'title': 'Alaves', 'short_title': 'ALA'}","{'h': '3', 'a': '0'}","{'h': '3.02281', 'a': '0.63724'}",2022-02-19 20:00:00,"{'w': '0.9041', 'd': '0.0795', 'l': '0.0164'}",2021
17381,True,"{'id': '141', 'title': 'Espanyol', 'short_title': 'ESP'}","{'id': '138', 'title': 'Sevilla', 'short_title': 'SEV'}","{'h': '1', 'a': '1'}","{'h': '1.60205', 'a': '0.958453'}",2022-02-20 13:00:00,"{'w': '0.5394', 'd': '0.2792', 'l': '0.1814'}",2021
17384,True,"{'id': '146', 'title': 'Valencia', 'short_title': 'VAL'}","{'id': '148', 'title': 'Barcelona', 'short_title': 'BAR'}","{'h': '1', 'a': '4'}","{'h': '0.774868', 'a': '2.4686'}",2022-02-20 15:15:00,"{'w': '0.0383', 'd': '0.1221', 'l': '0.8396'}",2021
17377,True,"{'id': '153', 'title': 'Real Betis', 'short_title': 'BET'}","{'id': '239', 'title': 'Mallorca', 'short_title': 'MAL'}","{'h': '2', 'a': '1'}","{'h': '1.47285', 'a': '0.33988'}",2022-02-20 17:30:00,"{'w': '0.7372', 'd': '0.2077', 'l': '0.0551'}",2021
17376,True,"{'id': '147', 'title': 'Athletic Club', 'short_title': 'ATH'}","{'id': '140', 'title': 'Real Sociedad', 'short_title': 'SOC'}","{'h': '4', 'a': '0'}","{'h': '3.08821', 'a': '0.528403'}",2022-02-20 20:00:00,"{'w': '0.9384', 'd': '0.0489', 'l': '0.0127'}",2021
17378,True,"{'id': '152', 'title': 'Celta Vigo', 'short_title': 'CEL'}","{'id': '151', 'title': 'Levante', 'short_title': 'LEV'}","{'h': '1', 'a': '1'}","{'h': '1.40465', 'a': '1.54675'}",2022-02-21 20:00:00,"{'w': '0.3122', 'd': '0.2933', 'l': '0.3945'}",2021
17391,True,"{'id': '151', 'title': 'Levante', 'short_title': 'LEV'}","{'id': '207', 'title': 'Elche', 'short_title': 'ELC'}","{'h': '3', 'a': '0'}","{'h': '2.13075', 'a': '1.0394'}",2022-02-25 20:00:00,"{'w': '0.6822', 'd': '0.2149', 'l': '0.1029'}",2021
17388,True,"{'id': '239', 'title': 'Mallorca', 'short_title': 'MAL'}","{'id': '146', 'title': 'Valencia', 'short_title': 'VAL'}","{'h': '0', 'a': '1'}","{'h': '1.38849', 'a': '0.71964'}",2022-02-26 13:00:00,"{'w': '0.5301', 'd': '0.279', 'l': '0.1909'}",2021
17389,True,"{'id': '142', 'title': 'Getafe', 'short_title': 'GET'}","{'id': '158', 'title': 'Alaves', 'short_title': 'ALA'}","{'h': '2', 'a': '2'}","{'h': '1.2384', 'a': '1.33865'}",2022-02-26 15:15:00,"{'w': '0.3129', 'd': '0.3083', 'l': '0.3788'}",2021
17394,True,"{'id': '145', 'title': 'Rayo Vallecano', 'short_title': 'RVL'}","{'id': '150', 'title': 'Real Madrid', 'short_title': 'RMA'}","{'h': '0', 'a': '1'}","{'h': '1.19813', 'a': '1.92697'}",2022-02-26 17:30:00,"{'w': '0.1992', 'd': '0.2407', 'l': '0.5601'}",2021
17386,True,"{'id': '143', 'title': 'Atletico Madrid', 'short_title': 'ATL'}","{'id': '152', 'title': 'Celta Vigo', 'short_title': 'CEL'}","{'h': '2', 'a': '0'}","{'h': '0.771653', 'a': '0.724951'}",2022-02-26 20:00:00,"{'w': '0.3365', 'd': '0.3643', 'l': '0.2992'}",2021
17395,True,"{'id': '154', 'title': 'Villarreal', 'short_title': 'VIL'}","{'id': '141', 'title': 'Espanyol', 'short_title': 'ESP'}","{'h': '5', 'a': '1'}","{'h': '4.80545', 'a': '0.641431'}",2022-02-27 13:00:00,"{'w': '0.991', 'd': '0.0079', 'l': '0.0011'}",2021
17393,True,"{'id': '138', 'title': 'Sevilla', 'short_title': 'SEV'}","{'id': '153', 'title': 'Real Betis', 'short_title': 'BET'}","{'h': '2', 'a': '1'}","{'h': '1.73411', 'a': '0.745673'}",2022-02-27 15:15:00,"{'w': '0.6651', 'd': '0.229', 'l': '0.1059'}",2021
17392,True,"{'id': '140', 'title': 'Real Sociedad', 'short_title': 'SOC'}","{'id': '157', 'title': 'Osasuna', 'short_title': 'OSA'}","{'h': '1', 'a': '0'}","{'h': '1.52268', 'a': '0.410683'}",2022-02-27 17:30:00,"{'w': '0.7151', 'd': '0.2128', 'l': '0.0721'}",2021
17387,True,"{'id': '148', 'title': 'Barcelona', 'short_title': 'BAR'}","{'id': '147', 'title': 'Athletic Club', 'short_title': 'ATH'}","{'h': '4', 'a': '0'}","{'h': '3.24274', 'a': '0.332521'}",2022-02-27 20:00:00,"{'w': '0.9592', 'd': '0.0331', 'l': '0.0077'}",2021
17390,True,"{'id': '155', 'title': 'Granada', 'short_title': 'GRA'}","{'id': '261', 'title': 'Cadiz', 'short_title': 'CAD'}","{'h': '0', 'a': '0'}","{'h': '0.240876', 'a': '0.902122'}",2022-02-28 20:00:00,"{'w': '0.0903', 'd': '0.3755', 'l': '0.5342'}",2021
17341,True,"{'id': '239', 'title': 'Mallorca', 'short_title': 'MAL'}","{'id': '140', 'title': 'Real Sociedad', 'short_title': 'SOC'}","{'h': '0', 'a': '2'}","{'h': '0.455768', 'a': '1.44904'}",2022-03-02 20:00:00,"{'w': '0.1027', 'd': '0.2437', 'l': '0.6536'}",2021
17396,True,"{'id': '158', 'title': 'Alaves', 'short_title': 'ALA'}","{'id': '138', 'title': 'Sevilla', 'short_title': 'SEV'}","{'h': '0', 'a': '0'}","{'h': '2.03396', 'a': '1.07969'}",2022-03-04 20:00:00,"{'w': '0.6299', 'd': '0.2226', 'l': '0.1475'}",2021
17402,True,"{'id': '157', 'title': 'Osasuna', 'short_title': 'OSA'}","{'id': '154', 'title': 'Villarreal', 'short_title': 'VIL'}","{'h': '1', 'a': '0'}","{'h': '1.52659', 'a': '0.522906'}",2022-03-05 13:00:00,"{'w': '0.6505', 'd': '0.2366', 'l': '0.1129'}",2021
17401,True,"{'id': '141', 'title': 'Espanyol', 'short_title': 'ESP'}","{'id': '142', 'title': 'Getafe', 'short_title': 'GET'}","{'h': '2', 'a': '0'}","{'h': '0.12167', 'a': '0.477665'}",2022-03-05 15:15:00,"{'w': '0.0715', 'd': '0.573', 'l': '0.3555'}",2021
17404,True,"{'id': '146', 'title': 'Valencia', 'short_title': 'VAL'}","{'id': '155', 'title': 'Granada', 'short_title': 'GRA'}","{'h': '3', 'a': '1'}","{'h': '1.83454', 'a': '0.209802'}",2022-03-05 17:30:00,"{'w': '0.858', 'd': '0.121', 'l': '0.021'}",2021
17403,True,"{'id': '150', 'title': 'Real Madrid', 'short_title': 'RMA'}","{'id': '140', 'title': 'Real Sociedad', 'short_title': 'SOC'}","{'h': '4', 'a': '1'}","{'h': '2.08769', 'a': '0.743278'}",2022-03-05 20:00:00,"{'w': '0.7666', 'd': '0.1973', 'l': '0.0361'}",2021
17400,True,"{'id': '261', 'title': 'Cadiz', 'short_title': 'CAD'}","{'id': '145', 'title': 'Rayo Vallecano', 'short_title': 'RVL'}","{'h': '2', 'a': '0'}","{'h': '1.1663', 'a': '0.908358'}",2022-03-06 13:00:00,"{'w': '0.413', 'd': '0.3187', 'l': '0.2683'}",2021
17405,True,"{'id': '207', 'title': 'Elche', 'short_title': 'ELC'}","{'id': '148', 'title': 'Barcelona', 'short_title': 'BAR'}","{'h': '1', 'a': '2'}","{'h': '0.850008', 'a': '4.0864'}",2022-03-06 15:15:00,"{'w': '0.0127', 'd': '0.0364', 'l': '0.9509'}",2021
17399,True,"{'id': '152', 'title': 'Celta Vigo', 'short_title': 'CEL'}","{'id': '239', 'title': 'Mallorca', 'short_title': 'MAL'}","{'h': '4', 'a': '3'}","{'h': '2.80024', 'a': '1.59076'}",2022-03-06 17:30:00,"{'w': '0.6847', 'd': '0.1902', 'l': '0.1251'}",2021
17398,True,"{'id': '153', 'title': 'Real Betis', 'short_title': 'BET'}","{'id': '143', 'title': 'Atletico Madrid', 'short_title': 'ATL'}","{'h': '1', 'a': '3'}","{'h': '1.31499', 'a': '2.6744'}",2022-03-06 20:00:00,"{'w': '0.1179', 'd': '0.1742', 'l': '0.7079'}",2021
17397,True,"{'id': '147', 'title': 'Athletic Club', 'short_title': 'ATH'}","{'id': '151', 'title': 'Levante', 'short_title': 'LEV'}","{'h': '3', 'a': '1'}","{'h': '3.4866', 'a': '0.552215'}",2022-03-07 20:00:00,"{'w': '0.9512', 'd': '0.0396', 'l': '0.0092'}",2021
17406,True,"{'id': '143', 'title': 'Atletico Madrid', 'short_title': 'ATL'}","{'id': '261', 'title': 'Cadiz', 'short_title': 'CAD'}","{'h': '2', 'a': '1'}","{'h': '0.659742', 'a': '0.817457'}",2022-03-11 20:00:00,"{'w': '0.2686', 'd': '0.3723', 'l': '0.3591'}",2021
17412,True,"{'id': '151', 'title': 'Levante', 'short_title': 'LEV'}","{'id': '141', 'title': 'Espanyol', 'short_title': 'ESP'}","{'h': '1', 'a': '1'}","{'h': '1.25649', 'a': '0.47916'}",2022-03-12 13:00:00,"{'w': '0.6005', 'd': '0.2955', 'l': '0.104'}",2021
17411,True,"{'id': '155', 'title': 'Granada', 'short_title': 'GRA'}","{'id': '207', 'title': 'Elche', 'short_title': 'ELC'}","{'h': '0', 'a': '1'}","{'h': '1.34208', 'a': '1.32937'}",2022-03-12 15:15:00,"{'w': '0.3645', 'd': '0.2887', 'l': '0.3468'}",2021
17415,True,"{'id': '154', 'title': 'Villarreal', 'short_title': 'VIL'}","{'id': '152', 'title': 'Celta Vigo', 'short_title': 'CEL'}","{'h': '1', 'a': '0'}","{'h': '1.16993', 'a': '0.933297'}",2022-03-12 17:30:00,"{'w': '0.4109', 'd': '0.3284', 'l': '0.2607'}",2021
17410,True,"{'id': '142', 'title': 'Getafe', 'short_title': 'GET'}","{'id': '146', 'title': 'Valencia', 'short_title': 'VAL'}","{'h': '0', 'a': '0'}","{'h': '1.20664', 'a': '0.250843'}",2022-03-12 20:00:00,"{'w': '0.6497', 'd': '0.2857', 'l': '0.0646'}",2021
17414,True,"{'id': '145', 'title': 'Rayo Vallecano', 'short_title': 'RVL'}","{'id': '138', 'title': 'Sevilla', 'short_title': 'SEV'}","{'h': '1', 'a': '1'}","{'h': '0.626895', 'a': '0.412843'}",2022-03-13 13:00:00,"{'w': '0.3445', 'd': '0.4566', 'l': '0.1989'}",2021
17408,True,"{'id': '153', 'title': 'Real Betis', 'short_title': 'BET'}","{'id': '147', 'title': 'Athletic Club', 'short_title': 'ATH'}","{'h': '1', 'a': '0'}","{'h': '0.846393', 'a': '0.707634'}",2022-03-13 15:15:00,"{'w': '0.3649', 'd': '0.3796', 'l': '0.2555'}",2021
17413,True,"{'id': '140', 'title': 'Real Sociedad', 'short_title': 'SOC'}","{'id': '158', 'title': 'Alaves', 'short_title': 'ALA'}","{'h': '1', 'a': '0'}","{'h': '3.04773', 'a': '0.666399'}",2022-03-13 17:30:00,"{'w': '0.8901', 'd': '0.0811', 'l': '0.0288'}",2021
17407,True,"{'id': '148', 'title': 'Barcelona', 'short_title': 'BAR'}","{'id': '157', 'title': 'Osasuna', 'short_title': 'OSA'}","{'h': '4', 'a': '0'}","{'h': '3.90343', 'a': '0.110884'}",2022-03-13 20:00:00,"{'w': '0.9931', 'd': '0.0059', 'l': '0.001'}",2021
17409,True,"{'id': '239', 'title': 'Mallorca', 'short_title': 'MAL'}","{'id': '150', 'title': 'Real Madrid', 'short_title': 'RMA'}","{'h': '0', 'a': '3'}","{'h': '1.17685', 'a': '1.81712'}",2022-03-14 20:00:00,"{'w': '0.1982', 'd': '0.2509', 'l': '0.5509'}",2021
17417,True,"{'id': '147', 'title': 'Athletic Club', 'short_title': 'ATH'}","{'id': '142', 'title': 'Getafe', 'short_title': 'GET'}","{'h': '1', 'a': '1'}","{'h': '2.64347', 'a': '0.562831'}",2022-03-18 20:00:00,"{'w': '0.8613', 'd': '0.1024', 'l': '0.0363'}",2021
17416,True,"{'id': '158', 'title': 'Alaves', 'short_title': 'ALA'}","{'id': '155', 'title': 'Granada', 'short_title': 'GRA'}","{'h': '2', 'a': '3'}","{'h': '2.13094', 'a': '2.19056'}",2022-03-19 13:00:00,"{'w': '0.3534', 'd': '0.2684', 'l': '0.3782'}",2021
17425,True,"{'id': '207', 'title': 'Elche', 'short_title': 'ELC'}","{'id': '146', 'title': 'Valencia', 'short_title': 'VAL'}","{'h': '0', 'a': '1'}","{'h': '0.509372', 'a': '0.979663'}",2022-03-19 15:15:00,"{'w': '0.172', 'd': '0.3549', 'l': '0.4731'}",2021
17421,True,"{'id': '157', 'title': 'Osasuna', 'short_title': 'OSA'}","{'id': '151', 'title': 'Levante', 'short_title': 'LEV'}","{'h': '3', 'a': '1'}","{'h': '2.67397', 'a': '1.21866'}",2022-03-19 17:30:00,"{'w': '0.7119', 'd': '0.1695', 'l': '0.1186'}",2021
17424,True,"{'id': '145', 'title': 'Rayo Vallecano', 'short_title': 'RVL'}","{'id': '143', 'title': 'Atletico Madrid', 'short_title': 'ATL'}","{'h': '0', 'a': '1'}","{'h': '1.88474', 'a': '1.1919'}",2022-03-19 20:00:00,"{'w': '0.5508', 'd': '0.2462', 'l': '0.203'}",2021
17420,True,"{'id': '141', 'title': 'Espanyol', 'short_title': 'ESP'}","{'id': '239', 'title': 'Mallorca', 'short_title': 'MAL'}","{'h': '1', 'a': '0'}","{'h': '1.54033', 'a': '0.306153'}",2022-03-20 13:00:00,"{'w': '0.7468', 'd': '0.2036', 'l': '0.0496'}",2021
17418,True,"{'id': '152', 'title': 'Celta Vigo', 'short_title': 'CEL'}","{'id': '153', 'title': 'Real Betis', 'short_title': 'BET'}","{'h': '0', 'a': '0'}","{'h': '1.26157', 'a': '0.444295'}",2022-03-20 15:15:00,"{'w': '0.6179', 'd': '0.2751', 'l': '0.107'}",2021
17419,True,"{'id': '261', 'title': 'Cadiz', 'short_title': 'CAD'}","{'id': '154', 'title': 'Villarreal', 'short_title': 'VIL'}","{'h': '1', 'a': '0'}","{'h': '1.4273', 'a': '0.192945'}",2022-03-20 15:15:00,"{'w': '0.7757', 'd': '0.1896', 'l': '0.0347'}",2021
17423,True,"{'id': '138', 'title': 'Sevilla', 'short_title': 'SEV'}","{'id': '140', 'title': 'Real Sociedad', 'short_title': 'SOC'}","{'h': '0', 'a': '0'}","{'h': '0.355365', 'a': '1.22058'}",2022-03-20 17:30:00,"{'w': '0.0879', 'd': '0.2841', 'l': '0.628'}",2021
17422,True,"{'id': '150', 'title': 'Real Madrid', 'short_title': 'RMA'}","{'id': '148', 'title': 'Barcelona', 'short_title': 'BAR'}","{'h': '0', 'a': '4'}","{'h': '0.627785', 'a': '4.25983'}",2022-03-20 20:00:00,"{'w': '0.0083', 'd': '0.0246', 'l': '0.9671'}",2021
17431,True,"{'id': '142', 'title': 'Getafe', 'short_title': 'GET'}","{'id': '239', 'title': 'Mallorca', 'short_title': 'MAL'}","{'h': '1', 'a': '0'}","{'h': '1.69452', 'a': '0.308149'}",2022-04-02 12:00:00,"{'w': '0.8213', 'd': '0.147', 'l': '0.0317'}",2021
17433,True,"{'id': '151', 'title': 'Levante', 'short_title': 'LEV'}","{'id': '154', 'title': 'Villarreal', 'short_title': 'VIL'}","{'h': '2', 'a': '0'}","{'h': '1.71737', 'a': '1.10171'}",2022-04-02 14:15:00,"{'w': '0.5396', 'd': '0.2899', 'l': '0.1705'}",2021
17430,True,"{'id': '152', 'title': 'Celta Vigo', 'short_title': 'CEL'}","{'id': '150', 'title': 'Real Madrid', 'short_title': 'RMA'}","{'h': '1', 'a': '2'}","{'h': '1.07389', 'a': '2.94585'}",2022-04-02 16:30:00,"{'w': '0.0405', 'd': '0.1167', 'l': '0.8428'}",2021
17427,True,"{'id': '143', 'title': 'Atletico Madrid', 'short_title': 'ATL'}","{'id': '158', 'title': 'Alaves', 'short_title': 'ALA'}","{'h': '4', 'a': '1'}","{'h': '2.86429', 'a': '0.518108'}",2022-04-02 19:00:00,"{'w': '0.9363', 'd': '0.0528', 'l': '0.0109'}",2021
17426,True,"{'id': '147', 'title': 'Athletic Club', 'short_title': 'ATH'}","{'id': '207', 'title': 'Elche', 'short_title': 'ELC'}","{'h': '2', 'a': '1'}","{'h': '2.08095', 'a': '0.45189'}",2022-04-03 12:00:00,"{'w': '0.7839', 'd': '0.1618', 'l': '0.0543'}",2021
17429,True,"{'id': '153', 'title': 'Real Betis', 'short_title': 'BET'}","{'id': '157', 'title': 'Osasuna', 'short_title': 'OSA'}","{'h': '4', 'a': '1'}","{'h': '4.85779', 'a': '0.310951'}",2022-04-03 14:15:00,"{'w': '0.9987', 'd': '0.0012', 'l': '0.0001'}",2021
17432,True,"{'id': '155', 'title': 'Granada', 'short_title': 'GRA'}","{'id': '145', 'title': 'Rayo Vallecano', 'short_title': 'RVL'}","{'h': '2', 'a': '2'}","{'h': '2.26365', 'a': '1.04645'}",2022-04-03 16:30:00,"{'w': '0.6904', 'd': '0.1926', 'l': '0.117'}",2021
17435,True,"{'id': '146', 'title': 'Valencia', 'short_title': 'VAL'}","{'id': '261', 'title': 'Cadiz', 'short_title': 'CAD'}","{'h': '0', 'a': '0'}","{'h': '0.107859', 'a': '0.196233'}",2022-04-03 16:30:00,"{'w': '0.0866', 'd': '0.7544', 'l': '0.159'}",2021
17428,True,"{'id': '148', 'title': 'Barcelona', 'short_title': 'BAR'}","{'id': '138', 'title': 'Sevilla', 'short_title': 'SEV'}","{'h': '1', 'a': '0'}","{'h': '1.93362', 'a': '0.488161'}",2022-04-03 19:00:00,"{'w': '0.7558', 'd': '0.1769', 'l': '0.0673'}",2021
17434,True,"{'id': '140', 'title': 'Real Sociedad', 'short_title': 'SOC'}","{'id': '141', 'title': 'Espanyol', 'short_title': 'ESP'}","{'h': '1', 'a': '0'}","{'h': '1.95778', 'a': '0.714821'}",2022-04-04 19:00:00,"{'w': '0.7144', 'd': '0.2116', 'l': '0.074'}",2021
17442,True,"{'id': '138', 'title': 'Sevilla', 'short_title': 'SEV'}","{'id': '155', 'title': 'Granada', 'short_title': 'GRA'}","{'h': '4', 'a': '2'}","{'h': '3.30823', 'a': '0.981555'}",2022-04-08 19:00:00,"{'w': '0.9027', 'd': '0.0725', 'l': '0.0248'}",2021
17437,True,"{'id': '261', 'title': 'Cadiz', 'short_title': 'CAD'}","{'id': '153', 'title': 'Real Betis', 'short_title': 'BET'}","{'h': '1', 'a': '2'}","{'h': '1.15546', 'a': '1.22849'}",2022-04-09 12:00:00,"{'w': '0.2877', 'd': '0.3623', 'l': '0.35'}",2021
17436,True,"{'id': '239', 'title': 'Mallorca', 'short_title': 'MAL'}","{'id': '143', 'title': 'Atletico Madrid', 'short_title': 'ATL'}","{'h': '1', 'a': '0'}","{'h': '1.08047', 'a': '0.575266'}",2022-04-09 14:15:00,"{'w': '0.5208', 'd': '0.3296', 'l': '0.1496'}",2021
17444,True,"{'id': '154', 'title': 'Villarreal', 'short_title': 'VIL'}","{'id': '147', 'title': 'Athletic Club', 'short_title': 'ATH'}","{'h': '1', 'a': '1'}","{'h': '0.919935', 'a': '2.04982'}",2022-04-09 16:30:00,"{'w': '0.1028', 'd': '0.2154', 'l': '0.6818'}",2021
17441,True,"{'id': '150', 'title': 'Real Madrid', 'short_title': 'RMA'}","{'id': '142', 'title': 'Getafe', 'short_title': 'GET'}","{'h': '2', 'a': '0'}","{'h': '1.62196', 'a': '0.407933'}",2022-04-09 19:00:00,"{'w': '0.7273', 'd': '0.2051', 'l': '0.0676'}",2021
17440,True,"{'id': '157', 'title': 'Osasuna', 'short_title': 'OSA'}","{'id': '158', 'title': 'Alaves', 'short_title': 'ALA'}","{'h': '1', 'a': '0'}","{'h': '2.67295', 'a': '0.779772'}",2022-04-10 12:00:00,"{'w': '0.8631', 'd': '0.1044', 'l': '0.0325'}",2021
17438,True,"{'id': '141', 'title': 'Espanyol', 'short_title': 'ESP'}","{'id': '152', 'title': 'Celta Vigo', 'short_title': 'CEL'}","{'h': '1', 'a': '0'}","{'h': '1.55824', 'a': '0.6961'}",2022-04-10 14:15:00,"{'w': '0.6185', 'd': '0.2567', 'l': '0.1248'}",2021
17445,True,"{'id': '207', 'title': 'Elche', 'short_title': 'ELC'}","{'id': '140', 'title': 'Real Sociedad', 'short_title': 'SOC'}","{'h': '1', 'a': '2'}","{'h': '1.0483', 'a': '2.08213'}",2022-04-10 16:30:00,"{'w': '0.1287', 'd': '0.2205', 'l': '0.6508'}",2021
17439,True,"{'id': '151', 'title': 'Levante', 'short_title': 'LEV'}","{'id': '148', 'title': 'Barcelona', 'short_title': 'BAR'}","{'h': '2', 'a': '3'}","{'h': '2.98698', 'a': '1.36074'}",2022-04-10 19:00:00,"{'w': '0.7929', 'd': '0.1372', 'l': '0.0699'}",2021
17443,True,"{'id': '145', 'title': 'Rayo Vallecano', 'short_title': 'RVL'}","{'id': '146', 'title': 'Valencia', 'short_title': 'VAL'}","{'h': '1', 'a': '1'}","{'h': '0.556213', 'a': '0.56958'}",2022-04-11 19:00:00,"{'w': '0.2784', 'd': '0.4343', 'l': '0.2873'}",2021
17452,True,"{'id': '140', 'title': 'Real Sociedad', 'short_title': 'SOC'}","{'id': '153', 'title': 'Real Betis', 'short_title': 'BET'}","{'h': '0', 'a': '0'}","{'h': '0.86796', 'a': '0.377534'}",2022-04-15 19:00:00,"{'w': '0.48', 'd': '0.376', 'l': '0.144'}",2021
17455,True,"{'id': '207', 'title': 'Elche', 'short_title': 'ELC'}","{'id': '239', 'title': 'Mallorca', 'short_title': 'MAL'}","{'h': '3', 'a': '0'}","{'h': '1.49995', 'a': '1.06428'}",2022-04-16 12:00:00,"{'w': '0.4905', 'd': '0.2918', 'l': '0.2177'}",2021
17446,True,"{'id': '158', 'title': 'Alaves', 'short_title': 'ALA'}","{'id': '145', 'title': 'Rayo Vallecano', 'short_title': 'RVL'}","{'h': '1', 'a': '0'}","{'h': '0.531373', 'a': '1.22034'}",2022-04-16 14:15:00,"{'w': '0.147', 'd': '0.3058', 'l': '0.5472'}",2021
17454,True,"{'id': '146', 'title': 'Valencia', 'short_title': 'VAL'}","{'id': '157', 'title': 'Osasuna', 'short_title': 'OSA'}","{'h': '1', 'a': '2'}","{'h': '1.20904', 'a': '1.06317'}",2022-04-16 16:30:00,"{'w': '0.3424', 'd': '0.4015', 'l': '0.2561'}",2021
17450,True,"{'id': '142', 'title': 'Getafe', 'short_title': 'GET'}","{'id': '154', 'title': 'Villarreal', 'short_title': 'VIL'}","{'h': '1', 'a': '2'}","{'h': '0.939154', 'a': '2.82388'}",2022-04-16 19:00:00,"{'w': '0.0457', 'd': '0.1136', 'l': '0.8407'}",2021
17451,True,"{'id': '155', 'title': 'Granada', 'short_title': 'GRA'}","{'id': '151', 'title': 'Levante', 'short_title': 'LEV'}","{'h': '1', 'a': '4'}","{'h': '1.15642', 'a': '4.45893'}",2022-04-17 12:00:00,"{'w': '0.0132', 'd': '0.0371', 'l': '0.9497'}",2021
17448,True,"{'id': '143', 'title': 'Atletico Madrid', 'short_title': 'ATL'}","{'id': '141', 'title': 'Espanyol', 'short_title': 'ESP'}","{'h': '2', 'a': '1'}","{'h': '1.58913', 'a': '0.814562'}",2022-04-17 14:15:00,"{'w': '0.5988', 'd': '0.2574', 'l': '0.1438'}",2021
17447,True,"{'id': '147', 'title': 'Athletic Club', 'short_title': 'ATH'}","{'id': '152', 'title': 'Celta Vigo', 'short_title': 'CEL'}","{'h': '0', 'a': '2'}","{'h': '0.910556', 'a': '0.882589'}",2022-04-17 16:30:00,"{'w': '0.3119', 'd': '0.3716', 'l': '0.3165'}",2021
17453,True,"{'id': '138', 'title': 'Sevilla', 'short_title': 'SEV'}","{'id': '150', 'title': 'Real Madrid', 'short_title': 'RMA'}","{'h': '2', 'a': '3'}","{'h': '1.17236', 'a': '1.53527'}",2022-04-17 19:00:00,"{'w': '0.2605', 'd': '0.2823', 'l': '0.4572'}",2021
17449,True,"{'id': '148', 'title': 'Barcelona', 'short_title': 'BAR'}","{'id': '261', 'title': 'Cadiz', 'short_title': 'CAD'}","{'h': '0', 'a': '1'}","{'h': '1.35403', 'a': '1.92768'}",2022-04-18 19:00:00,"{'w': '0.2001', 'd': '0.2559', 'l': '0.544'}",2021
17459,True,"{'id': '239', 'title': 'Mallorca', 'short_title': 'MAL'}","{'id': '158', 'title': 'Alaves', 'short_title': 'ALA'}","{'h': '2', 'a': '1'}","{'h': '0.91373', 'a': '0.561806'}",2022-04-19 17:00:00,"{'w': '0.4483', 'd': '0.3587', 'l': '0.193'}",2021
17457,True,"{'id': '153', 'title': 'Real Betis', 'short_title': 'BET'}","{'id': '207', 'title': 'Elche', 'short_title': 'ELC'}","{'h': '0', 'a': '1'}","{'h': '1.34387', 'a': '0.834721'}",2022-04-19 19:00:00,"{'w': '0.4789', 'd': '0.3123', 'l': '0.2088'}",2021
17465,True,"{'id': '154', 'title': 'Villarreal', 'short_title': 'VIL'}","{'id': '146', 'title': 'Valencia', 'short_title': 'VAL'}","{'h': '2', 'a': '0'}","{'h': '2.79507', 'a': '0.313345'}",2022-04-19 19:30:00,"{'w': '0.9308', 'd': '0.0592', 'l': '0.01'}",2021
17456,True,"{'id': '143', 'title': 'Atletico Madrid', 'short_title': 'ATL'}","{'id': '155', 'title': 'Granada', 'short_title': 'GRA'}","{'h': '0', 'a': '0'}","{'h': '1.14761', 'a': '0.150986'}",2022-04-20 17:00:00,"{'w': '0.6436', 'd': '0.3094', 'l': '0.047'}",2021
17458,True,"{'id': '152', 'title': 'Celta Vigo', 'short_title': 'CEL'}","{'id': '142', 'title': 'Getafe', 'short_title': 'GET'}","{'h': '0', 'a': '2'}","{'h': '0.326278', 'a': '1.45896'}",2022-04-20 18:00:00,"{'w': '0.0645', 'd': '0.2217', 'l': '0.7138'}",2021
17463,True,"{'id': '157', 'title': 'Osasuna', 'short_title': 'OSA'}","{'id': '150', 'title': 'Real Madrid', 'short_title': 'RMA'}","{'h': '1', 'a': '3'}","{'h': '0.872915', 'a': '4.60461'}",2022-04-20 19:30:00,"{'w': '0.003', 'd': '0.0129', 'l': '0.9841'}",2021
17461,True,"{'id': '141', 'title': 'Espanyol', 'short_title': 'ESP'}","{'id': '145', 'title': 'Rayo Vallecano', 'short_title': 'RVL'}","{'h': '0', 'a': '1'}","{'h': '0.454741', 'a': '1.01579'}",2022-04-21 17:00:00,"{'w': '0.1476', 'd': '0.3449', 'l': '0.5075'}",2021
17462,True,"{'id': '151', 'title': 'Levante', 'short_title': 'LEV'}","{'id': '138', 'title': 'Sevilla', 'short_title': 'SEV'}","{'h': '2', 'a': '3'}","{'h': '2.62106', 'a': '2.46009'}",2022-04-21 17:00:00,"{'w': '0.4192', 'd': '0.2381', 'l': '0.3427'}",2021
17460,True,"{'id': '261', 'title': 'Cadiz', 'short_title': 'CAD'}","{'id': '147', 'title': 'Athletic Club', 'short_title': 'ATH'}","{'h': '2', 'a': '3'}","{'h': '3.42624', 'a': '2.33226'}",2022-04-21 18:00:00,"{'w': '0.6235', 'd': '0.2013', 'l': '0.1752'}",2021
17464,True,"{'id': '140', 'title': 'Real Sociedad', 'short_title': 'SOC'}","{'id': '148', 'title': 'Barcelona', 'short_title': 'BAR'}","{'h': '0', 'a': '1'}","{'h': '1.0324', 'a': '1.96498'}",2022-04-21 19:30:00,"{'w': '0.1377', 'd': '0.2401', 'l': '0.6222'}",2021
17338,True,"{'id': '148', 'title': 'Barcelona', 'short_title': 'BAR'}","{'id': '145', 'title': 'Rayo Vallecano', 'short_title': 'RVL'}","{'h': '0', 'a': '1'}","{'h': '1.10806', 'a': '0.247749'}",2022-04-24 19:00:00,"{'w': '0.5953', 'd': '0.3262', 'l': '0.0785'}",2021
17472,True,"{'id': '138', 'title': 'Sevilla', 'short_title': 'SEV'}","{'id': '261', 'title': 'Cadiz', 'short_title': 'CAD'}","{'h': '1', 'a': '1'}","{'h': '0.873458', 'a': '0.899478'}",2022-04-29 19:00:00,"{'w': '0.3234', 'd': '0.3603', 'l': '0.3163'}",2021
17466,True,"{'id': '158', 'title': 'Alaves', 'short_title': 'ALA'}","{'id': '154', 'title': 'Villarreal', 'short_title': 'VIL'}","{'h': '2', 'a': '1'}","{'h': '1.85307', 'a': '1.14043'}",2022-04-30 12:00:00,"{'w': '0.5752', 'd': '0.2407', 'l': '0.1841'}",2021
17471,True,"{'id': '150', 'title': 'Real Madrid', 'short_title': 'RMA'}","{'id': '141', 'title': 'Espanyol', 'short_title': 'ESP'}","{'h': '4', 'a': '0'}","{'h': '2.31704', 'a': '1.64156'}",2022-04-30 14:15:00,"{'w': '0.547', 'd': '0.2264', 'l': '0.2266'}",2021
17473,True,"{'id': '146', 'title': 'Valencia', 'short_title': 'VAL'}","{'id': '151', 'title': 'Levante', 'short_title': 'LEV'}","{'h': '1', 'a': '1'}","{'h': '0.737326', 'a': '1.70278'}",2022-04-30 16:30:00,"{'w': '0.131', 'd': '0.2468', 'l': '0.6222'}",2021
17467,True,"{'id': '147', 'title': 'Athletic Club', 'short_title': 'ATH'}","{'id': '143', 'title': 'Atletico Madrid', 'short_title': 'ATL'}","{'h': '2', 'a': '0'}","{'h': '1.24712', 'a': '0.503211'}",2022-04-30 19:00:00,"{'w': '0.6169', 'd': '0.277', 'l': '0.1061'}",2021
17475,True,"{'id': '207', 'title': 'Elche', 'short_title': 'ELC'}","{'id': '157', 'title': 'Osasuna', 'short_title': 'OSA'}","{'h': '1', 'a': '1'}","{'h': '0.80936', 'a': '1.11898'}",2022-05-01 12:00:00,"{'w': '0.2131', 'd': '0.3439', 'l': '0.443'}",2021
17470,True,"{'id': '155', 'title': 'Granada', 'short_title': 'GRA'}","{'id': '152', 'title': 'Celta Vigo', 'short_title': 'CEL'}","{'h': '1', 'a': '1'}","{'h': '0.999398', 'a': '1.30137'}",2022-05-01 14:15:00,"{'w': '0.2625', 'd': '0.3062', 'l': '0.4313'}",2021
17474,True,"{'id': '145', 'title': 'Rayo Vallecano', 'short_title': 'RVL'}","{'id': '140', 'title': 'Real Sociedad', 'short_title': 'SOC'}","{'h': '1', 'a': '1'}","{'h': '1.19946', 'a': '0.87498'}",2022-05-01 16:30:00,"{'w': '0.436', 'd': '0.3594', 'l': '0.2046'}",2021
17468,True,"{'id': '148', 'title': 'Barcelona', 'short_title': 'BAR'}","{'id': '239', 'title': 'Mallorca', 'short_title': 'MAL'}","{'h': '2', 'a': '1'}","{'h': '1.64114', 'a': '1.23981'}",2022-05-01 19:00:00,"{'w': '0.4523', 'd': '0.2877', 'l': '0.26'}",2021
17469,True,"{'id': '142', 'title': 'Getafe', 'short_title': 'GET'}","{'id': '153', 'title': 'Real Betis', 'short_title': 'BET'}","{'h': '0', 'a': '0'}","{'h': '0.851757', 'a': '0.470229'}",2022-05-02 19:00:00,"{'w': '0.4264', 'd': '0.3891', 'l': '0.1845'}",2021
17484,True,"{'id': '151', 'title': 'Levante', 'short_title': 'LEV'}","{'id': '140', 'title': 'Real Sociedad', 'short_title': 'SOC'}","{'h': '2', 'a': '1'}","{'h': '2.22217', 'a': '2.30649'}",2022-05-06 19:00:00,"{'w': '0.3726', 'd': '0.2256', 'l': '0.4018'}",2021
17480,True,"{'id': '239', 'title': 'Mallorca', 'short_title': 'MAL'}","{'id': '155', 'title': 'Granada', 'short_title': 'GRA'}","{'h': '2', 'a': '6'}","{'h': '1.77941', 'a': '2.64631'}",2022-05-07 12:00:00,"{'w': '0.1807', 'd': '0.2156', 'l': '0.6037'}",2021
17476,True,"{'id': '147', 'title': 'Athletic Club', 'short_title': 'ATH'}","{'id': '146', 'title': 'Valencia', 'short_title': 'VAL'}","{'h': '0', 'a': '0'}","{'h': '1.54495', 'a': '0.127375'}",2022-05-07 14:15:00,"{'w': '0.7889', 'd': '0.187', 'l': '0.0241'}",2021
17479,True,"{'id': '152', 'title': 'Celta Vigo', 'short_title': 'CEL'}","{'id': '158', 'title': 'Alaves', 'short_title': 'ALA'}","{'h': '4', 'a': '0'}","{'h': '2.99933', 'a': '0.136283'}",2022-05-07 16:30:00,"{'w': '0.9671', 'd': '0.0299', 'l': '0.003'}",2021
17482,True,"{'id': '261', 'title': 'Cadiz', 'short_title': 'CAD'}","{'id': '207', 'title': 'Elche', 'short_title': 'ELC'}","{'h': '3', 'a': '0'}","{'h': '2.02383', 'a': '0.0634173'}",2022-05-07 16:30:00,"{'w': '0.9034', 'd': '0.0917', 'l': '0.0049'}",2021
17478,True,"{'id': '153', 'title': 'Real Betis', 'short_title': 'BET'}","{'id': '148', 'title': 'Barcelona', 'short_title': 'BAR'}","{'h': '1', 'a': '2'}","{'h': '0.627814', 'a': '1.19659'}",2022-05-07 19:00:00,"{'w': '0.1793', 'd': '0.294', 'l': '0.5267'}",2021
17481,True,"{'id': '142', 'title': 'Getafe', 'short_title': 'GET'}","{'id': '145', 'title': 'Rayo Vallecano', 'short_title': 'RVL'}","{'h': '0', 'a': '0'}","{'h': '0.629264', 'a': '0.816549'}",2022-05-08 12:00:00,"{'w': '0.2577', 'd': '0.3695', 'l': '0.3728'}",2021
17485,True,"{'id': '154', 'title': 'Villarreal', 'short_title': 'VIL'}","{'id': '138', 'title': 'Sevilla', 'short_title': 'SEV'}","{'h': '1', 'a': '1'}","{'h': '2.70051', 'a': '0.986887'}",2022-05-08 14:15:00,"{'w': '0.795', 'd': '0.1462', 'l': '0.0588'}",2021
17483,True,"{'id': '141', 'title': 'Espanyol', 'short_title': 'ESP'}","{'id': '157', 'title': 'Osasuna', 'short_title': 'OSA'}","{'h': '1', 'a': '1'}","{'h': '0.56923', 'a': '1.11008'}",2022-05-08 16:30:00,"{'w': '0.166', 'd': '0.3172', 'l': '0.5168'}",2021
17477,True,"{'id': '143', 'title': 'Atletico Madrid', 'short_title': 'ATL'}","{'id': '150', 'title': 'Real Madrid', 'short_title': 'RMA'}","{'h': '1', 'a': '0'}","{'h': '2.45366', 'a': '1.13607'}",2022-05-08 19:00:00,"{'w': '0.6934', 'd': '0.1855', 'l': '0.1211'}",2021
17493,True,"{'id': '146', 'title': 'Valencia', 'short_title': 'VAL'}","{'id': '153', 'title': 'Real Betis', 'short_title': 'BET'}","{'h': '0', 'a': '3'}","{'h': '1.11931', 'a': '1.83636'}",2022-05-10 17:00:00,"{'w': '0.1578', 'd': '0.2532', 'l': '0.589'}",2021
17488,True,"{'id': '155', 'title': 'Granada', 'short_title': 'GRA'}","{'id': '147', 'title': 'Athletic Club', 'short_title': 'ATH'}","{'h': '1', 'a': '0'}","{'h': '1.01967', 'a': '0.35575'}",2022-05-10 18:00:00,"{'w': '0.5625', 'd': '0.3244', 'l': '0.1131'}",2021
17487,True,"{'id': '148', 'title': 'Barcelona', 'short_title': 'BAR'}","{'id': '152', 'title': 'Celta Vigo', 'short_title': 'CEL'}","{'h': '3', 'a': '1'}","{'h': '1.23358', 'a': '0.851127'}",2022-05-10 19:30:00,"{'w': '0.4512', 'd': '0.31', 'l': '0.2388'}",2021
17486,True,"{'id': '158', 'title': 'Alaves', 'short_title': 'ALA'}","{'id': '141', 'title': 'Espanyol', 'short_title': 'ESP'}","{'h': '2', 'a': '1'}","{'h': '2.4573', 'a': '0.902191'}",2022-05-11 17:00:00,"{'w': '0.7721', 'd': '0.1658', 'l': '0.0621'}",2021
17489,True,"{'id': '157', 'title': 'Osasuna', 'short_title': 'OSA'}","{'id': '142', 'title': 'Getafe', 'short_title': 'GET'}","{'h': '1', 'a': '1'}","{'h': '0.608205', 'a': '0.582724'}",2022-05-11 17:00:00,"{'w': '0.2822', 'd': '0.4295', 'l': '0.2883'}",2021
17492,True,"{'id': '138', 'title': 'Sevilla', 'short_title': 'SEV'}","{'id': '239', 'title': 'Mallorca', 'short_title': 'MAL'}","{'h': '0', 'a': '0'}","{'h': '1.65199', 'a': '0.553368'}",2022-05-11 18:30:00,"{'w': '0.656', 'd': '0.2342', 'l': '0.1098'}",2021
17495,True,"{'id': '207', 'title': 'Elche', 'short_title': 'ELC'}","{'id': '143', 'title': 'Atletico Madrid', 'short_title': 'ATL'}","{'h': '0', 'a': '2'}","{'h': '0.169168', 'a': '2.61258'}",2022-05-11 19:30:00,"{'w': '0.0049', 'd': '0.0395', 'l': '0.9556'}",2021
17491,True,"{'id': '140', 'title': 'Real Sociedad', 'short_title': 'SOC'}","{'id': '261', 'title': 'Cadiz', 'short_title': 'CAD'}","{'h': '3', 'a': '0'}","{'h': '2.65814', 'a': '0.675387'}",2022-05-12 17:00:00,"{'w': '0.8635', 'd': '0.1005', 'l': '0.036'}",2021
17494,True,"{'id': '145', 'title': 'Rayo Vallecano', 'short_title': 'RVL'}","{'id': '154', 'title': 'Villarreal', 'short_title': 'VIL'}","{'h': '1', 'a': '5'}","{'h': '1.8933', 'a': '2.9178'}",2022-05-12 18:00:00,"{'w': '0.1662', 'd': '0.1968', 'l': '0.637'}",2021
17490,True,"{'id': '150', 'title': 'Real Madrid', 'short_title': 'RMA'}","{'id': '151', 'title': 'Levante', 'short_title': 'LEV'}","{'h': '6', 'a': '0'}","{'h': '4.89552', 'a': '0.695945'}",2022-05-12 19:30:00,"{'w': '0.9876', 'd': '0.0095', 'l': '0.0029'}",2021
17496,True,"{'id': '147', 'title': 'Athletic Club', 'short_title': 'ATH'}","{'id': '157', 'title': 'Osasuna', 'short_title': 'OSA'}","{'h': '2', 'a': '0'}","{'h': '1.47829', 'a': '0.764272'}",2022-05-15 17:30:00,"{'w': '0.5532', 'd': '0.2844', 'l': '0.1624'}",2021
17497,True,"{'id': '143', 'title': 'Atletico Madrid', 'short_title': 'ATL'}","{'id': '138', 'title': 'Sevilla', 'short_title': 'SEV'}","{'h': '1', 'a': '1'}","{'h': '0.892826', 'a': '0.794179'}",2022-05-15 17:30:00,"{'w': '0.3524', 'd': '0.348', 'l': '0.2996'}",2021
17498,True,"{'id': '153', 'title': 'Real Betis', 'short_title': 'BET'}","{'id': '155', 'title': 'Granada', 'short_title': 'GRA'}","{'h': '2', 'a': '0'}","{'h': '1.70154', 'a': '1.15584'}",2022-05-15 17:30:00,"{'w': '0.5033', 'd': '0.2749', 'l': '0.2218'}",2021
17499,True,"{'id': '152', 'title': 'Celta Vigo', 'short_title': 'CEL'}","{'id': '207', 'title': 'Elche', 'short_title': 'ELC'}","{'h': '1', 'a': '0'}","{'h': '1.5573', 'a': '0.445721'}",2022-05-15 17:30:00,"{'w': '0.6895', 'd': '0.2237', 'l': '0.0868'}",2021
17500,True,"{'id': '239', 'title': 'Mallorca', 'short_title': 'MAL'}","{'id': '145', 'title': 'Rayo Vallecano', 'short_title': 'RVL'}","{'h': '2', 'a': '1'}","{'h': '0.945419', 'a': '2.04546'}",2022-05-15 17:30:00,"{'w': '0.1337', 'd': '0.2066', 'l': '0.6597'}",2021
17501,True,"{'id': '142', 'title': 'Getafe', 'short_title': 'GET'}","{'id': '148', 'title': 'Barcelona', 'short_title': 'BAR'}","{'h': '0', 'a': '0'}","{'h': '0.237476', 'a': '0.19547'}",2022-05-15 17:30:00,"{'w': '0.173', 'd': '0.6785', 'l': '0.1485'}",2021
17502,True,"{'id': '261', 'title': 'Cadiz', 'short_title': 'CAD'}","{'id': '150', 'title': 'Real Madrid', 'short_title': 'RMA'}","{'h': '1', 'a': '1'}","{'h': '2.66633', 'a': '1.92483'}",2022-05-15 17:30:00,"{'w': '0.5562', 'd': '0.219', 'l': '0.2248'}",2021
17503,True,"{'id': '141', 'title': 'Espanyol', 'short_title': 'ESP'}","{'id': '146', 'title': 'Valencia', 'short_title': 'VAL'}","{'h': '1', 'a': '1'}","{'h': '0.59873', 'a': '2.2262'}",2022-05-15 17:30:00,"{'w': '0.0433', 'd': '0.1506', 'l': '0.8061'}",2021
17504,True,"{'id': '151', 'title': 'Levante', 'short_title': 'LEV'}","{'id': '158', 'title': 'Alaves', 'short_title': 'ALA'}","{'h': '3', 'a': '1'}","{'h': '2.14717', 'a': '0.571687'}",2022-05-15 17:30:00,"{'w': '0.8027', 'd': '0.1512', 'l': '0.0461'}",2021
17505,True,"{'id': '154', 'title': 'Villarreal', 'short_title': 'VIL'}","{'id': '140', 'title': 'Real Sociedad', 'short_title': 'SOC'}","{'h': '1', 'a': '2'}","{'h': '1.01013', 'a': '2.72677'}",2022-05-15 17:30:00,"{'w': '0.0509', 'd': '0.1364', 'l': '0.8127'}",2021
17510,True,"{'id': '150', 'title': 'Real Madrid', 'short_title': 'RMA'}","{'id': '153', 'title': 'Real Betis', 'short_title': 'BET'}","{'h': '0', 'a': '0'}","{'h': '1.8155', 'a': '1.43562'}",2022-05-20 19:00:00,"{'w': '0.4525', 'd': '0.2747', 'l': '0.2728'}",2021
17514,True,"{'id': '145', 'title': 'Rayo Vallecano', 'short_title': 'RVL'}","{'id': '151', 'title': 'Levante', 'short_title': 'LEV'}","{'h': '2', 'a': '4'}","{'h': '2.7327', 'a': '3.28491'}",2022-05-20 19:00:00,"{'w': '0.2747', 'd': '0.208', 'l': '0.5173'}",2021
17513,True,"{'id': '146', 'title': 'Valencia', 'short_title': 'VAL'}","{'id': '152', 'title': 'Celta Vigo', 'short_title': 'CEL'}","{'h': '2', 'a': '0'}","{'h': '1.47889', 'a': '1.40936'}",2022-05-21 15:30:00,"{'w': '0.3692', 'd': '0.316', 'l': '0.3148'}",2021
17515,True,"{'id': '207', 'title': 'Elche', 'short_title': 'ELC'}","{'id': '142', 'title': 'Getafe', 'short_title': 'GET'}","{'h': '3', 'a': '1'}","{'h': '3.02536', 'a': '1.06857'}",2022-05-22 15:30:00,"{'w': '0.8271', 'd': '0.1237', 'l': '0.0492'}",2021
17506,True,"{'id': '158', 'title': 'Alaves', 'short_title': 'ALA'}","{'id': '261', 'title': 'Cadiz', 'short_title': 'CAD'}","{'h': '0', 'a': '1'}","{'h': '0.391505', 'a': '1.84089'}",2022-05-22 18:00:00,"{'w': '0.0531', 'd': '0.1694', 'l': '0.7775'}",2021
17508,True,"{'id': '155', 'title': 'Granada', 'short_title': 'GRA'}","{'id': '141', 'title': 'Espanyol', 'short_title': 'ESP'}","{'h': '0', 'a': '0'}","{'h': '2.0332', 'a': '0.386799'}",2022-05-22 18:00:00,"{'w': '0.8404', 'd': '0.1238', 'l': '0.0358'}",2021
17509,True,"{'id': '157', 'title': 'Osasuna', 'short_title': 'OSA'}","{'id': '239', 'title': 'Mallorca', 'short_title': 'MAL'}","{'h': '0', 'a': '2'}","{'h': '0.897014', 'a': '1.2351'}",2022-05-22 18:00:00,"{'w': '0.2343', 'd': '0.3079', 'l': '0.4578'}",2021
17507,True,"{'id': '148', 'title': 'Barcelona', 'short_title': 'BAR'}","{'id': '154', 'title': 'Villarreal', 'short_title': 'VIL'}","{'h': '0', 'a': '2'}","{'h': '0.628178', 'a': '0.68657'}",2022-05-22 20:00:00,"{'w': '0.2647', 'd': '0.3984', 'l': '0.3369'}",2021
17511,True,"{'id': '140', 'title': 'Real Sociedad', 'short_title': 'SOC'}","{'id': '143', 'title': 'Atletico Madrid', 'short_title': 'ATL'}","{'h': '1', 'a': '2'}","{'h': '2.21737', 'a': '0.586617'}",2022-05-22 20:00:00,"{'w': '0.8272', 'd': '0.1388', 'l': '0.034'}",2021
17512,True,"{'id': '138', 'title': 'Sevilla', 'short_title': 'SEV'}","{'id': '147', 'title': 'Athletic Club', 'short_title': 'ATH'}","{'h': '1', 'a': '0'}","{'h': '1.41239', 'a': '0.487249'}",2022-05-22 20:00:00,"{'w': '0.6262', 'd': '0.2596', 'l': '0.1142'}",2021
18962,True,"{'id': '157', 'title': 'Osasuna', 'short_title': 'OSA'}","{'id': '138', 'title': 'Sevilla', 'short_title': 'SEV'}","{'h': '2', 'a': '1'}","{'h': '1.35571', 'a': '0.965574'}",2022-08-12 19:00:00,"{'w': '0.465', 'd': '0.3237', 'l': '0.2113'}",2022
18963,True,"{'id': '152', 'title': 'Celta Vigo', 'short_title': 'CEL'}","{'id': '141', 'title': 'Espanyol', 'short_title': 'ESP'}","{'h': '2', 'a': '2'}","{'h': '0.347363', 'a': '1.0334'}",2022-08-13 15:00:00,"{'w': '0.0835', 'd': '0.3037', 'l': '0.6128'}",2022
18964,True,"{'id': '231', 'title': 'Real Valladolid', 'short_title': 'VAL'}","{'id': '154', 'title': 'Villarreal', 'short_title': 'VIL'}","{'h': '0', 'a': '3'}","{'h': '0.859075', 'a': '1.39509'}",2022-08-13 17:00:00,"{'w': '0.2', 'd': '0.2992', 'l': '0.5008'}",2022
18965,True,"{'id': '148', 'title': 'Barcelona', 'short_title': 'BAR'}","{'id': '145', 'title': 'Rayo Vallecano', 'short_title': 'RVL'}","{'h': '0', 'a': '0'}","{'h': '1.37129', 'a': '0.77153'}",2022-08-13 19:00:00,"{'w': '0.5058', 'd': '0.2936', 'l': '0.2006'}",2022
18966,True,"{'id': '261', 'title': 'Cadiz', 'short_title': 'CAD'}","{'id': '140', 'title': 'Real Sociedad', 'short_title': 'SOC'}","{'h': '0', 'a': '1'}","{'h': '0.294358', 'a': '2.64367'}",2022-08-14 15:30:00,"{'w': '0.0136', 'd': '0.0672', 'l': '0.9192'}",2022
18967,True,"{'id': '146', 'title': 'Valencia', 'short_title': 'VAL'}","{'id': '223', 'title': 'Girona', 'short_title': 'GIR'}","{'h': '1', 'a': '0'}","{'h': '1.87878', 'a': '0.132198'}",2022-08-14 17:30:00,"{'w': '0.8897', 'd': '0.1014', 'l': '0.0089'}",2022
18968,True,"{'id': '208', 'title': 'Almeria', 'short_title': 'ALM'}","{'id': '150', 'title': 'Real Madrid', 'short_title': 'RMA'}","{'h': '1', 'a': '2'}","{'h': '0.80073', 'a': '3.11412'}",2022-08-14 20:00:00,"{'w': '0.0424', 'd': '0.1', 'l': '0.8576'}",2022
18969,True,"{'id': '147', 'title': 'Athletic Club', 'short_title': 'ATH'}","{'id': '239', 'title': 'Mallorca', 'short_title': 'MAL'}","{'h': '0', 'a': '0'}","{'h': '1.60559', 'a': '0.476414'}",2022-08-15 15:30:00,"{'w': '0.6945', 'd': '0.2182', 'l': '0.0873'}",2022
18970,True,"{'id': '142', 'title': 'Getafe', 'short_title': 'GET'}","{'id': '143', 'title': 'Atletico Madrid', 'short_title': 'ATL'}","{'h': '0', 'a': '3'}","{'h': '1.14045', 'a': '1.48417'}",2022-08-15 17:30:00,"{'w': '0.264', 'd': '0.2768', 'l': '0.4592'}",2022
18971,True,"{'id': '153', 'title': 'Real Betis', 'short_title': 'BET'}","{'id': '207', 'title': 'Elche', 'short_title': 'ELC'}","{'h': '3', 'a': '0'}","{'h': '3.99664', 'a': '0.29379'}",2022-08-15 19:30:00,"{'w': '0.9945', 'd': '0.0052', 'l': '0.0003'}",2022
18972,True,"{'id': '141', 'title': 'Espanyol', 'short_title': 'ESP'}","{'id': '145', 'title': 'Rayo Vallecano', 'short_title': 'RVL'}","{'h': '0', 'a': '2'}","{'h': '0.904012', 'a': '1.69789'}",2022-08-19 18:00:00,"{'w': '0.1545', 'd': '0.2425', 'l': '0.603'}",2022
18973,True,"{'id': '138', 'title': 'Sevilla', 'short_title': 'SEV'}","{'id': '231', 'title': 'Real Valladolid', 'short_title': 'VAL'}","{'h': '1', 'a': '1'}","{'h': '1.95115', 'a': '0.557629'}",2022-08-19 20:00:00,"{'w': '0.7546', 'd': '0.1774', 'l': '0.068'}",2022
18974,True,"{'id': '157', 'title': 'Osasuna', 'short_title': 'OSA'}","{'id': '261', 'title': 'Cadiz', 'short_title': 'CAD'}","{'h': '2', 'a': '0'}","{'h': '2.92362', 'a': '1.01741'}",2022-08-20 15:30:00,"{'w': '0.8476', 'd': '0.1131', 'l': '0.0393'}",2022
18975,True,"{'id': '239', 'title': 'Mallorca', 'short_title': 'MAL'}","{'id': '153', 'title': 'Real Betis', 'short_title': 'BET'}","{'h': '1', 'a': '2'}","{'h': '1.46761', 'a': '2.21648'}",2022-08-20 17:30:00,"{'w': '0.1783', 'd': '0.241', 'l': '0.5807'}",2022
18976,True,"{'id': '152', 'title': 'Celta Vigo', 'short_title': 'CEL'}","{'id': '150', 'title': 'Real Madrid', 'short_title': 'RMA'}","{'h': '1', 'a': '4'}","{'h': '1.31973', 'a': '3.59631'}",2022-08-20 20:00:00,"{'w': '0.0295', 'd': '0.0824', 'l': '0.8881'}",2022
18977,True,"{'id': '147', 'title': 'Athletic Club', 'short_title': 'ATH'}","{'id': '146', 'title': 'Valencia', 'short_title': 'VAL'}","{'h': '1', 'a': '0'}","{'h': '0.761587', 'a': '0.676158'}",2022-08-21 15:30:00,"{'w': '0.3392', 'd': '0.3746', 'l': '0.2862'}",2022
18978,True,"{'id': '143', 'title': 'Atletico Madrid', 'short_title': 'ATL'}","{'id': '154', 'title': 'Villarreal', 'short_title': 'VIL'}","{'h': '0', 'a': '2'}","{'h': '1.5852', 'a': '1.9825'}",2022-08-21 17:30:00,"{'w': '0.2841', 'd': '0.2472', 'l': '0.4687'}",2022
18979,True,"{'id': '140', 'title': 'Real Sociedad', 'short_title': 'SOC'}","{'id': '148', 'title': 'Barcelona', 'short_title': 'BAR'}","{'h': '1', 'a': '4'}","{'h': '0.79913', 'a': '2.04035'}",2022-08-21 20:00:00,"{'w': '0.1051', 'd': '0.1945', 'l': '0.7004'}",2022
18980,True,"{'id': '207', 'title': 'Elche', 'short_title': 'ELC'}","{'id': '208', 'title': 'Almeria', 'short_title': 'ALM'}","{'h': '1', 'a': '1'}","{'h': '0.899007', 'a': '0.969747'}",2022-08-22 18:00:00,"{'w': '0.3072', 'd': '0.3363', 'l': '0.3565'}",2022
18981,True,"{'id': '223', 'title': 'Girona', 'short_title': 'GIR'}","{'id': '142', 'title': 'Getafe', 'short_title': 'GET'}","{'h': '3', 'a': '1'}","{'h': '1.52171', 'a': '0.692785'}",2022-08-22 20:00:00,"{'w': '0.6017', 'd': '0.2677', 'l': '0.1306'}",2022
18982,True,"{'id': '223', 'title': 'Girona', 'short_title': 'GIR'}","{'id': '152', 'title': 'Celta Vigo', 'short_title': 'CEL'}","{'h': '0', 'a': '1'}","{'h': '0.566228', 'a': '0.625546'}",2022-08-26 18:00:00,"{'w': '0.2679', 'd': '0.4247', 'l': '0.3074'}",2022
18983,True,"{'id': '153', 'title': 'Real Betis', 'short_title': 'BET'}","{'id': '157', 'title': 'Osasuna', 'short_title': 'OSA'}","{'h': '1', 'a': '0'}","{'h': '0.507146', 'a': '0.910349'}",2022-08-26 20:00:00,"{'w': '0.1809', 'd': '0.3633', 'l': '0.4558'}",2022
18984,True,"{'id': '207', 'title': 'Elche', 'short_title': 'ELC'}","{'id': '140', 'title': 'Real Sociedad', 'short_title': 'SOC'}","{'h': '0', 'a': '1'}","{'h': '1.23504', 'a': '1.81171'}",2022-08-27 15:30:00,"{'w': '0.2069', 'd': '0.2745', 'l': '0.5186'}",2022
18985,True,"{'id': '145', 'title': 'Rayo Vallecano', 'short_title': 'RVL'}","{'id': '239', 'title': 'Mallorca', 'short_title': 'MAL'}","{'h': '0', 'a': '2'}","{'h': '0.864794', 'a': '0.855715'}",2022-08-27 17:30:00,"{'w': '0.3183', 'd': '0.3411', 'l': '0.3406'}",2022
18986,True,"{'id': '208', 'title': 'Almeria', 'short_title': 'ALM'}","{'id': '138', 'title': 'Sevilla', 'short_title': 'SEV'}","{'h': '2', 'a': '1'}","{'h': '2.15407', 'a': '1.37889'}",2022-08-27 20:00:00,"{'w': '0.5702', 'd': '0.2373', 'l': '0.1925'}",2022
18987,True,"{'id': '142', 'title': 'Getafe', 'short_title': 'GET'}","{'id': '154', 'title': 'Villarreal', 'short_title': 'VIL'}","{'h': '0', 'a': '0'}","{'h': '0.273957', 'a': '1.13195'}",2022-08-28 15:30:00,"{'w': '0.0762', 'd': '0.3033', 'l': '0.6205'}",2022
18988,True,"{'id': '148', 'title': 'Barcelona', 'short_title': 'BAR'}","{'id': '231', 'title': 'Real Valladolid', 'short_title': 'VAL'}","{'h': '4', 'a': '0'}","{'h': '3.28674', 'a': '0.720063'}",2022-08-28 17:30:00,"{'w': '0.9017', 'd': '0.0757', 'l': '0.0226'}",2022
18989,True,"{'id': '141', 'title': 'Espanyol', 'short_title': 'ESP'}","{'id': '150', 'title': 'Real Madrid', 'short_title': 'RMA'}","{'h': '1', 'a': '3'}","{'h': '1.63359', 'a': '2.04602'}",2022-08-28 20:00:00,"{'w': '0.2886', 'd': '0.2452', 'l': '0.4662'}",2022
18990,True,"{'id': '261', 'title': 'Cadiz', 'short_title': 'CAD'}","{'id': '147', 'title': 'Athletic Club', 'short_title': 'ATH'}","{'h': '0', 'a': '4'}","{'h': '0.239303', 'a': '3.18677'}",2022-08-29 18:00:00,"{'w': '0.0041', 'd': '0.0253', 'l': '0.9706'}",2022
18991,True,"{'id': '146', 'title': 'Valencia', 'short_title': 'VAL'}","{'id': '143', 'title': 'Atletico Madrid', 'short_title': 'ATL'}","{'h': '0', 'a': '1'}","{'h': '0.65396', 'a': '1.97507'}",2022-08-29 20:00:00,"{'w': '0.0948', 'd': '0.1827', 'l': '0.7225'}",2022
18999,True,"{'id': '152', 'title': 'Celta Vigo', 'short_title': 'CEL'}","{'id': '261', 'title': 'Cadiz', 'short_title': 'CAD'}","{'h': '3', 'a': '0'}","{'h': '1.50986', 'a': '0.234828'}",2022-09-02 19:00:00,"{'w': '0.7844', 'd': '0.1789', 'l': '0.0367'}",2022
19001,True,"{'id': '239', 'title': 'Mallorca', 'short_title': 'MAL'}","{'id': '223', 'title': 'Girona', 'short_title': 'GIR'}","{'h': '1', 'a': '1'}","{'h': '0.895835', 'a': '1.09499'}",2022-09-03 12:00:00,"{'w': '0.2489', 'd': '0.3501', 'l': '0.401'}",2022
18996,True,"{'id': '150', 'title': 'Real Madrid', 'short_title': 'RMA'}","{'id': '153', 'title': 'Real Betis', 'short_title': 'BET'}","{'h': '2', 'a': '1'}","{'h': '3.20593', 'a': '0.333406'}",2022-09-03 14:15:00,"{'w': '0.9562', 'd': '0.0366', 'l': '0.0072'}",2022
18994,True,"{'id': '140', 'title': 'Real Sociedad', 'short_title': 'SOC'}","{'id': '143', 'title': 'Atletico Madrid', 'short_title': 'ATL'}","{'h': '1', 'a': '1'}","{'h': '1.75154', 'a': '2.24791'}",2022-09-03 16:30:00,"{'w': '0.2634', 'd': '0.2421', 'l': '0.4945'}",2022
18995,True,"{'id': '138', 'title': 'Sevilla', 'short_title': 'SEV'}","{'id': '148', 'title': 'Barcelona', 'short_title': 'BAR'}","{'h': '0', 'a': '3'}","{'h': '0.829157', 'a': '4.67838'}",2022-09-03 19:00:00,"{'w': '0.0027', 'd': '0.0147', 'l': '0.9826'}",2022
18993,True,"{'id': '157', 'title': 'Osasuna', 'short_title': 'OSA'}","{'id': '145', 'title': 'Rayo Vallecano', 'short_title': 'RVL'}","{'h': '2', 'a': '1'}","{'h': '3.1751', 'a': '0.179917'}",2022-09-04 12:00:00,"{'w': '0.9729', 'd': '0.0246', 'l': '0.0025'}",2022
18992,True,"{'id': '147', 'title': 'Athletic Club', 'short_title': 'ATH'}","{'id': '141', 'title': 'Espanyol', 'short_title': 'ESP'}","{'h': '0', 'a': '1'}","{'h': '1.24661', 'a': '1.11365'}",2022-09-04 14:15:00,"{'w': '0.3869', 'd': '0.3075', 'l': '0.3056'}",2022
18997,True,"{'id': '154', 'title': 'Villarreal', 'short_title': 'VIL'}","{'id': '207', 'title': 'Elche', 'short_title': 'ELC'}","{'h': '4', 'a': '0'}","{'h': '3.5829', 'a': '0.21919'}",2022-09-04 16:30:00,"{'w': '0.985', 'd': '0.013', 'l': '0.002'}",2022
18998,True,"{'id': '146', 'title': 'Valencia', 'short_title': 'VAL'}","{'id': '142', 'title': 'Getafe', 'short_title': 'GET'}","{'h': '5', 'a': '1'}","{'h': '2.92757', 'a': '0.572495'}",2022-09-04 19:00:00,"{'w': '0.8934', 'd': '0.0825', 'l': '0.0241'}",2022
19000,True,"{'id': '231', 'title': 'Real Valladolid', 'short_title': 'VAL'}","{'id': '208', 'title': 'Almeria', 'short_title': 'ALM'}","{'h': '1', 'a': '0'}","{'h': '2.12493', 'a': '0.505353'}",2022-09-05 19:00:00,"{'w': '0.7919', 'd': '0.1513', 'l': '0.0568'}",2022
19008,True,"{'id': '223', 'title': 'Girona', 'short_title': 'GIR'}","{'id': '231', 'title': 'Real Valladolid', 'short_title': 'VAL'}","{'h': '2', 'a': '1'}","{'h': '2.59252', 'a': '0.510622'}",2022-09-09 19:00:00,"{'w': '0.8784', 'd': '0.0905', 'l': '0.0311'}",2022
19006,True,"{'id': '145', 'title': 'Rayo Vallecano', 'short_title': 'RVL'}","{'id': '146', 'title': 'Valencia', 'short_title': 'VAL'}","{'h': '2', 'a': '1'}","{'h': '2.01158', 'a': '2.18195'}",2022-09-10 12:00:00,"{'w': '0.3354', 'd': '0.2573', 'l': '0.4073'}",2022
19005,True,"{'id': '141', 'title': 'Espanyol', 'short_title': 'ESP'}","{'id': '138', 'title': 'Sevilla', 'short_title': 'SEV'}","{'h': '2', 'a': '3'}","{'h': '2.37055', 'a': '2.32043'}",2022-09-10 14:15:00,"{'w': '0.387', 'd': '0.2721', 'l': '0.3409'}",2022
19010,True,"{'id': '261', 'title': 'Cadiz', 'short_title': 'CAD'}","{'id': '148', 'title': 'Barcelona', 'short_title': 'BAR'}","{'h': '0', 'a': '4'}","{'h': '0.24818', 'a': '2.66856'}",2022-09-10 16:30:00,"{'w': '0.0084', 'd': '0.0534', 'l': '0.9382'}",2022
19002,True,"{'id': '143', 'title': 'Atletico Madrid', 'short_title': 'ATL'}","{'id': '152', 'title': 'Celta Vigo', 'short_title': 'CEL'}","{'h': '4', 'a': '1'}","{'h': '0.92341', 'a': '1.30565'}",2022-09-10 19:00:00,"{'w': '0.2413', 'd': '0.2874', 'l': '0.4713'}",2022
19011,True,"{'id': '150', 'title': 'Real Madrid', 'short_title': 'RMA'}","{'id': '239', 'title': 'Mallorca', 'short_title': 'MAL'}","{'h': '4', 'a': '1'}","{'h': '2.21791', 'a': '0.950984'}",2022-09-11 12:00:00,"{'w': '0.6865', 'd': '0.2003', 'l': '0.1132'}",2022
19009,True,"{'id': '207', 'title': 'Elche', 'short_title': 'ELC'}","{'id': '147', 'title': 'Athletic Club', 'short_title': 'ATH'}","{'h': '1', 'a': '4'}","{'h': '0.748083', 'a': '3.2386'}",2022-09-11 14:15:00,"{'w': '0.0209', 'd': '0.0622', 'l': '0.9169'}",2022
19004,True,"{'id': '142', 'title': 'Getafe', 'short_title': 'GET'}","{'id': '140', 'title': 'Real Sociedad', 'short_title': 'SOC'}","{'h': '2', 'a': '1'}","{'h': '1.06907', 'a': '1.32142'}",2022-09-11 16:30:00,"{'w': '0.2819', 'd': '0.3265', 'l': '0.3916'}",2022
19003,True,"{'id': '153', 'title': 'Real Betis', 'short_title': 'BET'}","{'id': '154', 'title': 'Villarreal', 'short_title': 'VIL'}","{'h': '1', 'a': '0'}","{'h': '1.61505', 'a': '2.44235'}",2022-09-11 19:00:00,"{'w': '0.2036', 'd': '0.2138', 'l': '0.5826'}",2022
19007,True,"{'id': '208', 'title': 'Almeria', 'short_title': 'ALM'}","{'id': '157', 'title': 'Osasuna', 'short_title': 'OSA'}","{'h': '0', 'a': '1'}","{'h': '0.166505', 'a': '2.14'}",2022-09-12 19:00:00,"{'w': '0.0117', 'd': '0.0949', 'l': '0.8934'}",2022
19017,True,"{'id': '231', 'title': 'Real Valladolid', 'short_title': 'VAL'}","{'id': '261', 'title': 'Cadiz', 'short_title': 'CAD'}","{'h': '0', 'a': '1'}","{'h': '1.98829', 'a': '0.523314'}",2022-09-16 19:00:00,"{'w': '0.7437', 'd': '0.1858', 'l': '0.0705'}",2022
19020,True,"{'id': '239', 'title': 'Mallorca', 'short_title': 'MAL'}","{'id': '208', 'title': 'Almeria', 'short_title': 'ALM'}","{'h': '1', 'a': '0'}","{'h': '0.968715', 'a': '0.297582'}",2022-09-17 12:00:00,"{'w': '0.5692', 'd': '0.3399', 'l': '0.0909'}",2022
19013,True,"{'id': '148', 'title': 'Barcelona', 'short_title': 'BAR'}","{'id': '207', 'title': 'Elche', 'short_title': 'ELC'}","{'h': '3', 'a': '0'}","{'h': '5.17903', 'a': '0.0129931'}",2022-09-17 14:15:00,"{'w': '0.9992', 'd': '0.0008', 'l': '0'}",2022
19015,True,"{'id': '146', 'title': 'Valencia', 'short_title': 'VAL'}","{'id': '152', 'title': 'Celta Vigo', 'short_title': 'CEL'}","{'h': '3', 'a': '0'}","{'h': '1.91153', 'a': '0.587167'}",2022-09-17 16:30:00,"{'w': '0.7386', 'd': '0.1857', 'l': '0.0757'}",2022
19012,True,"{'id': '147', 'title': 'Athletic Club', 'short_title': 'ATH'}","{'id': '145', 'title': 'Rayo Vallecano', 'short_title': 'RVL'}","{'h': '3', 'a': '2'}","{'h': '2.17305', 'a': '0.62187'}",2022-09-17 19:00:00,"{'w': '0.7662', 'd': '0.162', 'l': '0.0718'}",2022
19016,True,"{'id': '157', 'title': 'Osasuna', 'short_title': 'OSA'}","{'id': '142', 'title': 'Getafe', 'short_title': 'GET'}","{'h': '0', 'a': '2'}","{'h': '1.1323', 'a': '1.43239'}",2022-09-18 12:00:00,"{'w': '0.243', 'd': '0.3169', 'l': '0.4401'}",2022
19019,True,"{'id': '154', 'title': 'Villarreal', 'short_title': 'VIL'}","{'id': '138', 'title': 'Sevilla', 'short_title': 'SEV'}","{'h': '1', 'a': '1'}","{'h': '2.10358', 'a': '0.436539'}",2022-09-18 14:15:00,"{'w': '0.8359', 'd': '0.1274', 'l': '0.0367'}",2022
19014,True,"{'id': '153', 'title': 'Real Betis', 'short_title': 'BET'}","{'id': '223', 'title': 'Girona', 'short_title': 'GIR'}","{'h': '2', 'a': '1'}","{'h': '1.49153', 'a': '1.34699'}",2022-09-18 16:30:00,"{'w': '0.3903', 'd': '0.3167', 'l': '0.293'}",2022
19018,True,"{'id': '140', 'title': 'Real Sociedad', 'short_title': 'SOC'}","{'id': '141', 'title': 'Espanyol', 'short_title': 'ESP'}","{'h': '2', 'a': '1'}","{'h': '2.35791', 'a': '1.28945'}",2022-09-18 16:30:00,"{'w': '0.6501', 'd': '0.2057', 'l': '0.1442'}",2022
19021,True,"{'id': '143', 'title': 'Atletico Madrid', 'short_title': 'ATL'}","{'id': '150', 'title': 'Real Madrid', 'short_title': 'RMA'}","{'h': '1', 'a': '2'}","{'h': '1.10431', 'a': '1.09277'}",2022-09-18 19:00:00,"{'w': '0.3269', 'd': '0.3437', 'l': '0.3294'}",2022
19031,True,"{'id': '147', 'title': 'Athletic Club', 'short_title': 'ATH'}","{'id': '208', 'title': 'Almeria', 'short_title': 'ALM'}","{'h': '4', 'a': '0'}","{'h': '2.55531', 'a': '0.42606'}",2022-09-30 19:00:00,"{'w': '0.904', 'd': '0.0783', 'l': '0.0177'}",2022
19023,True,"{'id': '261', 'title': 'Cadiz', 'short_title': 'CAD'}","{'id': '154', 'title': 'Villarreal', 'short_title': 'VIL'}","{'h': '0', 'a': '0'}","{'h': '1.06071', 'a': '1.43089'}",2022-10-01 12:00:00,"{'w': '0.2569', 'd': '0.2844', 'l': '0.4587'}",2022
19022,True,"{'id': '142', 'title': 'Getafe', 'short_title': 'GET'}","{'id': '231', 'title': 'Real Valladolid', 'short_title': 'VAL'}","{'h': '2', 'a': '3'}","{'h': '2.50588', 'a': '1.32186'}",2022-10-01 14:15:00,"{'w': '0.6909', 'd': '0.2042', 'l': '0.1049'}",2022
19026,True,"{'id': '138', 'title': 'Sevilla', 'short_title': 'SEV'}","{'id': '143', 'title': 'Atletico Madrid', 'short_title': 'ATL'}","{'h': '0', 'a': '2'}","{'h': '0.362804', 'a': '2.12095'}",2022-10-01 16:30:00,"{'w': '0.0464', 'd': '0.1418', 'l': '0.8118'}",2022
19027,True,"{'id': '239', 'title': 'Mallorca', 'short_title': 'MAL'}","{'id': '148', 'title': 'Barcelona', 'short_title': 'BAR'}","{'h': '0', 'a': '1'}","{'h': '0.925106', 'a': '0.636371'}",2022-10-01 19:00:00,"{'w': '0.4187', 'd': '0.3528', 'l': '0.2285'}",2022
19024,True,"{'id': '141', 'title': 'Espanyol', 'short_title': 'ESP'}","{'id': '146', 'title': 'Valencia', 'short_title': 'VAL'}","{'h': '2', 'a': '2'}","{'h': '0.738099', 'a': '1.35604'}",2022-10-02 12:00:00,"{'w': '0.1881', 'd': '0.2789', 'l': '0.533'}",2022
19028,True,"{'id': '152', 'title': 'Celta Vigo', 'short_title': 'CEL'}","{'id': '153', 'title': 'Real Betis', 'short_title': 'BET'}","{'h': '1', 'a': '0'}","{'h': '0.892987', 'a': '1.10607'}",2022-10-02 14:15:00,"{'w': '0.2723', 'd': '0.3301', 'l': '0.3976'}",2022
19025,True,"{'id': '223', 'title': 'Girona', 'short_title': 'GIR'}","{'id': '140', 'title': 'Real Sociedad', 'short_title': 'SOC'}","{'h': '3', 'a': '5'}","{'h': '0.932579', 'a': '2.23639'}",2022-10-02 16:30:00,"{'w': '0.1092', 'd': '0.1773', 'l': '0.7135'}",2022
19030,True,"{'id': '150', 'title': 'Real Madrid', 'short_title': 'RMA'}","{'id': '157', 'title': 'Osasuna', 'short_title': 'OSA'}","{'h': '1', 'a': '1'}","{'h': '2.56301', 'a': '0.466155'}",2022-10-02 19:00:00,"{'w': '0.8724', 'd': '0.0966', 'l': '0.031'}",2022
19029,True,"{'id': '145', 'title': 'Rayo Vallecano', 'short_title': 'RVL'}","{'id': '207', 'title': 'Elche', 'short_title': 'ELC'}","{'h': '2', 'a': '1'}","{'h': '0.651238', 'a': '0.924633'}",2022-10-03 19:00:00,"{'w': '0.2208', 'd': '0.3467', 'l': '0.4325'}",2022
19037,True,"{'id': '157', 'title': 'Osasuna', 'short_title': 'OSA'}","{'id': '146', 'title': 'Valencia', 'short_title': 'VAL'}","{'h': '1', 'a': '2'}","{'h': '1.96282', 'a': '2.73352'}",2022-10-07 19:00:00,"{'w': '0.2056', 'd': '0.2241', 'l': '0.5703'}",2022
19039,True,"{'id': '208', 'title': 'Almeria', 'short_title': 'ALM'}","{'id': '145', 'title': 'Rayo Vallecano', 'short_title': 'RVL'}","{'h': '3', 'a': '1'}","{'h': '1.05684', 'a': '0.893142'}",2022-10-08 12:00:00,"{'w': '0.397', 'd': '0.3171', 'l': '0.2859'}",2022
19032,True,"{'id': '143', 'title': 'Atletico Madrid', 'short_title': 'ATL'}","{'id': '223', 'title': 'Girona', 'short_title': 'GIR'}","{'h': '2', 'a': '1'}","{'h': '2.19801', 'a': '0.721587'}",2022-10-08 14:15:00,"{'w': '0.7592', 'd': '0.1701', 'l': '0.0707'}",2022
19040,True,"{'id': '138', 'title': 'Sevilla', 'short_title': 'SEV'}","{'id': '147', 'title': 'Athletic Club', 'short_title': 'ATH'}","{'h': '1', 'a': '1'}","{'h': '1.35598', 'a': '1.91863'}",2022-10-08 16:30:00,"{'w': '0.2493', 'd': '0.2502', 'l': '0.5005'}",2022
19035,True,"{'id': '142', 'title': 'Getafe', 'short_title': 'GET'}","{'id': '150', 'title': 'Real Madrid', 'short_title': 'RMA'}","{'h': '0', 'a': '1'}","{'h': '0.262283', 'a': '1.48053'}",2022-10-08 19:00:00,"{'w': '0.057', 'd': '0.225', 'l': '0.718'}",2022
19041,True,"{'id': '231', 'title': 'Real Valladolid', 'short_title': 'VAL'}","{'id': '153', 'title': 'Real Betis', 'short_title': 'BET'}","{'h': '0', 'a': '0'}","{'h': '0.662444', 'a': '0.545154'}",2022-10-09 12:00:00,"{'w': '0.3246', 'd': '0.4212', 'l': '0.2542'}",2022
19036,True,"{'id': '261', 'title': 'Cadiz', 'short_title': 'CAD'}","{'id': '141', 'title': 'Espanyol', 'short_title': 'ESP'}","{'h': '2', 'a': '2'}","{'h': '1.33811', 'a': '1.47057'}",2022-10-09 14:15:00,"{'w': '0.323', 'd': '0.291', 'l': '0.386'}",2022
19038,True,"{'id': '140', 'title': 'Real Sociedad', 'short_title': 'SOC'}","{'id': '154', 'title': 'Villarreal', 'short_title': 'VIL'}","{'h': '1', 'a': '0'}","{'h': '2.37138', 'a': '0.221593'}",2022-10-09 16:30:00,"{'w': '0.9245', 'd': '0.0663', 'l': '0.0092'}",2022
19033,True,"{'id': '148', 'title': 'Barcelona', 'short_title': 'BAR'}","{'id': '152', 'title': 'Celta Vigo', 'short_title': 'CEL'}","{'h': '1', 'a': '0'}","{'h': '1.98459', 'a': '1.35022'}",2022-10-09 19:00:00,"{'w': '0.5459', 'd': '0.2479', 'l': '0.2062'}",2022
19034,True,"{'id': '207', 'title': 'Elche', 'short_title': 'ELC'}","{'id': '239', 'title': 'Mallorca', 'short_title': 'MAL'}","{'h': '1', 'a': '1'}","{'h': '0.334856', 'a': '2.69714'}",2022-10-10 19:00:00,"{'w': '0.0096', 'd': '0.049', 'l': '0.9414'}",2022
19048,True,"{'id': '145', 'title': 'Rayo Vallecano', 'short_title': 'RVL'}","{'id': '142', 'title': 'Getafe', 'short_title': 'GET'}","{'h': '0', 'a': '0'}","{'h': '1.11946', 'a': '0.395734'}",2022-10-14 19:00:00,"{'w': '0.6139', 'd': '0.301', 'l': '0.0851'}",2022
19049,True,"{'id': '223', 'title': 'Girona', 'short_title': 'GIR'}","{'id': '261', 'title': 'Cadiz', 'short_title': 'CAD'}","{'h': '1', 'a': '1'}","{'h': '2.36044', 'a': '1.3467'}",2022-10-15 12:00:00,"{'w': '0.6297', 'd': '0.2176', 'l': '0.1527'}",2022
19047,True,"{'id': '146', 'title': 'Valencia', 'short_title': 'VAL'}","{'id': '207', 'title': 'Elche', 'short_title': 'ELC'}","{'h': '2', 'a': '2'}","{'h': '3.04132', 'a': '1.30317'}",2022-10-15 14:15:00,"{'w': '0.7802', 'd': '0.1469', 'l': '0.0729'}",2022
19044,True,"{'id': '239', 'title': 'Mallorca', 'short_title': 'MAL'}","{'id': '138', 'title': 'Sevilla', 'short_title': 'SEV'}","{'h': '0', 'a': '1'}","{'h': '1.41043', 'a': '0.176713'}",2022-10-15 16:30:00,"{'w': '0.766', 'd': '0.2065', 'l': '0.0275'}",2022
19042,True,"{'id': '147', 'title': 'Athletic Club', 'short_title': 'ATH'}","{'id': '143', 'title': 'Atletico Madrid', 'short_title': 'ATL'}","{'h': '0', 'a': '1'}","{'h': '1.33263', 'a': '0.463248'}",2022-10-15 19:00:00,"{'w': '0.6114', 'd': '0.2867', 'l': '0.1019'}",2022
19043,True,"{'id': '152', 'title': 'Celta Vigo', 'short_title': 'CEL'}","{'id': '140', 'title': 'Real Sociedad', 'short_title': 'SOC'}","{'h': '1', 'a': '2'}","{'h': '0.482536', 'a': '1.17936'}",2022-10-16 12:00:00,"{'w': '0.1237', 'd': '0.3058', 'l': '0.5705'}",2022
19046,True,"{'id': '150', 'title': 'Real Madrid', 'short_title': 'RMA'}","{'id': '148', 'title': 'Barcelona', 'short_title': 'BAR'}","{'h': '3', 'a': '1'}","{'h': '1.46965', 'a': '1.66548'}",2022-10-16 14:15:00,"{'w': '0.3017', 'd': '0.2974', 'l': '0.4009'}",2022
19045,True,"{'id': '141', 'title': 'Espanyol', 'short_title': 'ESP'}","{'id': '231', 'title': 'Real Valladolid', 'short_title': 'VAL'}","{'h': '1', 'a': '0'}","{'h': '1.63127', 'a': '0.552288'}",2022-10-16 16:30:00,"{'w': '0.6836', 'd': '0.2223', 'l': '0.0941'}",2022
19051,True,"{'id': '153', 'title': 'Real Betis', 'short_title': 'BET'}","{'id': '208', 'title': 'Almeria', 'short_title': 'ALM'}","{'h': '3', 'a': '1'}","{'h': '3.19417', 'a': '1.11551'}",2022-10-16 19:00:00,"{'w': '0.829', 'd': '0.1146', 'l': '0.0564'}",2022
19050,True,"{'id': '154', 'title': 'Villarreal', 'short_title': 'VIL'}","{'id': '157', 'title': 'Osasuna', 'short_title': 'OSA'}","{'h': '2', 'a': '0'}","{'h': '2.15273', 'a': '0.33234'}",2022-10-17 19:00:00,"{'w': '0.8801', 'd': '0.0974', 'l': '0.0225'}",2022
19055,True,"{'id': '138', 'title': 'Sevilla', 'short_title': 'SEV'}","{'id': '146', 'title': 'Valencia', 'short_title': 'VAL'}","{'h': '1', 'a': '1'}","{'h': '1.19743', 'a': '1.71123'}",2022-10-18 17:00:00,"{'w': '0.2273', 'd': '0.2662', 'l': '0.5065'}",2022
19057,True,"{'id': '142', 'title': 'Getafe', 'short_title': 'GET'}","{'id': '147', 'title': 'Athletic Club', 'short_title': 'ATH'}","{'h': '2', 'a': '2'}","{'h': '0.753077', 'a': '1.10208'}",2022-10-18 18:00:00,"{'w': '0.2294', 'd': '0.3199', 'l': '0.4507'}",2022
19052,True,"{'id': '143', 'title': 'Atletico Madrid', 'short_title': 'ATL'}","{'id': '145', 'title': 'Rayo Vallecano', 'short_title': 'RVL'}","{'h': '1', 'a': '1'}","{'h': '0.817771', 'a': '1.61962'}",2022-10-18 19:00:00,"{'w': '0.1378', 'd': '0.2568', 'l': '0.6054'}",2022
19058,True,"{'id': '261', 'title': 'Cadiz', 'short_title': 'CAD'}","{'id': '153', 'title': 'Real Betis', 'short_title': 'BET'}","{'h': '0', 'a': '0'}","{'h': '0.74688', 'a': '1.22222'}",2022-10-19 17:00:00,"{'w': '0.2035', 'd': '0.3031', 'l': '0.4934'}",2022
19059,True,"{'id': '231', 'title': 'Real Valladolid', 'short_title': 'VAL'}","{'id': '152', 'title': 'Celta Vigo', 'short_title': 'CEL'}","{'h': '4', 'a': '1'}","{'h': '1.63342', 'a': '2.03107'}",2022-10-19 17:00:00,"{'w': '0.2559', 'd': '0.2807', 'l': '0.4634'}",2022
19060,True,"{'id': '140', 'title': 'Real Sociedad', 'short_title': 'SOC'}","{'id': '239', 'title': 'Mallorca', 'short_title': 'MAL'}","{'h': '1', 'a': '0'}","{'h': '2.16436', 'a': '1.09436'}",2022-10-19 18:00:00,"{'w': '0.6528', 'd': '0.2128', 'l': '0.1344'}",2022
19054,True,"{'id': '207', 'title': 'Elche', 'short_title': 'ELC'}","{'id': '150', 'title': 'Real Madrid', 'short_title': 'RMA'}","{'h': '0', 'a': '3'}","{'h': '1.04972', 'a': '1.6151'}",2022-10-19 19:00:00,"{'w': '0.2107', 'd': '0.27', 'l': '0.5193'}",2022
19056,True,"{'id': '208', 'title': 'Almeria', 'short_title': 'ALM'}","{'id': '223', 'title': 'Girona', 'short_title': 'GIR'}","{'h': '3', 'a': '2'}","{'h': '2.08595', 'a': '2.65444'}",2022-10-20 17:00:00,"{'w': '0.2368', 'd': '0.237', 'l': '0.5262'}",2022
19061,True,"{'id': '157', 'title': 'Osasuna', 'short_title': 'OSA'}","{'id': '141', 'title': 'Espanyol', 'short_title': 'ESP'}","{'h': '1', 'a': '0'}","{'h': '1.02851', 'a': '1.44867'}",2022-10-20 18:00:00,"{'w': '0.2281', 'd': '0.2835', 'l': '0.4884'}",2022
19053,True,"{'id': '148', 'title': 'Barcelona', 'short_title': 'BAR'}","{'id': '154', 'title': 'Villarreal', 'short_title': 'VIL'}","{'h': '3', 'a': '0'}","{'h': '3.61604', 'a': '0.503294'}",2022-10-20 19:00:00,"{'w': '0.983', 'd': '0.016', 'l': '0.001'}",2022
19069,True,"{'id': '145', 'title': 'Rayo Vallecano', 'short_title': 'RVL'}","{'id': '261', 'title': 'Cadiz', 'short_title': 'CAD'}","{'h': '5', 'a': '1'}","{'h': '3.88516', 'a': '0.642193'}",2022-10-22 12:00:00,"{'w': '0.9693', 'd': '0.0265', 'l': '0.0042'}",2022
19070,True,"{'id': '231', 'title': 'Real Valladolid', 'short_title': 'VAL'}","{'id': '140', 'title': 'Real Sociedad', 'short_title': 'SOC'}","{'h': '1', 'a': '0'}","{'h': '0.785666', 'a': '0.82513'}",2022-10-22 14:15:00,"{'w': '0.3064', 'd': '0.3541', 'l': '0.3395'}",2022
19068,True,"{'id': '146', 'title': 'Valencia', 'short_title': 'VAL'}","{'id': '239', 'title': 'Mallorca', 'short_title': 'MAL'}","{'h': '1', 'a': '2'}","{'h': '1.07022', 'a': '1.25148'}",2022-10-22 16:30:00,"{'w': '0.2467', 'd': '0.3875', 'l': '0.3658'}",2022
19063,True,"{'id': '150', 'title': 'Real Madrid', 'short_title': 'RMA'}","{'id': '138', 'title': 'Sevilla', 'short_title': 'SEV'}","{'h': '3', 'a': '1'}","{'h': '2.17678', 'a': '0.518059'}",2022-10-22 19:00:00,"{'w': '0.8163', 'd': '0.1342', 'l': '0.0495'}",2022
19067,True,"{'id': '141', 'title': 'Espanyol', 'short_title': 'ESP'}","{'id': '207', 'title': 'Elche', 'short_title': 'ELC'}","{'h': '2', 'a': '2'}","{'h': '2.18547', 'a': '0.318561'}",2022-10-23 12:00:00,"{'w': '0.8865', 'd': '0.0934', 'l': '0.0201'}",2022
19066,True,"{'id': '153', 'title': 'Real Betis', 'short_title': 'BET'}","{'id': '143', 'title': 'Atletico Madrid', 'short_title': 'ATL'}","{'h': '1', 'a': '2'}","{'h': '1.33076', 'a': '0.585496'}",2022-10-23 14:15:00,"{'w': '0.5651', 'd': '0.284', 'l': '0.1509'}",2022
19064,True,"{'id': '223', 'title': 'Girona', 'short_title': 'GIR'}","{'id': '157', 'title': 'Osasuna', 'short_title': 'OSA'}","{'h': '1', 'a': '1'}","{'h': '0.666875', 'a': '0.693721'}",2022-10-23 16:30:00,"{'w': '0.2908', 'd': '0.4183', 'l': '0.2909'}",2022
19071,True,"{'id': '154', 'title': 'Villarreal', 'short_title': 'VIL'}","{'id': '208', 'title': 'Almeria', 'short_title': 'ALM'}","{'h': '2', 'a': '1'}","{'h': '0.852495', 'a': '1.24152'}",2022-10-23 16:30:00,"{'w': '0.2291', 'd': '0.3083', 'l': '0.4626'}",2022
19065,True,"{'id': '148', 'title': 'Barcelona', 'short_title': 'BAR'}","{'id': '147', 'title': 'Athletic Club', 'short_title': 'ATH'}","{'h': '4', 'a': '0'}","{'h': '2.13539', 'a': '0.240803'}",2022-10-23 19:00:00,"{'w': '0.8802', 'd': '0.1009', 'l': '0.0189'}",2022
19062,True,"{'id': '152', 'title': 'Celta Vigo', 'short_title': 'CEL'}","{'id': '142', 'title': 'Getafe', 'short_title': 'GET'}","{'h': '1', 'a': '1'}","{'h': '0.821869', 'a': '0.226128'}",2022-10-24 19:00:00,"{'w': '0.5169', 'd': '0.3931', 'l': '0.09'}",2022
19079,True,"{'id': '239', 'title': 'Mallorca', 'short_title': 'MAL'}","{'id': '141', 'title': 'Espanyol', 'short_title': 'ESP'}","{'h': '1', 'a': '1'}","{'h': '1.19', 'a': '0.248446'}",2022-10-28 19:00:00,"{'w': '0.7342', 'd': '0.2256', 'l': '0.0402'}",2022
19075,True,"{'id': '208', 'title': 'Almeria', 'short_title': 'ALM'}","{'id': '152', 'title': 'Celta Vigo', 'short_title': 'CEL'}","{'h': '3', 'a': '1'}","{'h': '2.30529', 'a': '0.197875'}",2022-10-29 12:00:00,"{'w': '0.8845', 'd': '0.0995', 'l': '0.016'}",2022
19076,True,"{'id': '261', 'title': 'Cadiz', 'short_title': 'CAD'}","{'id': '143', 'title': 'Atletico Madrid', 'short_title': 'ATL'}","{'h': '3', 'a': '2'}","{'h': '1.58908', 'a': '1.79745'}",2022-10-29 14:15:00,"{'w': '0.3108', 'd': '0.2602', 'l': '0.429'}",2022
19080,True,"{'id': '138', 'title': 'Sevilla', 'short_title': 'SEV'}","{'id': '145', 'title': 'Rayo Vallecano', 'short_title': 'RVL'}","{'h': '0', 'a': '1'}","{'h': '0.978055', 'a': '0.773435'}",2022-10-29 16:30:00,"{'w': '0.4073', 'd': '0.3469', 'l': '0.2458'}",2022
19077,True,"{'id': '146', 'title': 'Valencia', 'short_title': 'VAL'}","{'id': '148', 'title': 'Barcelona', 'short_title': 'BAR'}","{'h': '0', 'a': '1'}","{'h': '0.187414', 'a': '2.33418'}",2022-10-29 19:00:00,"{'w': '0.0095', 'd': '0.0719', 'l': '0.9186'}",2022
19074,True,"{'id': '157', 'title': 'Osasuna', 'short_title': 'OSA'}","{'id': '231', 'title': 'Real Valladolid', 'short_title': 'VAL'}","{'h': '2', 'a': '0'}","{'h': '1.90028', 'a': '0.330479'}",2022-10-30 13:00:00,"{'w': '0.8187', 'd': '0.1421', 'l': '0.0392'}",2022
19081,True,"{'id': '150', 'title': 'Real Madrid', 'short_title': 'RMA'}","{'id': '223', 'title': 'Girona', 'short_title': 'GIR'}","{'h': '1', 'a': '1'}","{'h': '2.65755', 'a': '1.99848'}",2022-10-30 15:15:00,"{'w': '0.5404', 'd': '0.2765', 'l': '0.1831'}",2022
19072,True,"{'id': '147', 'title': 'Athletic Club', 'short_title': 'ATH'}","{'id': '154', 'title': 'Villarreal', 'short_title': 'VIL'}","{'h': '1', 'a': '0'}","{'h': '2.05689', 'a': '0.221451'}",2022-10-30 17:30:00,"{'w': '0.8502', 'd': '0.1245', 'l': '0.0253'}",2022
19078,True,"{'id': '140', 'title': 'Real Sociedad', 'short_title': 'SOC'}","{'id': '153', 'title': 'Real Betis', 'short_title': 'BET'}","{'h': '0', 'a': '2'}","{'h': '1.28165', 'a': '1.34514'}",2022-10-30 20:00:00,"{'w': '0.2963', 'd': '0.3435', 'l': '0.3602'}",2022
19073,True,"{'id': '207', 'title': 'Elche', 'short_title': 'ELC'}","{'id': '142', 'title': 'Getafe', 'short_title': 'GET'}","{'h': '0', 'a': '1'}","{'h': '1.22713', 'a': '0.372744'}",2022-10-31 20:00:00,"{'w': '0.6729', 'd': '0.2541', 'l': '0.073'}",2022
19087,True,"{'id': '223', 'title': 'Girona', 'short_title': 'GIR'}","{'id': '147', 'title': 'Athletic Club', 'short_title': 'ATH'}","{'h': '2', 'a': '1'}","{'h': '1.06554', 'a': '0.81175'}",2022-11-04 20:00:00,"{'w': '0.4058', 'd': '0.3317', 'l': '0.2625'}",2022
19090,True,"{'id': '142', 'title': 'Getafe', 'short_title': 'GET'}","{'id': '261', 'title': 'Cadiz', 'short_title': 'CAD'}","{'h': '0', 'a': '0'}","{'h': '0.517067', 'a': '1.24542'}",2022-11-05 14:00:00,"{'w': '0.1392', 'd': '0.2871', 'l': '0.5737'}",2022
19088,True,"{'id': '231', 'title': 'Real Valladolid', 'short_title': 'VAL'}","{'id': '207', 'title': 'Elche', 'short_title': 'ELC'}","{'h': '2', 'a': '1'}","{'h': '2.81292', 'a': '0.198499'}",2022-11-05 15:15:00,"{'w': '0.9446', 'd': '0.0478', 'l': '0.0076'}",2022
19084,True,"{'id': '152', 'title': 'Celta Vigo', 'short_title': 'CEL'}","{'id': '157', 'title': 'Osasuna', 'short_title': 'OSA'}","{'h': '1', 'a': '2'}","{'h': '0.824768', 'a': '0.360091'}",2022-11-05 17:30:00,"{'w': '0.4521', 'd': '0.4021', 'l': '0.1458'}",2022
19091,True,"{'id': '148', 'title': 'Barcelona', 'short_title': 'BAR'}","{'id': '208', 'title': 'Almeria', 'short_title': 'ALM'}","{'h': '2', 'a': '0'}","{'h': '4.33587', 'a': '0.538049'}",2022-11-05 20:00:00,"{'w': '0.9835', 'd': '0.0146', 'l': '0.0019'}",2022
19082,True,"{'id': '143', 'title': 'Atletico Madrid', 'short_title': 'ATL'}","{'id': '141', 'title': 'Espanyol', 'short_title': 'ESP'}","{'h': '1', 'a': '1'}","{'h': '2.02314', 'a': '0.870622'}",2022-11-06 13:00:00,"{'w': '0.6507', 'd': '0.2187', 'l': '0.1306'}",2022
19085,True,"{'id': '140', 'title': 'Real Sociedad', 'short_title': 'SOC'}","{'id': '146', 'title': 'Valencia', 'short_title': 'VAL'}","{'h': '1', 'a': '1'}","{'h': '1.45821', 'a': '0.795825'}",2022-11-06 15:15:00,"{'w': '0.563', 'd': '0.2703', 'l': '0.1667'}",2022
19089,True,"{'id': '154', 'title': 'Villarreal', 'short_title': 'VIL'}","{'id': '239', 'title': 'Mallorca', 'short_title': 'MAL'}","{'h': '0', 'a': '2'}","{'h': '0.429852', 'a': '0.704012'}",2022-11-06 17:30:00,"{'w': '0.1775', 'd': '0.4093', 'l': '0.4132'}",2022
19083,True,"{'id': '153', 'title': 'Real Betis', 'short_title': 'BET'}","{'id': '138', 'title': 'Sevilla', 'short_title': 'SEV'}","{'h': '1', 'a': '1'}","{'h': '1.13067', 'a': '1.49591'}",2022-11-06 20:00:00,"{'w': '0.27', 'd': '0.2862', 'l': '0.4438'}",2022
19086,True,"{'id': '145', 'title': 'Rayo Vallecano', 'short_title': 'RVL'}","{'id': '150', 'title': 'Real Madrid', 'short_title': 'RMA'}","{'h': '3', 'a': '2'}","{'h': '1.65854', 'a': '2.21264'}",2022-11-07 20:00:00,"{'w': '0.2353', 'd': '0.2428', 'l': '0.5219'}",2022
19093,True,"{'id': '207', 'title': 'Elche', 'short_title': 'ELC'}","{'id': '223', 'title': 'Girona', 'short_title': 'GIR'}","{'h': '1', 'a': '2'}","{'h': '0.914455', 'a': '2.20883'}",2022-11-08 18:00:00,"{'w': '0.1118', 'd': '0.1815', 'l': '0.7067'}",2022
19092,True,"{'id': '147', 'title': 'Athletic Club', 'short_title': 'ATH'}","{'id': '231', 'title': 'Real Valladolid', 'short_title': 'VAL'}","{'h': '3', 'a': '0'}","{'h': '2.65727', 'a': '0.481138'}",2022-11-08 19:00:00,"{'w': '0.8861', 'd': '0.0863', 'l': '0.0276'}",2022
19097,True,"{'id': '157', 'title': 'Osasuna', 'short_title': 'OSA'}","{'id': '148', 'title': 'Barcelona', 'short_title': 'BAR'}","{'h': '1', 'a': '2'}","{'h': '1.23564', 'a': '1.01467'}",2022-11-08 20:30:00,"{'w': '0.4094', 'd': '0.3158', 'l': '0.2748'}",2022
19095,True,"{'id': '208', 'title': 'Almeria', 'short_title': 'ALM'}","{'id': '142', 'title': 'Getafe', 'short_title': 'GET'}","{'h': '1', 'a': '0'}","{'h': '0.346293', 'a': '0.451929'}",2022-11-09 18:00:00,"{'w': '0.2015', 'd': '0.5221', 'l': '0.2764'}",2022
19101,True,"{'id': '138', 'title': 'Sevilla', 'short_title': 'SEV'}","{'id': '140', 'title': 'Real Sociedad', 'short_title': 'SOC'}","{'h': '1', 'a': '2'}","{'h': '0.69755', 'a': '2.18846'}",2022-11-09 18:00:00,"{'w': '0.0713', 'd': '0.1699', 'l': '0.7588'}",2022
19094,True,"{'id': '141', 'title': 'Espanyol', 'short_title': 'ESP'}","{'id': '154', 'title': 'Villarreal', 'short_title': 'VIL'}","{'h': '0', 'a': '1'}","{'h': '0.841866', 'a': '0.750078'}",2022-11-09 19:00:00,"{'w': '0.355', 'd': '0.3512', 'l': '0.2938'}",2022
19096,True,"{'id': '239', 'title': 'Mallorca', 'short_title': 'MAL'}","{'id': '143', 'title': 'Atletico Madrid', 'short_title': 'ATL'}","{'h': '1', 'a': '0'}","{'h': '1.46593', 'a': '1.50598'}",2022-11-09 20:30:00,"{'w': '0.3444', 'd': '0.3071', 'l': '0.3485'}",2022
19099,True,"{'id': '145', 'title': 'Rayo Vallecano', 'short_title': 'RVL'}","{'id': '152', 'title': 'Celta Vigo', 'short_title': 'CEL'}","{'h': '0', 'a': '0'}","{'h': '0.442488', 'a': '0.677591'}",2022-11-10 18:00:00,"{'w': '0.2077', 'd': '0.4278', 'l': '0.3645'}",2022
19098,True,"{'id': '146', 'title': 'Valencia', 'short_title': 'VAL'}","{'id': '153', 'title': 'Real Betis', 'short_title': 'BET'}","{'h': '3', 'a': '0'}","{'h': '2.2469', 'a': '0.307626'}",2022-11-10 19:00:00,"{'w': '0.8807', 'd': '0.0969', 'l': '0.0224'}",2022
19100,True,"{'id': '150', 'title': 'Real Madrid', 'short_title': 'RMA'}","{'id': '261', 'title': 'Cadiz', 'short_title': 'CAD'}","{'h': '2', 'a': '1'}","{'h': '1.73107', 'a': '1.11674'}",2022-11-10 20:30:00,"{'w': '0.5261', 'd': '0.2717', 'l': '0.2022'}",2022
19106,True,"{'id': '223', 'title': 'Girona', 'short_title': 'GIR'}","{'id': '145', 'title': 'Rayo Vallecano', 'short_title': 'RVL'}","{'h': '2', 'a': '2'}","{'h': '2.26829', 'a': '1.3213'}",2022-12-29 16:00:00,"{'w': '0.6313', 'd': '0.22', 'l': '0.1487'}",2022
19107,True,"{'id': '153', 'title': 'Real Betis', 'short_title': 'BET'}","{'id': '147', 'title': 'Athletic Club', 'short_title': 'ATH'}","{'h': '0', 'a': '0'}","{'h': '0.541791', 'a': '0.358148'}",2022-12-29 18:15:00,"{'w': '0.3245', 'd': '0.4872', 'l': '0.1883'}",2022
19102,True,"{'id': '143', 'title': 'Atletico Madrid', 'short_title': 'ATL'}","{'id': '207', 'title': 'Elche', 'short_title': 'ELC'}","{'h': '2', 'a': '0'}","{'h': '1.74436', 'a': '0.568911'}",2022-12-29 20:30:00,"{'w': '0.6925', 'd': '0.2243', 'l': '0.0832'}",2022
19105,True,"{'id': '142', 'title': 'Getafe', 'short_title': 'GET'}","{'id': '239', 'title': 'Mallorca', 'short_title': 'MAL'}","{'h': '2', 'a': '0'}","{'h': '1.32751', 'a': '0.359715'}",2022-12-30 16:00:00,"{'w': '0.6479', 'd': '0.2732', 'l': '0.0789'}",2022
19104,True,"{'id': '152', 'title': 'Celta Vigo', 'short_title': 'CEL'}","{'id': '138', 'title': 'Sevilla', 'short_title': 'SEV'}","{'h': '1', 'a': '1'}","{'h': '1.66459', 'a': '0.594381'}",2022-12-30 18:15:00,"{'w': '0.6568', 'd': '0.2395', 'l': '0.1037'}",2022
19111,True,"{'id': '261', 'title': 'Cadiz', 'short_title': 'CAD'}","{'id': '208', 'title': 'Almeria', 'short_title': 'ALM'}","{'h': '1', 'a': '1'}","{'h': '1.57833', 'a': '2.22992'}",2022-12-30 18:15:00,"{'w': '0.2414', 'd': '0.2342', 'l': '0.5244'}",2022
19109,True,"{'id': '231', 'title': 'Real Valladolid', 'short_title': 'VAL'}","{'id': '150', 'title': 'Real Madrid', 'short_title': 'RMA'}","{'h': '0', 'a': '2'}","{'h': '0.535068', 'a': '2.5342'}",2022-12-30 20:30:00,"{'w': '0.0317', 'd': '0.1029', 'l': '0.8654'}",2022
19103,True,"{'id': '148', 'title': 'Barcelona', 'short_title': 'BAR'}","{'id': '141', 'title': 'Espanyol', 'short_title': 'ESP'}","{'h': '1', 'a': '1'}","{'h': '2.74555', 'a': '0.846842'}",2022-12-31 13:00:00,"{'w': '0.8254', 'd': '0.1332', 'l': '0.0414'}",2022
19108,True,"{'id': '140', 'title': 'Real Sociedad', 'short_title': 'SOC'}","{'id': '157', 'title': 'Osasuna', 'short_title': 'OSA'}","{'h': '2', 'a': '0'}","{'h': '1.54314', 'a': '0.305627'}",2022-12-31 15:15:00,"{'w': '0.7752', 'd': '0.1828', 'l': '0.042'}",2022
19110,True,"{'id': '154', 'title': 'Villarreal', 'short_title': 'VIL'}","{'id': '146', 'title': 'Valencia', 'short_title': 'VAL'}","{'h': '2', 'a': '1'}","{'h': '2.37349', 'a': '1.16707'}",2022-12-31 15:15:00,"{'w': '0.6895', 'd': '0.1907', 'l': '0.1198'}",2022
19118,True,"{'id': '207', 'title': 'Elche', 'short_title': 'ELC'}","{'id': '152', 'title': 'Celta Vigo', 'short_title': 'CEL'}","{'h': '0', 'a': '1'}","{'h': '1.14494', 'a': '1.9713'}",2023-01-06 17:30:00,"{'w': '0.1622', 'd': '0.2439', 'l': '0.5939'}",2022
19120,True,"{'id': '146', 'title': 'Valencia', 'short_title': 'VAL'}","{'id': '261', 'title': 'Cadiz', 'short_title': 'CAD'}","{'h': '0', 'a': '1'}","{'h': '0.495475', 'a': '0.434224'}",2023-01-06 20:00:00,"{'w': '0.2766', 'd': '0.4837', 'l': '0.2397'}",2022
19121,True,"{'id': '154', 'title': 'Villarreal', 'short_title': 'VIL'}","{'id': '150', 'title': 'Real Madrid', 'short_title': 'RMA'}","{'h': '2', 'a': '1'}","{'h': '2.41742', 'a': '2.16674'}",2023-01-07 15:15:00,"{'w': '0.4428', 'd': '0.2378', 'l': '0.3194'}",2022
19114,True,"{'id': '239', 'title': 'Mallorca', 'short_title': 'MAL'}","{'id': '231', 'title': 'Real Valladolid', 'short_title': 'VAL'}","{'h': '1', 'a': '0'}","{'h': '1.52838', 'a': '0.434531'}",2023-01-07 17:30:00,"{'w': '0.6798', 'd': '0.2342', 'l': '0.086'}",2022
19115,True,"{'id': '141', 'title': 'Espanyol', 'short_title': 'ESP'}","{'id': '223', 'title': 'Girona', 'short_title': 'GIR'}","{'h': '2', 'a': '2'}","{'h': '1.26728', 'a': '1.65781'}",2023-01-07 20:00:00,"{'w': '0.2502', 'd': '0.2855', 'l': '0.4643'}",2022
19116,True,"{'id': '208', 'title': 'Almeria', 'short_title': 'ALM'}","{'id': '140', 'title': 'Real Sociedad', 'short_title': 'SOC'}","{'h': '0', 'a': '2'}","{'h': '0.30978', 'a': '2.11666'}",2023-01-08 13:00:00,"{'w': '0.0244', 'd': '0.1099', 'l': '0.8657'}",2022
19117,True,"{'id': '145', 'title': 'Rayo Vallecano', 'short_title': 'RVL'}","{'id': '153', 'title': 'Real Betis', 'short_title': 'BET'}","{'h': '1', 'a': '2'}","{'h': '1.38976', 'a': '0.735098'}",2023-01-08 15:15:00,"{'w': '0.5551', 'd': '0.2767', 'l': '0.1682'}",2022
19119,True,"{'id': '138', 'title': 'Sevilla', 'short_title': 'SEV'}","{'id': '142', 'title': 'Getafe', 'short_title': 'GET'}","{'h': '2', 'a': '1'}","{'h': '1.21643', 'a': '1.17518'}",2023-01-08 17:30:00,"{'w': '0.3646', 'd': '0.3024', 'l': '0.333'}",2022
19113,True,"{'id': '143', 'title': 'Atletico Madrid', 'short_title': 'ATL'}","{'id': '148', 'title': 'Barcelona', 'short_title': 'BAR'}","{'h': '0', 'a': '1'}","{'h': '1.93573', 'a': '1.23617'}",2023-01-08 20:00:00,"{'w': '0.5502', 'd': '0.2452', 'l': '0.2046'}",2022
19112,True,"{'id': '147', 'title': 'Athletic Club', 'short_title': 'ATH'}","{'id': '157', 'title': 'Osasuna', 'short_title': 'OSA'}","{'h': '0', 'a': '0'}","{'h': '1.17556', 'a': '0.427681'}",2023-01-09 20:00:00,"{'w': '0.5628', 'd': '0.3206', 'l': '0.1166'}",2022
19122,True,"{'id': '152', 'title': 'Celta Vigo', 'short_title': 'CEL'}","{'id': '154', 'title': 'Villarreal', 'short_title': 'VIL'}","{'h': '1', 'a': '1'}","{'h': '2.45811', 'a': '0.105032'}",2023-01-13 20:00:00,"{'w': '0.9215', 'd': '0.0725', 'l': '0.006'}",2022
19131,True,"{'id': '231', 'title': 'Real Valladolid', 'short_title': 'VAL'}","{'id': '145', 'title': 'Rayo Vallecano', 'short_title': 'RVL'}","{'h': '0', 'a': '1'}","{'h': '0.611009', 'a': '1.16996'}",2023-01-14 13:00:00,"{'w': '0.1419', 'd': '0.3202', 'l': '0.5379'}",2022
19126,True,"{'id': '223', 'title': 'Girona', 'short_title': 'GIR'}","{'id': '138', 'title': 'Sevilla', 'short_title': 'SEV'}","{'h': '2', 'a': '1'}","{'h': '2.8461', 'a': '0.784402'}",2023-01-14 15:15:00,"{'w': '0.8427', 'd': '0.1089', 'l': '0.0484'}",2022
19129,True,"{'id': '157', 'title': 'Osasuna', 'short_title': 'OSA'}","{'id': '239', 'title': 'Mallorca', 'short_title': 'MAL'}","{'h': '1', 'a': '0'}","{'h': '1.19142', 'a': '0.523266'}",2023-01-14 17:30:00,"{'w': '0.5498', 'd': '0.3109', 'l': '0.1393'}",2022
19127,True,"{'id': '140', 'title': 'Real Sociedad', 'short_title': 'SOC'}","{'id': '147', 'title': 'Athletic Club', 'short_title': 'ATH'}","{'h': '3', 'a': '1'}","{'h': '1.88839', 'a': '0.265103'}",2023-01-14 20:00:00,"{'w': '0.8505', 'd': '0.1247', 'l': '0.0248'}",2022
19130,True,"{'id': '142', 'title': 'Getafe', 'short_title': 'GET'}","{'id': '141', 'title': 'Espanyol', 'short_title': 'ESP'}","{'h': '1', 'a': '2'}","{'h': '0.496479', 'a': '0.460177'}",2023-01-15 13:00:00,"{'w': '0.2781', 'd': '0.4754', 'l': '0.2465'}",2022
19125,True,"{'id': '208', 'title': 'Almeria', 'short_title': 'ALM'}","{'id': '143', 'title': 'Atletico Madrid', 'short_title': 'ATL'}","{'h': '1', 'a': '1'}","{'h': '1.08212', 'a': '2.08354'}",2023-01-15 15:15:00,"{'w': '0.1579', 'd': '0.21', 'l': '0.6321'}",2022
19123,True,"{'id': '261', 'title': 'Cadiz', 'short_title': 'CAD'}","{'id': '207', 'title': 'Elche', 'short_title': 'ELC'}","{'h': '1', 'a': '1'}","{'h': '1.40204', 'a': '0.654686'}",2023-01-16 20:00:00,"{'w': '0.5829', 'd': '0.2759', 'l': '0.1412'}",2022
19138,True,"{'id': '239', 'title': 'Mallorca', 'short_title': 'MAL'}","{'id': '152', 'title': 'Celta Vigo', 'short_title': 'CEL'}","{'h': '1', 'a': '0'}","{'h': '0.403993', 'a': '0.425448'}",2023-01-20 20:00:00,"{'w': '0.2377', 'd': '0.5119', 'l': '0.2504'}",2022
19136,True,"{'id': '145', 'title': 'Rayo Vallecano', 'short_title': 'RVL'}","{'id': '140', 'title': 'Real Sociedad', 'short_title': 'SOC'}","{'h': '0', 'a': '2'}","{'h': '0.64183', 'a': '1.43612'}",2023-01-21 13:00:00,"{'w': '0.1358', 'd': '0.2538', 'l': '0.6104'}",2022
19137,True,"{'id': '141', 'title': 'Espanyol', 'short_title': 'ESP'}","{'id': '153', 'title': 'Real Betis', 'short_title': 'BET'}","{'h': '1', 'a': '0'}","{'h': '2.16171', 'a': '0.835514'}",2023-01-21 15:15:00,"{'w': '0.7564', 'd': '0.1657', 'l': '0.0779'}",2022
19133,True,"{'id': '143', 'title': 'Atletico Madrid', 'short_title': 'ATL'}","{'id': '231', 'title': 'Real Valladolid', 'short_title': 'VAL'}","{'h': '3', 'a': '0'}","{'h': '4.11414', 'a': '0.421793'}",2023-01-21 17:30:00,"{'w': '0.9885', 'd': '0.0104', 'l': '0.0011'}",2022
19139,True,"{'id': '138', 'title': 'Sevilla', 'short_title': 'SEV'}","{'id': '261', 'title': 'Cadiz', 'short_title': 'CAD'}","{'h': '1', 'a': '0'}","{'h': '1.66028', 'a': '0.0765073'}",2023-01-21 20:00:00,"{'w': '0.8734', 'd': '0.1191', 'l': '0.0075'}",2022
19141,True,"{'id': '154', 'title': 'Villarreal', 'short_title': 'VIL'}","{'id': '223', 'title': 'Girona', 'short_title': 'GIR'}","{'h': '1', 'a': '0'}","{'h': '2.79546', 'a': '0.637476'}",2023-01-22 13:00:00,"{'w': '0.8912', 'd': '0.0842', 'l': '0.0246'}",2022
19135,True,"{'id': '207', 'title': 'Elche', 'short_title': 'ELC'}","{'id': '157', 'title': 'Osasuna', 'short_title': 'OSA'}","{'h': '1', 'a': '1'}","{'h': '2.36237', 'a': '0.607835'}",2023-01-22 15:15:00,"{'w': '0.8036', 'd': '0.145', 'l': '0.0514'}",2022
19134,True,"{'id': '148', 'title': 'Barcelona', 'short_title': 'BAR'}","{'id': '142', 'title': 'Getafe', 'short_title': 'GET'}","{'h': '1', 'a': '0'}","{'h': '0.712066', 'a': '1.2457'}",2023-01-22 17:30:00,"{'w': '0.1893', 'd': '0.3001', 'l': '0.5106'}",2022
19132,True,"{'id': '147', 'title': 'Athletic Club', 'short_title': 'ATH'}","{'id': '150', 'title': 'Real Madrid', 'short_title': 'RMA'}","{'h': '0', 'a': '2'}","{'h': '1.15604', 'a': '0.946951'}",2023-01-22 20:00:00,"{'w': '0.3984', 'd': '0.3015', 'l': '0.3001'}",2022
19140,True,"{'id': '146', 'title': 'Valencia', 'short_title': 'VAL'}","{'id': '208', 'title': 'Almeria', 'short_title': 'ALM'}","{'h': '2', 'a': '2'}","{'h': '2.70702', 'a': '1.68834'}",2023-01-23 20:00:00,"{'w': '0.6295', 'd': '0.2172', 'l': '0.1533'}",2022
19144,True,"{'id': '208', 'title': 'Almeria', 'short_title': 'ALM'}","{'id': '141', 'title': 'Espanyol', 'short_title': 'ESP'}","{'h': '3', 'a': '1'}","{'h': '2.17998', 'a': '0.805809'}",2023-01-27 20:00:00,"{'w': '0.7348', 'd': '0.1841', 'l': '0.0811'}",2022
19142,True,"{'id': '261', 'title': 'Cadiz', 'short_title': 'CAD'}","{'id': '239', 'title': 'Mallorca', 'short_title': 'MAL'}","{'h': '2', 'a': '0'}","{'h': '1.8313', 'a': '0.306812'}",2023-01-28 13:00:00,"{'w': '0.8405', 'd': '0.1318', 'l': '0.0277'}",2022
19147,True,"{'id': '223', 'title': 'Girona', 'short_title': 'GIR'}","{'id': '148', 'title': 'Barcelona', 'short_title': 'BAR'}","{'h': '0', 'a': '1'}","{'h': '0.893789', 'a': '0.981042'}",2023-01-28 15:15:00,"{'w': '0.2718', 'd': '0.3748', 'l': '0.3534'}",2022
19149,True,"{'id': '138', 'title': 'Sevilla', 'short_title': 'SEV'}","{'id': '207', 'title': 'Elche', 'short_title': 'ELC'}","{'h': '3', 'a': '0'}","{'h': '3.27297', 'a': '0.340633'}",2023-01-28 17:30:00,"{'w': '0.9483', 'd': '0.0429', 'l': '0.0088'}",2022
19148,True,"{'id': '142', 'title': 'Getafe', 'short_title': 'GET'}","{'id': '153', 'title': 'Real Betis', 'short_title': 'BET'}","{'h': '0', 'a': '1'}","{'h': '0.206383', 'a': '2.00036'}",2023-01-28 20:00:00,"{'w': '0.0153', 'd': '0.0967', 'l': '0.888'}",2022
19150,True,"{'id': '231', 'title': 'Real Valladolid', 'short_title': 'VAL'}","{'id': '146', 'title': 'Valencia', 'short_title': 'VAL'}","{'h': '1', 'a': '0'}","{'h': '1.47049', 'a': '1.05725'}",2023-01-29 13:00:00,"{'w': '0.4777', 'd': '0.2745', 'l': '0.2478'}",2022
19146,True,"{'id': '157', 'title': 'Osasuna', 'short_title': 'OSA'}","{'id': '143', 'title': 'Atletico Madrid', 'short_title': 'ATL'}","{'h': '0', 'a': '1'}","{'h': '0.741393', 'a': '1.29745'}",2023-01-29 15:15:00,"{'w': '0.1923', 'd': '0.3026', 'l': '0.5051'}",2022
19145,True,"{'id': '152', 'title': 'Celta Vigo', 'short_title': 'CEL'}","{'id': '147', 'title': 'Athletic Club', 'short_title': 'ATH'}","{'h': '1', 'a': '0'}","{'h': '0.614646', 'a': '0.232576'}",2023-01-29 17:30:00,"{'w': '0.414', 'd': '0.4738', 'l': '0.1122'}",2022
19143,True,"{'id': '150', 'title': 'Real Madrid', 'short_title': 'RMA'}","{'id': '140', 'title': 'Real Sociedad', 'short_title': 'SOC'}","{'h': '0', 'a': '0'}","{'h': '1.40476', 'a': '0.370087'}",2023-01-29 20:00:00,"{'w': '0.657', 'd': '0.2575', 'l': '0.0855'}",2022
19151,True,"{'id': '154', 'title': 'Villarreal', 'short_title': 'VIL'}","{'id': '145', 'title': 'Rayo Vallecano', 'short_title': 'RVL'}","{'h': '0', 'a': '1'}","{'h': '1.19676', 'a': '0.830107'}",2023-01-30 20:00:00,"{'w': '0.43', 'd': '0.3346', 'l': '0.2354'}",2022
19128,True,"{'id': '153', 'title': 'Real Betis', 'short_title': 'BET'}","{'id': '148', 'title': 'Barcelona', 'short_title': 'BAR'}","{'h': '1', 'a': '2'}","{'h': '0.760581', 'a': '2.38335'}",2023-02-01 20:00:00,"{'w': '0.0323', 'd': '0.1454', 'l': '0.8223'}",2022
19124,True,"{'id': '150', 'title': 'Real Madrid', 'short_title': 'RMA'}","{'id': '146', 'title': 'Valencia', 'short_title': 'VAL'}","{'h': '2', 'a': '0'}","{'h': '2.60454', 'a': '0.213484'}",2023-02-02 20:00:00,"{'w': '0.9265', 'd': '0.0626', 'l': '0.0109'}",2022
19152,True,"{'id': '147', 'title': 'Athletic Club', 'short_title': 'ATH'}","{'id': '261', 'title': 'Cadiz', 'short_title': 'CAD'}","{'h': '4', 'a': '1'}","{'h': '2.30209', 'a': '1.55348'}",2023-02-03 20:00:00,"{'w': '0.5692', 'd': '0.2455', 'l': '0.1853'}",2022
19158,True,"{'id': '141', 'title': 'Espanyol', 'short_title': 'ESP'}","{'id': '157', 'title': 'Osasuna', 'short_title': 'OSA'}","{'h': '1', 'a': '1'}","{'h': '1.56394', 'a': '0.919455'}",2023-02-04 13:00:00,"{'w': '0.5587', 'd': '0.3227', 'l': '0.1186'}",2022
19156,True,"{'id': '207', 'title': 'Elche', 'short_title': 'ELC'}","{'id': '154', 'title': 'Villarreal', 'short_title': 'VIL'}","{'h': '3', 'a': '1'}","{'h': '2.88986', 'a': '1.48923'}",2023-02-04 15:15:00,"{'w': '0.7166', 'd': '0.1694', 'l': '0.114'}",2022
19153,True,"{'id': '143', 'title': 'Atletico Madrid', 'short_title': 'ATL'}","{'id': '142', 'title': 'Getafe', 'short_title': 'GET'}","{'h': '1', 'a': '1'}","{'h': '1.01341', 'a': '1.13659'}",2023-02-04 17:30:00,"{'w': '0.2788', 'd': '0.3337', 'l': '0.3875'}",2022
19155,True,"{'id': '153', 'title': 'Real Betis', 'short_title': 'BET'}","{'id': '152', 'title': 'Celta Vigo', 'short_title': 'CEL'}","{'h': '3', 'a': '4'}","{'h': '3.54117', 'a': '2.30434'}",2023-02-04 20:00:00,"{'w': '0.6657', 'd': '0.1767', 'l': '0.1576'}",2022
19157,True,"{'id': '239', 'title': 'Mallorca', 'short_title': 'MAL'}","{'id': '150', 'title': 'Real Madrid', 'short_title': 'RMA'}","{'h': '1', 'a': '0'}","{'h': '0.241595', 'a': '1.39842'}",2023-02-05 13:00:00,"{'w': '0.0385', 'd': '0.2093', 'l': '0.7522'}",2022
19160,True,"{'id': '223', 'title': 'Girona', 'short_title': 'GIR'}","{'id': '146', 'title': 'Valencia', 'short_title': 'VAL'}","{'h': '1', 'a': '0'}","{'h': '2.57015', 'a': '0.877751'}",2023-02-05 15:15:00,"{'w': '0.7846', 'd': '0.1473', 'l': '0.0681'}",2022
19159,True,"{'id': '140', 'title': 'Real Sociedad', 'short_title': 'SOC'}","{'id': '231', 'title': 'Real Valladolid', 'short_title': 'VAL'}","{'h': '0', 'a': '1'}","{'h': '1.21593', 'a': '0.781504'}",2023-02-05 17:30:00,"{'w': '0.4706', 'd': '0.3225', 'l': '0.2069'}",2022
19154,True,"{'id': '148', 'title': 'Barcelona', 'short_title': 'BAR'}","{'id': '138', 'title': 'Sevilla', 'short_title': 'SEV'}","{'h': '3', 'a': '0'}","{'h': '3.09763', 'a': '0.0413799'}",2023-02-05 20:00:00,"{'w': '0.9869', 'd': '0.0126', 'l': '0.0005'}",2022
19161,True,"{'id': '145', 'title': 'Rayo Vallecano', 'short_title': 'RVL'}","{'id': '208', 'title': 'Almeria', 'short_title': 'ALM'}","{'h': '2', 'a': '0'}","{'h': '1.38079', 'a': '1.37549'}",2023-02-06 20:00:00,"{'w': '0.3642', 'd': '0.2849', 'l': '0.3509'}",2022
19163,True,"{'id': '261', 'title': 'Cadiz', 'short_title': 'CAD'}","{'id': '223', 'title': 'Girona', 'short_title': 'GIR'}","{'h': '2', 'a': '0'}","{'h': '0.717862', 'a': '0.213596'}",2023-02-10 20:00:00,"{'w': '0.4499', 'd': '0.4496', 'l': '0.1005'}",2022
19165,True,"{'id': '208', 'title': 'Almeria', 'short_title': 'ALM'}","{'id': '153', 'title': 'Real Betis', 'short_title': 'BET'}","{'h': '2', 'a': '3'}","{'h': '2.00937', 'a': '3.30673'}",2023-02-11 15:15:00,"{'w': '0.1475', 'd': '0.1605', 'l': '0.692'}",2022
19170,True,"{'id': '138', 'title': 'Sevilla', 'short_title': 'SEV'}","{'id': '239', 'title': 'Mallorca', 'short_title': 'MAL'}","{'h': '2', 'a': '0'}","{'h': '2.16804', 'a': '0.206824'}",2023-02-11 17:30:00,"{'w': '0.9196', 'd': '0.0707', 'l': '0.0097'}",2022
19166,True,"{'id': '146', 'title': 'Valencia', 'short_title': 'VAL'}","{'id': '147', 'title': 'Athletic Club', 'short_title': 'ATH'}","{'h': '1', 'a': '2'}","{'h': '1.6755', 'a': '1.34748'}",2023-02-11 20:00:00,"{'w': '0.4549', 'd': '0.2641', 'l': '0.281'}",2022
19162,True,"{'id': '142', 'title': 'Getafe', 'short_title': 'GET'}","{'id': '145', 'title': 'Rayo Vallecano', 'short_title': 'RVL'}","{'h': '1', 'a': '1'}","{'h': '1.23739', 'a': '1.70522'}",2023-02-12 13:00:00,"{'w': '0.2279', 'd': '0.2956', 'l': '0.4765'}",2022
19167,True,"{'id': '152', 'title': 'Celta Vigo', 'short_title': 'CEL'}","{'id': '143', 'title': 'Atletico Madrid', 'short_title': 'ATL'}","{'h': '0', 'a': '1'}","{'h': '1.057', 'a': '0.955578'}",2023-02-12 15:15:00,"{'w': '0.3715', 'd': '0.325', 'l': '0.3035'}",2022
19171,True,"{'id': '231', 'title': 'Real Valladolid', 'short_title': 'VAL'}","{'id': '157', 'title': 'Osasuna', 'short_title': 'OSA'}","{'h': '0', 'a': '0'}","{'h': '1.96448', 'a': '1.03574'}",2023-02-12 17:30:00,"{'w': '0.6146', 'd': '0.2318', 'l': '0.1536'}",2022
19168,True,"{'id': '154', 'title': 'Villarreal', 'short_title': 'VIL'}","{'id': '148', 'title': 'Barcelona', 'short_title': 'BAR'}","{'h': '0', 'a': '1'}","{'h': '1.05151', 'a': '1.37827'}",2023-02-12 20:00:00,"{'w': '0.2616', 'd': '0.2947', 'l': '0.4437'}",2022
19164,True,"{'id': '141', 'title': 'Espanyol', 'short_title': 'ESP'}","{'id': '140', 'title': 'Real Sociedad', 'short_title': 'SOC'}","{'h': '2', 'a': '3'}","{'h': '1.25733', 'a': '1.20722'}",2023-02-13 20:00:00,"{'w': '0.3506', 'd': '0.3351', 'l': '0.3143'}",2022
19169,True,"{'id': '150', 'title': 'Real Madrid', 'short_title': 'RMA'}","{'id': '207', 'title': 'Elche', 'short_title': 'ELC'}","{'h': '4', 'a': '0'}","{'h': '4.04364', 'a': '0.619125'}",2023-02-15 20:00:00,"{'w': '0.9645', 'd': '0.0293', 'l': '0.0062'}",2022
19181,True,"{'id': '223', 'title': 'Girona', 'short_title': 'GIR'}","{'id': '208', 'title': 'Almeria', 'short_title': 'ALM'}","{'h': '6', 'a': '2'}","{'h': '3.22586', 'a': '1.23696'}",2023-02-17 17:00:00,"{'w': '0.8163', 'd': '0.1193', 'l': '0.0644'}",2022
19180,True,"{'id': '140', 'title': 'Real Sociedad', 'short_title': 'SOC'}","{'id': '152', 'title': 'Celta Vigo', 'short_title': 'CEL'}","{'h': '1', 'a': '1'}","{'h': '1.52902', 'a': '1.34253'}",2023-02-18 10:00:00,"{'w': '0.4221', 'd': '0.2709', 'l': '0.307'}",2022
19173,True,"{'id': '153', 'title': 'Real Betis', 'short_title': 'BET'}","{'id': '231', 'title': 'Real Valladolid', 'short_title': 'VAL'}","{'h': '2', 'a': '1'}","{'h': '2.21822', 'a': '0.97905'}",2023-02-18 15:15:00,"{'w': '0.6933', 'd': '0.1917', 'l': '0.115'}",2022
19175,True,"{'id': '239', 'title': 'Mallorca', 'short_title': 'MAL'}","{'id': '154', 'title': 'Villarreal', 'short_title': 'VIL'}","{'h': '4', 'a': '2'}","{'h': '2.74393', 'a': '1.01893'}",2023-02-18 17:30:00,"{'w': '0.7795', 'd': '0.1509', 'l': '0.0696'}",2022
19177,True,"{'id': '157', 'title': 'Osasuna', 'short_title': 'OSA'}","{'id': '150', 'title': 'Real Madrid', 'short_title': 'RMA'}","{'h': '0', 'a': '2'}","{'h': '0.400542', 'a': '1.86475'}",2023-02-18 20:00:00,"{'w': '0.0517', 'd': '0.1658', 'l': '0.7825'}",2022
19174,True,"{'id': '207', 'title': 'Elche', 'short_title': 'ELC'}","{'id': '141', 'title': 'Espanyol', 'short_title': 'ESP'}","{'h': '0', 'a': '1'}","{'h': '1.60154', 'a': '1.35887'}",2023-02-19 13:00:00,"{'w': '0.4217', 'd': '0.2677', 'l': '0.3106'}",2022
19178,True,"{'id': '145', 'title': 'Rayo Vallecano', 'short_title': 'RVL'}","{'id': '138', 'title': 'Sevilla', 'short_title': 'SEV'}","{'h': '1', 'a': '1'}","{'h': '1.37468', 'a': '0.476153'}",2023-02-19 15:15:00,"{'w': '0.6265', 'd': '0.2714', 'l': '0.1021'}",2022
19179,True,"{'id': '143', 'title': 'Atletico Madrid', 'short_title': 'ATL'}","{'id': '147', 'title': 'Athletic Club', 'short_title': 'ATH'}","{'h': '1', 'a': '0'}","{'h': '1.06493', 'a': '1.00816'}",2023-02-19 17:30:00,"{'w': '0.3512', 'd': '0.3205', 'l': '0.3283'}",2022
19172,True,"{'id': '148', 'title': 'Barcelona', 'short_title': 'BAR'}","{'id': '261', 'title': 'Cadiz', 'short_title': 'CAD'}","{'h': '2', 'a': '0'}","{'h': '2.28935', 'a': '1.404'}",2023-02-19 20:00:00,"{'w': '0.5921', 'd': '0.2227', 'l': '0.1852'}",2022
19176,True,"{'id': '142', 'title': 'Getafe', 'short_title': 'GET'}","{'id': '146', 'title': 'Valencia', 'short_title': 'VAL'}","{'h': '1', 'a': '0'}","{'h': '2.13388', 'a': '1.09398'}",2023-02-20 20:00:00,"{'w': '0.6423', 'd': '0.2199', 'l': '0.1378'}",2022
19190,True,"{'id': '207', 'title': 'Elche', 'short_title': 'ELC'}","{'id': '153', 'title': 'Real Betis', 'short_title': 'BET'}","{'h': '2', 'a': '3'}","{'h': '0.883935', 'a': '4.05176'}",2023-02-24 20:00:00,"{'w': '0.0042', 'd': '0.0244', 'l': '0.9714'}",2022
19187,True,"{'id': '141', 'title': 'Espanyol', 'short_title': 'ESP'}","{'id': '239', 'title': 'Mallorca', 'short_title': 'MAL'}","{'h': '2', 'a': '1'}","{'h': '1.99389', 'a': '0.557974'}",2023-02-25 13:00:00,"{'w': '0.7668', 'd': '0.1632', 'l': '0.07'}",2022
19186,True,"{'id': '261', 'title': 'Cadiz', 'short_title': 'CAD'}","{'id': '145', 'title': 'Rayo Vallecano', 'short_title': 'RVL'}","{'h': '1', 'a': '0'}","{'h': '0.816453', 'a': '0.407208'}",2023-02-25 15:15:00,"{'w': '0.4558', 'd': '0.3877', 'l': '0.1565'}",2022
19189,True,"{'id': '150', 'title': 'Real Madrid', 'short_title': 'RMA'}","{'id': '143', 'title': 'Atletico Madrid', 'short_title': 'ATL'}","{'h': '1', 'a': '1'}","{'h': '1.56317', 'a': '0.217661'}",2023-02-25 17:30:00,"{'w': '0.755', 'd': '0.204', 'l': '0.041'}",2022
19183,True,"{'id': '146', 'title': 'Valencia', 'short_title': 'VAL'}","{'id': '140', 'title': 'Real Sociedad', 'short_title': 'SOC'}","{'h': '1', 'a': '0'}","{'h': '0.636111', 'a': '0.817876'}",2023-02-25 20:00:00,"{'w': '0.2442', 'd': '0.3693', 'l': '0.3865'}",2022
19184,True,"{'id': '147', 'title': 'Athletic Club', 'short_title': 'ATH'}","{'id': '223', 'title': 'Girona', 'short_title': 'GIR'}","{'h': '2', 'a': '3'}","{'h': '1.34464', 'a': '1.33877'}",2023-02-26 13:00:00,"{'w': '0.3451', 'd': '0.3089', 'l': '0.346'}",2022
19185,True,"{'id': '152', 'title': 'Celta Vigo', 'short_title': 'CEL'}","{'id': '231', 'title': 'Real Valladolid', 'short_title': 'VAL'}","{'h': '3', 'a': '0'}","{'h': '2.97597', 'a': '0.902118'}",2023-02-26 15:15:00,"{'w': '0.8521', 'd': '0.1098', 'l': '0.0381'}",2022
19188,True,"{'id': '208', 'title': 'Almeria', 'short_title': 'ALM'}","{'id': '148', 'title': 'Barcelona', 'short_title': 'BAR'}","{'h': '1', 'a': '0'}","{'h': '0.828027', 'a': '1.15571'}",2023-02-26 17:30:00,"{'w': '0.2501', 'd': '0.3281', 'l': '0.4218'}",2022
19182,True,"{'id': '138', 'title': 'Sevilla', 'short_title': 'SEV'}","{'id': '157', 'title': 'Osasuna', 'short_title': 'OSA'}","{'h': '2', 'a': '3'}","{'h': '2.38177', 'a': '1.34283'}",2023-02-26 20:00:00,"{'w': '0.6474', 'd': '0.2109', 'l': '0.1417'}",2022
19191,True,"{'id': '154', 'title': 'Villarreal', 'short_title': 'VIL'}","{'id': '142', 'title': 'Getafe', 'short_title': 'GET'}","{'h': '2', 'a': '1'}","{'h': '1.9115', 'a': '0.467981'}",2023-02-27 20:00:00,"{'w': '0.7881', 'd': '0.1603', 'l': '0.0516'}",2022
19200,True,"{'id': '140', 'title': 'Real Sociedad', 'short_title': 'SOC'}","{'id': '261', 'title': 'Cadiz', 'short_title': 'CAD'}","{'h': '0', 'a': '0'}","{'h': '1.07575', 'a': '0.847252'}",2023-03-03 20:00:00,"{'w': '0.3802', 'd': '0.3452', 'l': '0.2746'}",2022
19195,True,"{'id': '142', 'title': 'Getafe', 'short_title': 'GET'}","{'id': '223', 'title': 'Girona', 'short_title': 'GIR'}","{'h': '3', 'a': '2'}","{'h': '1.86918', 'a': '0.845978'}",2023-03-04 13:00:00,"{'w': '0.6615', 'd': '0.241', 'l': '0.0975'}",2022
19196,True,"{'id': '208', 'title': 'Almeria', 'short_title': 'ALM'}","{'id': '154', 'title': 'Villarreal', 'short_title': 'VIL'}","{'h': '0', 'a': '2'}","{'h': '0.371041', 'a': '2.37286'}",2023-03-04 15:15:00,"{'w': '0.0312', 'd': '0.1142', 'l': '0.8546'}",2022
19199,True,"{'id': '239', 'title': 'Mallorca', 'short_title': 'MAL'}","{'id': '207', 'title': 'Elche', 'short_title': 'ELC'}","{'h': '0', 'a': '1'}","{'h': '0.96231', 'a': '0.957134'}",2023-03-04 17:30:00,"{'w': '0.3381', 'd': '0.3385', 'l': '0.3234'}",2022
19192,True,"{'id': '143', 'title': 'Atletico Madrid', 'short_title': 'ATL'}","{'id': '138', 'title': 'Sevilla', 'short_title': 'SEV'}","{'h': '6', 'a': '1'}","{'h': '3.05182', 'a': '1.76791'}",2023-03-04 20:00:00,"{'w': '0.709', 'd': '0.1999', 'l': '0.0911'}",2022
19201,True,"{'id': '231', 'title': 'Real Valladolid', 'short_title': 'VAL'}","{'id': '141', 'title': 'Espanyol', 'short_title': 'ESP'}","{'h': '2', 'a': '1'}","{'h': '1.38048', 'a': '0.946065'}",2023-03-05 13:00:00,"{'w': '0.4831', 'd': '0.2831', 'l': '0.2338'}",2022
19193,True,"{'id': '148', 'title': 'Barcelona', 'short_title': 'BAR'}","{'id': '146', 'title': 'Valencia', 'short_title': 'VAL'}","{'h': '1', 'a': '0'}","{'h': '2.09199', 'a': '0.629336'}",2023-03-05 15:15:00,"{'w': '0.7756', 'd': '0.1562', 'l': '0.0682'}",2022
19197,True,"{'id': '145', 'title': 'Rayo Vallecano', 'short_title': 'RVL'}","{'id': '147', 'title': 'Athletic Club', 'short_title': 'ATH'}","{'h': '0', 'a': '0'}","{'h': '0.853959', 'a': '1.25683'}",2023-03-05 17:30:00,"{'w': '0.2272', 'd': '0.2974', 'l': '0.4754'}",2022
19194,True,"{'id': '153', 'title': 'Real Betis', 'short_title': 'BET'}","{'id': '150', 'title': 'Real Madrid', 'short_title': 'RMA'}","{'h': '0', 'a': '0'}","{'h': '0.59294', 'a': '1.14462'}",2023-03-05 20:00:00,"{'w': '0.1728', 'd': '0.3293', 'l': '0.4979'}",2022
19198,True,"{'id': '157', 'title': 'Osasuna', 'short_title': 'OSA'}","{'id': '152', 'title': 'Celta Vigo', 'short_title': 'CEL'}","{'h': '0', 'a': '0'}","{'h': '1.16313', 'a': '0.726128'}",2023-03-06 20:00:00,"{'w': '0.4725', 'd': '0.3364', 'l': '0.1911'}",2022
19206,True,"{'id': '261', 'title': 'Cadiz', 'short_title': 'CAD'}","{'id': '142', 'title': 'Getafe', 'short_title': 'GET'}","{'h': '2', 'a': '2'}","{'h': '1.73207', 'a': '2.6986'}",2023-03-10 20:00:00,"{'w': '0.1349', 'd': '0.2146', 'l': '0.6505'}",2022
19209,True,"{'id': '150', 'title': 'Real Madrid', 'short_title': 'RMA'}","{'id': '141', 'title': 'Espanyol', 'short_title': 'ESP'}","{'h': '3', 'a': '1'}","{'h': '1.78234', 'a': '1.10182'}",2023-03-11 13:00:00,"{'w': '0.5427', 'd': '0.2517', 'l': '0.2056'}",2022
19204,True,"{'id': '207', 'title': 'Elche', 'short_title': 'ELC'}","{'id': '231', 'title': 'Real Valladolid', 'short_title': 'VAL'}","{'h': '1', 'a': '1'}","{'h': '2.80287', 'a': '0.246865'}",2023-03-11 15:15:00,"{'w': '0.9275', 'd': '0.0634', 'l': '0.0091'}",2022
19203,True,"{'id': '152', 'title': 'Celta Vigo', 'short_title': 'CEL'}","{'id': '145', 'title': 'Rayo Vallecano', 'short_title': 'RVL'}","{'h': '3', 'a': '0'}","{'h': '2.13766', 'a': '0.697265'}",2023-03-11 17:30:00,"{'w': '0.7578', 'd': '0.1658', 'l': '0.0764'}",2022
19210,True,"{'id': '146', 'title': 'Valencia', 'short_title': 'VAL'}","{'id': '157', 'title': 'Osasuna', 'short_title': 'OSA'}","{'h': '1', 'a': '0'}","{'h': '1.84171', 'a': '0.257674'}",2023-03-11 20:00:00,"{'w': '0.8468', 'd': '0.1286', 'l': '0.0246'}",2022
19205,True,"{'id': '239', 'title': 'Mallorca', 'short_title': 'MAL'}","{'id': '140', 'title': 'Real Sociedad', 'short_title': 'SOC'}","{'h': '1', 'a': '1'}","{'h': '1.4638', 'a': '0.683339'}",2023-03-12 13:00:00,"{'w': '0.6259', 'd': '0.261', 'l': '0.1131'}",2022
19211,True,"{'id': '138', 'title': 'Sevilla', 'short_title': 'SEV'}","{'id': '208', 'title': 'Almeria', 'short_title': 'ALM'}","{'h': '2', 'a': '1'}","{'h': '3.15875', 'a': '1.51939'}",2023-03-12 15:15:00,"{'w': '0.7484', 'd': '0.1507', 'l': '0.1009'}",2022
19208,True,"{'id': '154', 'title': 'Villarreal', 'short_title': 'VIL'}","{'id': '153', 'title': 'Real Betis', 'short_title': 'BET'}","{'h': '1', 'a': '1'}","{'h': '1.33264', 'a': '1.03133'}",2023-03-12 17:30:00,"{'w': '0.3866', 'd': '0.3794', 'l': '0.234'}",2022
19202,True,"{'id': '147', 'title': 'Athletic Club', 'short_title': 'ATH'}","{'id': '148', 'title': 'Barcelona', 'short_title': 'BAR'}","{'h': '0', 'a': '1'}","{'h': '1.13701', 'a': '0.724931'}",2023-03-12 20:00:00,"{'w': '0.4597', 'd': '0.3266', 'l': '0.2137'}",2022
19207,True,"{'id': '223', 'title': 'Girona', 'short_title': 'GIR'}","{'id': '143', 'title': 'Atletico Madrid', 'short_title': 'ATL'}","{'h': '0', 'a': '1'}","{'h': '0.301909', 'a': '1.80682'}",2023-03-13 20:00:00,"{'w': '0.0199', 'd': '0.1238', 'l': '0.8563'}",2022
19218,True,"{'id': '231', 'title': 'Real Valladolid', 'short_title': 'VAL'}","{'id': '147', 'title': 'Athletic Club', 'short_title': 'ATH'}","{'h': '1', 'a': '3'}","{'h': '1.08382', 'a': '2.34513'}",2023-03-17 20:00:00,"{'w': '0.1096', 'd': '0.1845', 'l': '0.7059'}",2022
19217,True,"{'id': '208', 'title': 'Almeria', 'short_title': 'ALM'}","{'id': '261', 'title': 'Cadiz', 'short_title': 'CAD'}","{'h': '1', 'a': '1'}","{'h': '2.69365', 'a': '1.13127'}",2023-03-18 13:00:00,"{'w': '0.748', 'd': '0.1607', 'l': '0.0913'}",2022
19221,True,"{'id': '145', 'title': 'Rayo Vallecano', 'short_title': 'RVL'}","{'id': '223', 'title': 'Girona', 'short_title': 'GIR'}","{'h': '2', 'a': '2'}","{'h': '1.71981', 'a': '1.50856'}",2023-03-18 15:15:00,"{'w': '0.407', 'd': '0.3127', 'l': '0.2803'}",2022
19219,True,"{'id': '141', 'title': 'Espanyol', 'short_title': 'ESP'}","{'id': '152', 'title': 'Celta Vigo', 'short_title': 'CEL'}","{'h': '1', 'a': '3'}","{'h': '1.7106', 'a': '1.63211'}",2023-03-18 17:30:00,"{'w': '0.3624', 'd': '0.3105', 'l': '0.3271'}",2022
19212,True,"{'id': '143', 'title': 'Atletico Madrid', 'short_title': 'ATL'}","{'id': '146', 'title': 'Valencia', 'short_title': 'VAL'}","{'h': '3', 'a': '0'}","{'h': '3.36294', 'a': '0.68946'}",2023-03-18 20:00:00,"{'w': '0.923', 'd': '0.0579', 'l': '0.0191'}",2022
19214,True,"{'id': '153', 'title': 'Real Betis', 'short_title': 'BET'}","{'id': '239', 'title': 'Mallorca', 'short_title': 'MAL'}","{'h': '1', 'a': '0'}","{'h': '0.606846', 'a': '0.140478'}",2023-03-19 13:00:00,"{'w': '0.4343', 'd': '0.4959', 'l': '0.0698'}",2022
19216,True,"{'id': '157', 'title': 'Osasuna', 'short_title': 'OSA'}","{'id': '154', 'title': 'Villarreal', 'short_title': 'VIL'}","{'h': '0', 'a': '3'}","{'h': '1.15562', 'a': '1.5875'}",2023-03-19 15:15:00,"{'w': '0.2137', 'd': '0.312', 'l': '0.4743'}",2022
19220,True,"{'id': '140', 'title': 'Real Sociedad', 'short_title': 'SOC'}","{'id': '207', 'title': 'Elche', 'short_title': 'ELC'}","{'h': '2', 'a': '0'}","{'h': '2.69405', 'a': '0.0819691'}",2023-03-19 15:15:00,"{'w': '0.9586', 'd': '0.0386', 'l': '0.0028'}",2022
19215,True,"{'id': '142', 'title': 'Getafe', 'short_title': 'GET'}","{'id': '138', 'title': 'Sevilla', 'short_title': 'SEV'}","{'h': '2', 'a': '0'}","{'h': '2.0733', 'a': '0.81914'}",2023-03-19 17:30:00,"{'w': '0.7075', 'd': '0.1968', 'l': '0.0957'}",2022
19213,True,"{'id': '148', 'title': 'Barcelona', 'short_title': 'BAR'}","{'id': '150', 'title': 'Real Madrid', 'short_title': 'RMA'}","{'h': '2', 'a': '1'}","{'h': '1.66532', 'a': '0.524212'}",2023-03-19 20:00:00,"{'w': '0.6852', 'd': '0.2171', 'l': '0.0977'}",2022
19224,True,"{'id': '239', 'title': 'Mallorca', 'short_title': 'MAL'}","{'id': '157', 'title': 'Osasuna', 'short_title': 'OSA'}","{'h': '0', 'a': '0'}","{'h': '0.433196', 'a': '0.507781'}",2023-03-31 20:00:00,"{'w': '0.2364', 'd': '0.4776', 'l': '0.286'}",2022
19228,True,"{'id': '223', 'title': 'Girona', 'short_title': 'GIR'}","{'id': '141', 'title': 'Espanyol', 'short_title': 'ESP'}","{'h': '2', 'a': '1'}","{'h': '1.45036', 'a': '0.946182'}",2023-04-01 12:00:00,"{'w': '0.4699', 'd': '0.3708', 'l': '0.1593'}",2022
19222,True,"{'id': '147', 'title': 'Athletic Club', 'short_title': 'ATH'}","{'id': '142', 'title': 'Getafe', 'short_title': 'GET'}","{'h': '0', 'a': '0'}","{'h': '0.751393', 'a': '0.723494'}",2023-04-01 14:15:00,"{'w': '0.3185', 'd': '0.3686', 'l': '0.3129'}",2022
19225,True,"{'id': '261', 'title': 'Cadiz', 'short_title': 'CAD'}","{'id': '138', 'title': 'Sevilla', 'short_title': 'SEV'}","{'h': '0', 'a': '2'}","{'h': '0.691241', 'a': '1.72869'}",2023-04-01 16:30:00,"{'w': '0.1229', 'd': '0.2171', 'l': '0.66'}",2022
19227,True,"{'id': '207', 'title': 'Elche', 'short_title': 'ELC'}","{'id': '148', 'title': 'Barcelona', 'short_title': 'BAR'}","{'h': '0', 'a': '4'}","{'h': '0.508304', 'a': '1.61804'}",2023-04-01 19:00:00,"{'w': '0.0883', 'd': '0.2111', 'l': '0.7006'}",2022
19231,True,"{'id': '152', 'title': 'Celta Vigo', 'short_title': 'CEL'}","{'id': '208', 'title': 'Almeria', 'short_title': 'ALM'}","{'h': '2', 'a': '2'}","{'h': '2.13933', 'a': '1.23651'}",2023-04-02 12:00:00,"{'w': '0.6025', 'd': '0.2214', 'l': '0.1761'}",2022
19226,True,"{'id': '150', 'title': 'Real Madrid', 'short_title': 'RMA'}","{'id': '231', 'title': 'Real Valladolid', 'short_title': 'VAL'}","{'h': '6', 'a': '0'}","{'h': '4.82721', 'a': '0.719567'}",2023-04-02 14:15:00,"{'w': '0.978', 'd': '0.0171', 'l': '0.0049'}",2022
19229,True,"{'id': '154', 'title': 'Villarreal', 'short_title': 'VIL'}","{'id': '140', 'title': 'Real Sociedad', 'short_title': 'SOC'}","{'h': '2', 'a': '0'}","{'h': '2.80501', 'a': '0.912497'}",2023-04-02 16:30:00,"{'w': '0.8158', 'd': '0.121', 'l': '0.0632'}",2022
19223,True,"{'id': '143', 'title': 'Atletico Madrid', 'short_title': 'ATL'}","{'id': '153', 'title': 'Real Betis', 'short_title': 'BET'}","{'h': '1', 'a': '0'}","{'h': '1.70131', 'a': '0.371436'}",2023-04-02 19:00:00,"{'w': '0.7531', 'd': '0.192', 'l': '0.0549'}",2022
19230,True,"{'id': '146', 'title': 'Valencia', 'short_title': 'VAL'}","{'id': '145', 'title': 'Rayo Vallecano', 'short_title': 'RVL'}","{'h': '1', 'a': '1'}","{'h': '2.71116', 'a': '0.645345'}",2023-04-03 19:00:00,"{'w': '0.8742', 'd': '0.0963', 'l': '0.0295'}",2022
19238,True,"{'id': '138', 'title': 'Sevilla', 'short_title': 'SEV'}","{'id': '152', 'title': 'Celta Vigo', 'short_title': 'CEL'}","{'h': '2', 'a': '2'}","{'h': '0.475247', 'a': '0.611169'}",2023-04-07 19:00:00,"{'w': '0.2336', 'd': '0.4344', 'l': '0.332'}",2022
19239,True,"{'id': '157', 'title': 'Osasuna', 'short_title': 'OSA'}","{'id': '207', 'title': 'Elche', 'short_title': 'ELC'}","{'h': '2', 'a': '1'}","{'h': '1.68972', 'a': '0.657812'}",2023-04-08 12:00:00,"{'w': '0.65', 'd': '0.2333', 'l': '0.1167'}",2022
19236,True,"{'id': '141', 'title': 'Espanyol', 'short_title': 'ESP'}","{'id': '147', 'title': 'Athletic Club', 'short_title': 'ATH'}","{'h': '1', 'a': '2'}","{'h': '1.16752', 'a': '2.73876'}",2023-04-08 14:15:00,"{'w': '0.0417', 'd': '0.1585', 'l': '0.7998'}",2022
19241,True,"{'id': '140', 'title': 'Real Sociedad', 'short_title': 'SOC'}","{'id': '142', 'title': 'Getafe', 'short_title': 'GET'}","{'h': '2', 'a': '0'}","{'h': '2.1178', 'a': '0.243923'}",2023-04-08 16:30:00,"{'w': '0.9085', 'd': '0.0781', 'l': '0.0134'}",2022
19234,True,"{'id': '150', 'title': 'Real Madrid', 'short_title': 'RMA'}","{'id': '154', 'title': 'Villarreal', 'short_title': 'VIL'}","{'h': '2', 'a': '3'}","{'h': '2.23296', 'a': '1.24489'}",2023-04-08 19:00:00,"{'w': '0.6243', 'd': '0.2012', 'l': '0.1745'}",2022
19240,True,"{'id': '231', 'title': 'Real Valladolid', 'short_title': 'VAL'}","{'id': '239', 'title': 'Mallorca', 'short_title': 'MAL'}","{'h': '3', 'a': '3'}","{'h': '0.948859', 'a': '1.98329'}",2023-04-09 12:00:00,"{'w': '0.129', 'd': '0.2223', 'l': '0.6487'}",2022
19233,True,"{'id': '153', 'title': 'Real Betis', 'short_title': 'BET'}","{'id': '261', 'title': 'Cadiz', 'short_title': 'CAD'}","{'h': '0', 'a': '2'}","{'h': '1.58835', 'a': '2.85597'}",2023-04-09 14:15:00,"{'w': '0.1066', 'd': '0.187', 'l': '0.7064'}",2022
19235,True,"{'id': '208', 'title': 'Almeria', 'short_title': 'ALM'}","{'id': '146', 'title': 'Valencia', 'short_title': 'VAL'}","{'h': '2', 'a': '1'}","{'h': '1.49927', 'a': '1.08869'}",2023-04-09 16:30:00,"{'w': '0.4774', 'd': '0.2853', 'l': '0.2373'}",2022
19237,True,"{'id': '145', 'title': 'Rayo Vallecano', 'short_title': 'RVL'}","{'id': '143', 'title': 'Atletico Madrid', 'short_title': 'ATL'}","{'h': '1', 'a': '2'}","{'h': '0.564426', 'a': '2.36535'}",2023-04-09 19:00:00,"{'w': '0.0522', 'd': '0.1259', 'l': '0.8219'}",2022
19232,True,"{'id': '148', 'title': 'Barcelona', 'short_title': 'BAR'}","{'id': '223', 'title': 'Girona', 'short_title': 'GIR'}","{'h': '0', 'a': '0'}","{'h': '1.05077', 'a': '0.491057'}",2023-04-10 19:00:00,"{'w': '0.4941', 'd': '0.3403', 'l': '0.1656'}",2022
19249,True,"{'id': '145', 'title': 'Rayo Vallecano', 'short_title': 'RVL'}","{'id': '157', 'title': 'Osasuna', 'short_title': 'OSA'}","{'h': '2', 'a': '1'}","{'h': '1.08431', 'a': '0.373133'}",2023-04-14 19:00:00,"{'w': '0.5683', 'd': '0.3168', 'l': '0.1149'}",2022
19246,True,"{'id': '154', 'title': 'Villarreal', 'short_title': 'VIL'}","{'id': '231', 'title': 'Real Valladolid', 'short_title': 'VAL'}","{'h': '1', 'a': '2'}","{'h': '1.99484', 'a': '2.41465'}",2023-04-15 12:00:00,"{'w': '0.2853', 'd': '0.2334', 'l': '0.4813'}",2022
19242,True,"{'id': '147', 'title': 'Athletic Club', 'short_title': 'ATH'}","{'id': '140', 'title': 'Real Sociedad', 'short_title': 'SOC'}","{'h': '2', 'a': '0'}","{'h': '1.00026', 'a': '1.71232'}",2023-04-15 14:15:00,"{'w': '0.1741', 'd': '0.2527', 'l': '0.5732'}",2022
19243,True,"{'id': '153', 'title': 'Real Betis', 'short_title': 'BET'}","{'id': '141', 'title': 'Espanyol', 'short_title': 'ESP'}","{'h': '3', 'a': '1'}","{'h': '1.965', 'a': '0.616302'}",2023-04-15 16:30:00,"{'w': '0.7559', 'd': '0.1695', 'l': '0.0746'}",2022
19245,True,"{'id': '261', 'title': 'Cadiz', 'short_title': 'CAD'}","{'id': '150', 'title': 'Real Madrid', 'short_title': 'RMA'}","{'h': '0', 'a': '2'}","{'h': '0.583718', 'a': '4.49059'}",2023-04-15 19:00:00,"{'w': '0.0058', 'd': '0.0212', 'l': '0.973'}",2022
19248,True,"{'id': '223', 'title': 'Girona', 'short_title': 'GIR'}","{'id': '207', 'title': 'Elche', 'short_title': 'ELC'}","{'h': '2', 'a': '0'}","{'h': '1.22906', 'a': '0.577847'}",2023-04-16 12:00:00,"{'w': '0.5359', 'd': '0.3104', 'l': '0.1537'}",2022
19247,True,"{'id': '142', 'title': 'Getafe', 'short_title': 'GET'}","{'id': '148', 'title': 'Barcelona', 'short_title': 'BAR'}","{'h': '0', 'a': '0'}","{'h': '0.621219', 'a': '1.04627'}",2023-04-16 14:15:00,"{'w': '0.2013', 'd': '0.3511', 'l': '0.4476'}",2022
19251,True,"{'id': '143', 'title': 'Atletico Madrid', 'short_title': 'ATL'}","{'id': '208', 'title': 'Almeria', 'short_title': 'ALM'}","{'h': '2', 'a': '1'}","{'h': '2.51151', 'a': '0.058186'}",2023-04-16 16:30:00,"{'w': '0.9583', 'd': '0.0391', 'l': '0.0026'}",2022
19250,True,"{'id': '146', 'title': 'Valencia', 'short_title': 'VAL'}","{'id': '138', 'title': 'Sevilla', 'short_title': 'SEV'}","{'h': '0', 'a': '2'}","{'h': '0.527847', 'a': '1.46976'}",2023-04-16 19:00:00,"{'w': '0.0853', 'd': '0.2342', 'l': '0.6805'}",2022
19244,True,"{'id': '152', 'title': 'Celta Vigo', 'short_title': 'CEL'}","{'id': '239', 'title': 'Mallorca', 'short_title': 'MAL'}","{'h': '0', 'a': '1'}","{'h': '0.469148', 'a': '1.18361'}",2023-04-17 19:00:00,"{'w': '0.1263', 'd': '0.2956', 'l': '0.5781'}",2022
19259,True,"{'id': '141', 'title': 'Espanyol', 'short_title': 'ESP'}","{'id': '261', 'title': 'Cadiz', 'short_title': 'CAD'}","{'h': '0', 'a': '0'}","{'h': '1.52285', 'a': '1.12699'}",2023-04-21 19:00:00,"{'w': '0.4611', 'd': '0.2819', 'l': '0.257'}",2022
19256,True,"{'id': '157', 'title': 'Osasuna', 'short_title': 'OSA'}","{'id': '153', 'title': 'Real Betis', 'short_title': 'BET'}","{'h': '3', 'a': '2'}","{'h': '1.63275', 'a': '1.99331'}",2023-04-22 12:00:00,"{'w': '0.2998', 'd': '0.2455', 'l': '0.4547'}",2022
19254,True,"{'id': '208', 'title': 'Almeria', 'short_title': 'ALM'}","{'id': '147', 'title': 'Athletic Club', 'short_title': 'ATH'}","{'h': '1', 'a': '2'}","{'h': '0.573355', 'a': '1.83476'}",2023-04-22 14:15:00,"{'w': '0.0859', 'd': '0.2005', 'l': '0.7136'}",2022
19260,True,"{'id': '140', 'title': 'Real Sociedad', 'short_title': 'SOC'}","{'id': '145', 'title': 'Rayo Vallecano', 'short_title': 'RVL'}","{'h': '2', 'a': '1'}","{'h': '0.814682', 'a': '0.359842'}",2023-04-22 16:30:00,"{'w': '0.4595', 'd': '0.3896', 'l': '0.1509'}",2022
19261,True,"{'id': '231', 'title': 'Real Valladolid', 'short_title': 'VAL'}","{'id': '223', 'title': 'Girona', 'short_title': 'GIR'}","{'h': '1', 'a': '0'}","{'h': '1.11143', 'a': '1.0586'}",2023-04-22 16:30:00,"{'w': '0.3482', 'd': '0.3161', 'l': '0.3357'}",2022
19257,True,"{'id': '150', 'title': 'Real Madrid', 'short_title': 'RMA'}","{'id': '152', 'title': 'Celta Vigo', 'short_title': 'CEL'}","{'h': '2', 'a': '0'}","{'h': '1.81403', 'a': '0.744532'}",2023-04-22 19:00:00,"{'w': '0.6476', 'd': '0.2245', 'l': '0.1279'}",2022
19252,True,"{'id': '207', 'title': 'Elche', 'short_title': 'ELC'}","{'id': '146', 'title': 'Valencia', 'short_title': 'VAL'}","{'h': '0', 'a': '2'}","{'h': '0.795158', 'a': '1.05313'}",2023-04-23 12:00:00,"{'w': '0.2399', 'd': '0.3502', 'l': '0.4099'}",2022
19255,True,"{'id': '148', 'title': 'Barcelona', 'short_title': 'BAR'}","{'id': '143', 'title': 'Atletico Madrid', 'short_title': 'ATL'}","{'h': '1', 'a': '0'}","{'h': '2.12803', 'a': '0.714419'}",2023-04-23 14:15:00,"{'w': '0.7505', 'd': '0.1658', 'l': '0.0837'}",2022
19258,True,"{'id': '239', 'title': 'Mallorca', 'short_title': 'MAL'}","{'id': '142', 'title': 'Getafe', 'short_title': 'GET'}","{'h': '3', 'a': '1'}","{'h': '1.917', 'a': '0.118861'}",2023-04-23 16:30:00,"{'w': '0.8837', 'd': '0.1069', 'l': '0.0094'}",2022
19253,True,"{'id': '138', 'title': 'Sevilla', 'short_title': 'SEV'}","{'id': '154', 'title': 'Villarreal', 'short_title': 'VIL'}","{'h': '2', 'a': '1'}","{'h': '0.853114', 'a': '2.13506'}",2023-04-23 19:00:00,"{'w': '0.1057', 'd': '0.1845', 'l': '0.7098'}",2022
19266,True,"{'id': '261', 'title': 'Cadiz', 'short_title': 'CAD'}","{'id': '157', 'title': 'Osasuna', 'short_title': 'OSA'}","{'h': '0', 'a': '1'}","{'h': '1.4054', 'a': '0.865548'}",2023-04-25 17:30:00,"{'w': '0.4908', 'd': '0.3027', 'l': '0.2065'}",2022
19268,True,"{'id': '223', 'title': 'Girona', 'short_title': 'GIR'}","{'id': '150', 'title': 'Real Madrid', 'short_title': 'RMA'}","{'h': '4', 'a': '2'}","{'h': '2.4202', 'a': '1.63006'}",2023-04-25 17:30:00,"{'w': '0.5821', 'd': '0.2157', 'l': '0.2022'}",2022
19264,True,"{'id': '153', 'title': 'Real Betis', 'short_title': 'BET'}","{'id': '140', 'title': 'Real Sociedad', 'short_title': 'SOC'}","{'h': '0', 'a': '0'}","{'h': '0.7286', 'a': '0.607061'}",2023-04-25 20:00:00,"{'w': '0.3425', 'd': '0.3875', 'l': '0.27'}",2022
19263,True,"{'id': '143', 'title': 'Atletico Madrid', 'short_title': 'ATL'}","{'id': '239', 'title': 'Mallorca', 'short_title': 'MAL'}","{'h': '3', 'a': '1'}","{'h': '2.61545', 'a': '0.741129'}",2023-04-26 17:30:00,"{'w': '0.8557', 'd': '0.1188', 'l': '0.0255'}",2022
19271,True,"{'id': '142', 'title': 'Getafe', 'short_title': 'GET'}","{'id': '208', 'title': 'Almeria', 'short_title': 'ALM'}","{'h': '1', 'a': '2'}","{'h': '1.66712', 'a': '2.08963'}",2023-04-26 17:30:00,"{'w': '0.2843', 'd': '0.2336', 'l': '0.4821'}",2022
19265,True,"{'id': '152', 'title': 'Celta Vigo', 'short_title': 'CEL'}","{'id': '207', 'title': 'Elche', 'short_title': 'ELC'}","{'h': '1', 'a': '0'}","{'h': '1.4351', 'a': '1.48138'}",2023-04-26 20:00:00,"{'w': '0.3467', 'd': '0.2689', 'l': '0.3844'}",2022
19269,True,"{'id': '145', 'title': 'Rayo Vallecano', 'short_title': 'RVL'}","{'id': '148', 'title': 'Barcelona', 'short_title': 'BAR'}","{'h': '2', 'a': '1'}","{'h': '0.862266', 'a': '1.00988'}",2023-04-26 20:00:00,"{'w': '0.2668', 'd': '0.3534', 'l': '0.3798'}",2022
19267,True,"{'id': '146', 'title': 'Valencia', 'short_title': 'VAL'}","{'id': '231', 'title': 'Real Valladolid', 'short_title': 'VAL'}","{'h': '2', 'a': '1'}","{'h': '0.900084', 'a': '0.993149'}",2023-04-27 17:30:00,"{'w': '0.291', 'd': '0.3293', 'l': '0.3797'}",2022
19270,True,"{'id': '154', 'title': 'Villarreal', 'short_title': 'VIL'}","{'id': '141', 'title': 'Espanyol', 'short_title': 'ESP'}","{'h': '4', 'a': '2'}","{'h': '4.94822', 'a': '1.12119'}",2023-04-27 17:30:00,"{'w': '0.962', 'd': '0.0295', 'l': '0.0085'}",2022
19262,True,"{'id': '147', 'title': 'Athletic Club', 'short_title': 'ATH'}","{'id': '138', 'title': 'Sevilla', 'short_title': 'SEV'}","{'h': '0', 'a': '1'}","{'h': '0.194682', 'a': '1.00143'}",2023-04-27 20:00:00,"{'w': '0.046', 'd': '0.2642', 'l': '0.6898'}",2022
19276,True,"{'id': '157', 'title': 'Osasuna', 'short_title': 'OSA'}","{'id': '140', 'title': 'Real Sociedad', 'short_title': 'SOC'}","{'h': '0', 'a': '2'}","{'h': '0.987164', 'a': '2.09575'}",2023-04-28 19:00:00,"{'w': '0.1242', 'd': '0.2059', 'l': '0.6699'}",2022
19273,True,"{'id': '207', 'title': 'Elche', 'short_title': 'ELC'}","{'id': '145', 'title': 'Rayo Vallecano', 'short_title': 'RVL'}","{'h': '4', 'a': '0'}","{'h': '3.37969', 'a': '0.565048'}",2023-04-29 14:15:00,"{'w': '0.9231', 'd': '0.059', 'l': '0.0179'}",2022
19280,True,"{'id': '150', 'title': 'Real Madrid', 'short_title': 'RMA'}","{'id': '208', 'title': 'Almeria', 'short_title': 'ALM'}","{'h': '4', 'a': '2'}","{'h': '3.20538', 'a': '1.375'}",2023-04-29 16:30:00,"{'w': '0.8188', 'd': '0.1282', 'l': '0.053'}",2022
19272,True,"{'id': '148', 'title': 'Barcelona', 'short_title': 'BAR'}","{'id': '153', 'title': 'Real Betis', 'short_title': 'BET'}","{'h': '4', 'a': '0'}","{'h': '3.0864', 'a': '0.231066'}",2023-04-29 19:00:00,"{'w': '0.9551', 'd': '0.0384', 'l': '0.0065'}",2022
19274,True,"{'id': '261', 'title': 'Cadiz', 'short_title': 'CAD'}","{'id': '146', 'title': 'Valencia', 'short_title': 'VAL'}","{'h': '2', 'a': '1'}","{'h': '2.16593', 'a': '1.05204'}",2023-04-30 12:00:00,"{'w': '0.722', 'd': '0.194', 'l': '0.084'}",2022
19279,True,"{'id': '154', 'title': 'Villarreal', 'short_title': 'VIL'}","{'id': '152', 'title': 'Celta Vigo', 'short_title': 'CEL'}","{'h': '3', 'a': '1'}","{'h': '2.36969', 'a': '0.746823'}",2023-04-30 14:15:00,"{'w': '0.8046', 'd': '0.1342', 'l': '0.0612'}",2022
19275,True,"{'id': '141', 'title': 'Espanyol', 'short_title': 'ESP'}","{'id': '142', 'title': 'Getafe', 'short_title': 'GET'}","{'h': '1', 'a': '0'}","{'h': '2.44417', 'a': '0.410072'}",2023-04-30 16:30:00,"{'w': '0.8766', 'd': '0.0995', 'l': '0.0239'}",2022
19278,True,"{'id': '231', 'title': 'Real Valladolid', 'short_title': 'VAL'}","{'id': '143', 'title': 'Atletico Madrid', 'short_title': 'ATL'}","{'h': '2', 'a': '5'}","{'h': '1.46642', 'a': '2.75586'}",2023-04-30 19:00:00,"{'w': '0.117', 'd': '0.1807', 'l': '0.7023'}",2022
19277,True,"{'id': '239', 'title': 'Mallorca', 'short_title': 'MAL'}","{'id': '147', 'title': 'Athletic Club', 'short_title': 'ATH'}","{'h': '1', 'a': '1'}","{'h': '1.2911', 'a': '1.3765'}",2023-05-01 17:00:00,"{'w': '0.3134', 'd': '0.3114', 'l': '0.3752'}",2022
19281,True,"{'id': '138', 'title': 'Sevilla', 'short_title': 'SEV'}","{'id': '223', 'title': 'Girona', 'short_title': 'GIR'}","{'h': '0', 'a': '2'}","{'h': '2.35198', 'a': '1.13007'}",2023-05-01 19:00:00,"{'w': '0.676', 'd': '0.1982', 'l': '0.1258'}",2022
19284,True,"{'id': '148', 'title': 'Barcelona', 'short_title': 'BAR'}","{'id': '157', 'title': 'Osasuna', 'short_title': 'OSA'}","{'h': '1', 'a': '0'}","{'h': '2.40046', 'a': '0.355588'}",2023-05-02 17:30:00,"{'w': '0.8686', 'd': '0.1057', 'l': '0.0257'}",2022
19288,True,"{'id': '208', 'title': 'Almeria', 'short_title': 'ALM'}","{'id': '207', 'title': 'Elche', 'short_title': 'ELC'}","{'h': '2', 'a': '1'}","{'h': '1.82539', 'a': '1.01416'}",2023-05-02 17:30:00,"{'w': '0.5998', 'd': '0.2289', 'l': '0.1713'}",2022
19285,True,"{'id': '140', 'title': 'Real Sociedad', 'short_title': 'SOC'}","{'id': '150', 'title': 'Real Madrid', 'short_title': 'RMA'}","{'h': '2', 'a': '0'}","{'h': '2.26252', 'a': '0.867228'}",2023-05-02 20:00:00,"{'w': '0.7765', 'd': '0.1727', 'l': '0.0508'}",2022
19286,True,"{'id': '146', 'title': 'Valencia', 'short_title': 'VAL'}","{'id': '154', 'title': 'Villarreal', 'short_title': 'VIL'}","{'h': '1', 'a': '1'}","{'h': '1.04163', 'a': '0.742844'}",2023-05-03 17:30:00,"{'w': '0.4419', 'd': '0.3182', 'l': '0.2399'}",2022
19283,True,"{'id': '143', 'title': 'Atletico Madrid', 'short_title': 'ATL'}","{'id': '261', 'title': 'Cadiz', 'short_title': 'CAD'}","{'h': '5', 'a': '1'}","{'h': '4.25954', 'a': '0.0260457'}",2023-05-03 20:00:00,"{'w': '0.9968', 'd': '0.003', 'l': '0.0002'}",2022
19290,True,"{'id': '142', 'title': 'Getafe', 'short_title': 'GET'}","{'id': '152', 'title': 'Celta Vigo', 'short_title': 'CEL'}","{'h': '1', 'a': '0'}","{'h': '2.8705', 'a': '0.219098'}",2023-05-03 20:00:00,"{'w': '0.9583', 'd': '0.0353', 'l': '0.0064'}",2022
19289,True,"{'id': '223', 'title': 'Girona', 'short_title': 'GIR'}","{'id': '239', 'title': 'Mallorca', 'short_title': 'MAL'}","{'h': '2', 'a': '1'}","{'h': '2.20534', 'a': '1.34254'}",2023-05-04 17:30:00,"{'w': '0.5975', 'd': '0.2379', 'l': '0.1646'}",2022
19291,True,"{'id': '138', 'title': 'Sevilla', 'short_title': 'SEV'}","{'id': '141', 'title': 'Espanyol', 'short_title': 'ESP'}","{'h': '3', 'a': '2'}","{'h': '2.902', 'a': '0.61847'}",2023-05-04 17:30:00,"{'w': '0.8989', 'd': '0.0792', 'l': '0.0219'}",2022
19282,True,"{'id': '147', 'title': 'Athletic Club', 'short_title': 'ATH'}","{'id': '153', 'title': 'Real Betis', 'short_title': 'BET'}","{'h': '0', 'a': '1'}","{'h': '1.01449', 'a': '0.753982'}",2023-05-04 20:00:00,"{'w': '0.4045', 'd': '0.3295', 'l': '0.266'}",2022
19287,True,"{'id': '145', 'title': 'Rayo Vallecano', 'short_title': 'RVL'}","{'id': '231', 'title': 'Real Valladolid', 'short_title': 'VAL'}","{'h': '2', 'a': '1'}","{'h': '1.57028', 'a': '0.571427'}",2023-05-04 20:00:00,"{'w': '0.648', 'd': '0.2391', 'l': '0.1129'}",2022
19301,True,"{'id': '239', 'title': 'Mallorca', 'short_title': 'MAL'}","{'id': '261', 'title': 'Cadiz', 'short_title': 'CAD'}","{'h': '1', 'a': '0'}","{'h': '1.6025', 'a': '0.611231'}",2023-05-12 19:00:00,"{'w': '0.6764', 'd': '0.2207', 'l': '0.1029'}",2022
19292,True,"{'id': '140', 'title': 'Real Sociedad', 'short_title': 'SOC'}","{'id': '223', 'title': 'Girona', 'short_title': 'GIR'}","{'h': '2', 'a': '2'}","{'h': '3.05494', 'a': '1.4691'}",2023-05-13 12:00:00,"{'w': '0.7499', 'd': '0.1537', 'l': '0.0964'}",2022
19293,True,"{'id': '157', 'title': 'Osasuna', 'short_title': 'OSA'}","{'id': '208', 'title': 'Almeria', 'short_title': 'ALM'}","{'h': '3', 'a': '1'}","{'h': '1.87424', 'a': '0.507884'}",2023-05-13 14:15:00,"{'w': '0.7288', 'd': '0.1958', 'l': '0.0754'}",2022
19297,True,"{'id': '154', 'title': 'Villarreal', 'short_title': 'VIL'}","{'id': '147', 'title': 'Athletic Club', 'short_title': 'ATH'}","{'h': '5', 'a': '1'}","{'h': '3.09272', 'a': '1.82199'}",2023-05-13 16:30:00,"{'w': '0.6824', 'd': '0.19', 'l': '0.1276'}",2022
19300,True,"{'id': '150', 'title': 'Real Madrid', 'short_title': 'RMA'}","{'id': '142', 'title': 'Getafe', 'short_title': 'GET'}","{'h': '1', 'a': '0'}","{'h': '0.879325', 'a': '0.586304'}",2023-05-13 19:00:00,"{'w': '0.4082', 'd': '0.3735', 'l': '0.2183'}",2022
19296,True,"{'id': '152', 'title': 'Celta Vigo', 'short_title': 'CEL'}","{'id': '146', 'title': 'Valencia', 'short_title': 'VAL'}","{'h': '1', 'a': '2'}","{'h': '1.216', 'a': '1.86638'}",2023-05-14 12:00:00,"{'w': '0.2136', 'd': '0.2579', 'l': '0.5285'}",2022
19298,True,"{'id': '207', 'title': 'Elche', 'short_title': 'ELC'}","{'id': '143', 'title': 'Atletico Madrid', 'short_title': 'ATL'}","{'h': '1', 'a': '0'}","{'h': '2.28487', 'a': '1.44785'}",2023-05-14 14:15:00,"{'w': '0.5897', 'd': '0.2174', 'l': '0.1929'}",2022
19294,True,"{'id': '231', 'title': 'Real Valladolid', 'short_title': 'VAL'}","{'id': '138', 'title': 'Sevilla', 'short_title': 'SEV'}","{'h': '0', 'a': '3'}","{'h': '2.01745', 'a': '3.05781'}",2023-05-14 16:30:00,"{'w': '0.1879', 'd': '0.1855', 'l': '0.6266'}",2022
19299,True,"{'id': '141', 'title': 'Espanyol', 'short_title': 'ESP'}","{'id': '148', 'title': 'Barcelona', 'short_title': 'BAR'}","{'h': '2', 'a': '4'}","{'h': '2.72734', 'a': '3.6498'}",2023-05-14 19:00:00,"{'w': '0.2282', 'd': '0.1818', 'l': '0.59'}",2022
19295,True,"{'id': '153', 'title': 'Real Betis', 'short_title': 'BET'}","{'id': '145', 'title': 'Rayo Vallecano', 'short_title': 'RVL'}","{'h': '3', 'a': '1'}","{'h': '2.69596', 'a': '1.71956'}",2023-05-15 19:00:00,"{'w': '0.6322', 'd': '0.2097', 'l': '0.1581'}",2022
19302,True,"{'id': '261', 'title': 'Cadiz', 'short_title': 'CAD'}","{'id': '231', 'title': 'Real Valladolid', 'short_title': 'VAL'}","{'h': '2', 'a': '0'}","{'h': '2.1319', 'a': '0.20683'}",2023-05-19 19:00:00,"{'w': '0.9174', 'd': '0.0726', 'l': '0.01'}",2022
19304,True,"{'id': '223', 'title': 'Girona', 'short_title': 'GIR'}","{'id': '154', 'title': 'Villarreal', 'short_title': 'VIL'}","{'h': '1', 'a': '2'}","{'h': '1.31674', 'a': '1.71579'}",2023-05-20 12:00:00,"{'w': '0.2157', 'd': '0.3129', 'l': '0.4714'}",2022
19309,True,"{'id': '147', 'title': 'Athletic Club', 'short_title': 'ATH'}","{'id': '152', 'title': 'Celta Vigo', 'short_title': 'CEL'}","{'h': '2', 'a': '1'}","{'h': '1.04201', 'a': '0.283064'}",2023-05-20 14:15:00,"{'w': '0.5906', 'd': '0.3256', 'l': '0.0838'}",2022
19303,True,"{'id': '208', 'title': 'Almeria', 'short_title': 'ALM'}","{'id': '239', 'title': 'Mallorca', 'short_title': 'MAL'}","{'h': '3', 'a': '0'}","{'h': '1.70726', 'a': '0.35959'}",2023-05-20 16:30:00,"{'w': '0.7758', 'd': '0.1718', 'l': '0.0524'}",2022
19306,True,"{'id': '142', 'title': 'Getafe', 'short_title': 'GET'}","{'id': '207', 'title': 'Elche', 'short_title': 'ELC'}","{'h': '1', 'a': '1'}","{'h': '1.58846', 'a': '1.34186'}",2023-05-20 16:30:00,"{'w': '0.4215', 'd': '0.2955', 'l': '0.283'}",2022
19310,True,"{'id': '148', 'title': 'Barcelona', 'short_title': 'BAR'}","{'id': '140', 'title': 'Real Sociedad', 'short_title': 'SOC'}","{'h': '1', 'a': '2'}","{'h': '1.8413', 'a': '2.8035'}",2023-05-20 19:00:00,"{'w': '0.1946', 'd': '0.2023', 'l': '0.6031'}",2022
19307,True,"{'id': '145', 'title': 'Rayo Vallecano', 'short_title': 'RVL'}","{'id': '141', 'title': 'Espanyol', 'short_title': 'ESP'}","{'h': '1', 'a': '2'}","{'h': '1.83113', 'a': '1.3061'}",2023-05-21 12:00:00,"{'w': '0.5135', 'd': '0.2753', 'l': '0.2112'}",2022
19311,True,"{'id': '143', 'title': 'Atletico Madrid', 'short_title': 'ATL'}","{'id': '157', 'title': 'Osasuna', 'short_title': 'OSA'}","{'h': '3', 'a': '0'}","{'h': '2.08773', 'a': '0.714505'}",2023-05-21 14:15:00,"{'w': '0.7336', 'd': '0.1805', 'l': '0.0859'}",2022
19308,True,"{'id': '146', 'title': 'Valencia', 'short_title': 'VAL'}","{'id': '150', 'title': 'Real Madrid', 'short_title': 'RMA'}","{'h': '1', 'a': '0'}","{'h': '1.49126', 'a': '2.08896'}",2023-05-21 16:30:00,"{'w': '0.2398', 'd': '0.2421', 'l': '0.5181'}",2022
19305,True,"{'id': '138', 'title': 'Sevilla', 'short_title': 'SEV'}","{'id': '153', 'title': 'Real Betis', 'short_title': 'BET'}","{'h': '0', 'a': '0'}","{'h': '1.51947', 'a': '0.114129'}",2023-05-21 19:00:00,"{'w': '0.7963', 'd': '0.1842', 'l': '0.0195'}",2022
19313,True,"{'id': '152', 'title': 'Celta Vigo', 'short_title': 'CEL'}","{'id': '223', 'title': 'Girona', 'short_title': 'GIR'}","{'h': '1', 'a': '1'}","{'h': '0.933339', 'a': '1.40034'}",2023-05-23 17:30:00,"{'w': '0.1989', 'd': '0.2908', 'l': '0.5103'}",2022
19321,True,"{'id': '140', 'title': 'Real Sociedad', 'short_title': 'SOC'}","{'id': '208', 'title': 'Almeria', 'short_title': 'ALM'}","{'h': '1', 'a': '0'}","{'h': '1.91983', 'a': '0.0996009'}",2023-05-23 17:30:00,"{'w': '0.886', 'd': '0.1042', 'l': '0.0098'}",2022
19318,True,"{'id': '231', 'title': 'Real Valladolid', 'short_title': 'VAL'}","{'id': '148', 'title': 'Barcelona', 'short_title': 'BAR'}","{'h': '3', 'a': '1'}","{'h': '2.20591', 'a': '1.72866'}",2023-05-23 20:00:00,"{'w': '0.5075', 'd': '0.232', 'l': '0.2605'}",2022
19314,True,"{'id': '207', 'title': 'Elche', 'short_title': 'ELC'}","{'id': '138', 'title': 'Sevilla', 'short_title': 'SEV'}","{'h': '1', 'a': '1'}","{'h': '1.35854', 'a': '0.889054'}",2023-05-24 17:30:00,"{'w': '0.4754', 'd': '0.2964', 'l': '0.2282'}",2022
19319,True,"{'id': '154', 'title': 'Villarreal', 'short_title': 'VIL'}","{'id': '261', 'title': 'Cadiz', 'short_title': 'CAD'}","{'h': '2', 'a': '0'}","{'h': '2.9741', 'a': '2.09634'}",2023-05-24 17:30:00,"{'w': '0.5851', 'd': '0.2053', 'l': '0.2096'}",2022
19320,True,"{'id': '150', 'title': 'Real Madrid', 'short_title': 'RMA'}","{'id': '145', 'title': 'Rayo Vallecano', 'short_title': 'RVL'}","{'h': '2', 'a': '1'}","{'h': '1.66281', 'a': '0.446413'}",2023-05-24 17:30:00,"{'w': '0.7539', 'd': '0.1857', 'l': '0.0604'}",2022
19312,True,"{'id': '153', 'title': 'Real Betis', 'short_title': 'BET'}","{'id': '142', 'title': 'Getafe', 'short_title': 'GET'}","{'h': '0', 'a': '1'}","{'h': '1.09282', 'a': '0.344449'}",2023-05-24 20:00:00,"{'w': '0.6032', 'd': '0.3078', 'l': '0.089'}",2022
19317,True,"{'id': '141', 'title': 'Espanyol', 'short_title': 'ESP'}","{'id': '143', 'title': 'Atletico Madrid', 'short_title': 'ATL'}","{'h': '3', 'a': '3'}","{'h': '3.03603', 'a': '2.76349'}",2023-05-24 20:00:00,"{'w': '0.4465', 'd': '0.209', 'l': '0.3445'}",2022
19315,True,"{'id': '239', 'title': 'Mallorca', 'short_title': 'MAL'}","{'id': '146', 'title': 'Valencia', 'short_title': 'VAL'}","{'h': '1', 'a': '0'}","{'h': '0.538476', 'a': '2.073'}",2023-05-25 17:30:00,"{'w': '0.0509', 'd': '0.1622', 'l': '0.7869'}",2022
19316,True,"{'id': '157', 'title': 'Osasuna', 'short_title': 'OSA'}","{'id': '147', 'title': 'Athletic Club', 'short_title': 'ATH'}","{'h': '2', 'a': '0'}","{'h': '0.906699', 'a': '0.534145'}",2023-05-25 19:30:00,"{'w': '0.454', 'd': '0.3609', 'l': '0.1851'}",2022
19331,True,"{'id': '138', 'title': 'Sevilla', 'short_title': 'SEV'}","{'id': '150', 'title': 'Real Madrid', 'short_title': 'RMA'}","{'h': '1', 'a': '2'}","{'h': '0.980153', 'a': '0.815661'}",2023-05-27 17:00:00,"{'w': '0.3653', 'd': '0.3555', 'l': '0.2792'}",2022
19322,True,"{'id': '147', 'title': 'Athletic Club', 'short_title': 'ATH'}","{'id': '207', 'title': 'Elche', 'short_title': 'ELC'}","{'h': '0', 'a': '1'}","{'h': '2.91389', 'a': '0.769369'}",2023-05-28 17:00:00,"{'w': '0.8757', 'd': '0.0982', 'l': '0.0261'}",2022
19323,True,"{'id': '143', 'title': 'Atletico Madrid', 'short_title': 'ATL'}","{'id': '140', 'title': 'Real Sociedad', 'short_title': 'SOC'}","{'h': '2', 'a': '1'}","{'h': '0.818599', 'a': '0.943774'}",2023-05-28 17:00:00,"{'w': '0.2878', 'd': '0.3441', 'l': '0.3681'}",2022
19324,True,"{'id': '148', 'title': 'Barcelona', 'short_title': 'BAR'}","{'id': '239', 'title': 'Mallorca', 'short_title': 'MAL'}","{'h': '3', 'a': '0'}","{'h': '4.40817', 'a': '0.124265'}",2023-05-28 17:00:00,"{'w': '0.993', 'd': '0.0063', 'l': '0.0007'}",2022
19325,True,"{'id': '142', 'title': 'Getafe', 'short_title': 'GET'}","{'id': '157', 'title': 'Osasuna', 'short_title': 'OSA'}","{'h': '2', 'a': '1'}","{'h': '2.7187', 'a': '0.432264'}",2023-05-28 17:00:00,"{'w': '0.9388', 'd': '0.0509', 'l': '0.0103'}",2022
19326,True,"{'id': '261', 'title': 'Cadiz', 'short_title': 'CAD'}","{'id': '152', 'title': 'Celta Vigo', 'short_title': 'CEL'}","{'h': '1', 'a': '0'}","{'h': '1.59827', 'a': '0.599427'}",2023-05-28 17:00:00,"{'w': '0.6588', 'd': '0.2339', 'l': '0.1073'}",2022
19327,True,"{'id': '145', 'title': 'Rayo Vallecano', 'short_title': 'RVL'}","{'id': '154', 'title': 'Villarreal', 'short_title': 'VIL'}","{'h': '2', 'a': '1'}","{'h': '1.16605', 'a': '0.622891'}",2023-05-28 17:00:00,"{'w': '0.49', 'd': '0.3229', 'l': '0.1871'}",2022
19328,True,"{'id': '208', 'title': 'Almeria', 'short_title': 'ALM'}","{'id': '231', 'title': 'Real Valladolid', 'short_title': 'VAL'}","{'h': '0', 'a': '0'}","{'h': '1.5528', 'a': '0.364363'}",2023-05-28 17:00:00,"{'w': '0.6888', 'd': '0.2352', 'l': '0.076'}",2022
19329,True,"{'id': '223', 'title': 'Girona', 'short_title': 'GIR'}","{'id': '153', 'title': 'Real Betis', 'short_title': 'BET'}","{'h': '1', 'a': '2'}","{'h': '1.63315', 'a': '2.32066'}",2023-05-28 17:00:00,"{'w': '0.233', 'd': '0.2314', 'l': '0.5356'}",2022
19330,True,"{'id': '146', 'title': 'Valencia', 'short_title': 'VAL'}","{'id': '141', 'title': 'Espanyol', 'short_title': 'ESP'}","{'h': '2', 'a': '2'}","{'h': '2.5327', 'a': '1.78056'}",2023-05-28 17:00:00,"{'w': '0.5569', 'd': '0.2652', 'l': '0.1779'}",2022
19332,True,"{'id': '150', 'title': 'Real Madrid', 'short_title': 'RMA'}","{'id': '147', 'title': 'Athletic Club', 'short_title': 'ATH'}","{'h': '1', 'a': '1'}","{'h': '1.72224', 'a': '2.17987'}",2023-06-04 18:00:00,"{'w': '0.2341', 'd': '0.2821', 'l': '0.4838'}",2022
19333,True,"{'id': '154', 'title': 'Villarreal', 'short_title': 'VIL'}","{'id': '143', 'title': 'Atletico Madrid', 'short_title': 'ATL'}","{'h': '2', 'a': '2'}","{'h': '2.06391', 'a': '1.16068'}",2023-06-04 18:00:00,"{'w': '0.5985', 'd': '0.2308', 'l': '0.1707'}",2022
19334,True,"{'id': '152', 'title': 'Celta Vigo', 'short_title': 'CEL'}","{'id': '148', 'title': 'Barcelona', 'short_title': 'BAR'}","{'h': '2', 'a': '1'}","{'h': '0.565601', 'a': '1.41678'}",2023-06-04 18:00:00,"{'w': '0.1173', 'd': '0.2554', 'l': '0.6273'}",2022
19335,True,"{'id': '231', 'title': 'Real Valladolid', 'short_title': 'VAL'}","{'id': '142', 'title': 'Getafe', 'short_title': 'GET'}","{'h': '0', 'a': '0'}","{'h': '0.686831', 'a': '0.27917'}",2023-06-04 18:00:00,"{'w': '0.4102', 'd': '0.4565', 'l': '0.1333'}",2022
19336,True,"{'id': '207', 'title': 'Elche', 'short_title': 'ELC'}","{'id': '261', 'title': 'Cadiz', 'short_title': 'CAD'}","{'h': '1', 'a': '1'}","{'h': '1.534', 'a': '2.22255'}",2023-06-04 18:00:00,"{'w': '0.2125', 'd': '0.2382', 'l': '0.5493'}",2022
19337,True,"{'id': '141', 'title': 'Espanyol', 'short_title': 'ESP'}","{'id': '208', 'title': 'Almeria', 'short_title': 'ALM'}","{'h': '3', 'a': '3'}","{'h': '0.500084', 'a': '2.03499'}",2023-06-04 18:00:00,"{'w': '0.0434', 'd': '0.1427', 'l': '0.8139'}",2022
19338,True,"{'id': '157', 'title': 'Osasuna', 'short_title': 'OSA'}","{'id': '223', 'title': 'Girona', 'short_title': 'GIR'}","{'h': '2', 'a': '1'}","{'h': '1.91718', 'a': '0.822488'}",2023-06-04 18:00:00,"{'w': '0.6839', 'd': '0.2115', 'l': '0.1046'}",2022
19339,True,"{'id': '153', 'title': 'Real Betis', 'short_title': 'BET'}","{'id': '146', 'title': 'Valencia', 'short_title': 'VAL'}","{'h': '1', 'a': '1'}","{'h': '0.677919', 'a': '0.845969'}",2023-06-04 18:00:00,"{'w': '0.2519', 'd': '0.3738', 'l': '0.3743'}",2022
19340,True,"{'id': '239', 'title': 'Mallorca', 'short_title': 'MAL'}","{'id': '145', 'title': 'Rayo Vallecano', 'short_title': 'RVL'}","{'h': '3', 'a': '0'}","{'h': '2.25123', 'a': '1.04004'}",2023-06-04 18:00:00,"{'w': '0.6954', 'd': '0.1901', 'l': '0.1145'}",2022
19341,True,"{'id': '140', 'title': 'Real Sociedad', 'short_title': 'SOC'}","{'id': '138', 'title': 'Sevilla', 'short_title': 'SEV'}","{'h': '2', 'a': '1'}","{'h': '2.35387', 'a': '0.461529'}",2023-06-04 18:00:00,"{'w': '0.8448', 'd': '0.119', 'l': '0.0362'}",2022
22685,True,"{'id': '208', 'title': 'Almeria', 'short_title': 'ALM'}","{'id': '145', 'title': 'Rayo Vallecano', 'short_title': 'RVL'}","{'h': '0', 'a': '2'}","{'h': '1.1196', 'a': '2.09532'}",2023-08-11 17:30:00,"{'w': '0.134', 'd': '0.2115', 'l': '0.6545'}",2023
22686,True,"{'id': '138', 'title': 'Sevilla', 'short_title': 'SEV'}","{'id': '146', 'title': 'Valencia', 'short_title': 'VAL'}","{'h': '1', 'a': '2'}","{'h': '0.714148', 'a': '1.06796'}",2023-08-11 19:30:00,"{'w': '0.2261', 'd': '0.3411', 'l': '0.4328'}",2023
22687,True,"{'id': '140', 'title': 'Real Sociedad', 'short_title': 'SOC'}","{'id': '223', 'title': 'Girona', 'short_title': 'GIR'}","{'h': '1', 'a': '1'}","{'h': '1.46019', 'a': '1.27791'}",2023-08-12 15:00:00,"{'w': '0.394', 'd': '0.3022', 'l': '0.3038'}",2023
22688,True,"{'id': '144', 'title': 'Las Palmas', 'short_title': 'LPL'}","{'id': '239', 'title': 'Mallorca', 'short_title': 'MAL'}","{'h': '1', 'a': '1'}","{'h': '0.871699', 'a': '1.49411'}",2023-08-12 17:30:00,"{'w': '0.0939', 'd': '0.3946', 'l': '0.5115'}",2023
22689,True,"{'id': '147', 'title': 'Athletic Club', 'short_title': 'ATH'}","{'id': '150', 'title': 'Real Madrid', 'short_title': 'RMA'}","{'h': '0', 'a': '2'}","{'h': '0.700577', 'a': '1.33266'}",2023-08-12 19:30:00,"{'w': '0.1752', 'd': '0.2983', 'l': '0.5265'}",2023
22690,True,"{'id': '152', 'title': 'Celta Vigo', 'short_title': 'CEL'}","{'id': '157', 'title': 'Osasuna', 'short_title': 'OSA'}","{'h': '0', 'a': '2'}","{'h': '0.783184', 'a': '0.964645'}",2023-08-13 15:00:00,"{'w': '0.2585', 'd': '0.3429', 'l': '0.3986'}",2023
22691,True,"{'id': '154', 'title': 'Villarreal', 'short_title': 'VIL'}","{'id': '153', 'title': 'Real Betis', 'short_title': 'BET'}","{'h': '1', 'a': '2'}","{'h': '0.737812', 'a': '0.969349'}",2023-08-13 17:30:00,"{'w': '0.2596', 'd': '0.3394', 'l': '0.401'}",2023
22692,True,"{'id': '142', 'title': 'Getafe', 'short_title': 'GET'}","{'id': '148', 'title': 'Barcelona', 'short_title': 'BAR'}","{'h': '0', 'a': '0'}","{'h': '0.804505', 'a': '1.67817'}",2023-08-13 19:30:00,"{'w': '0.1521', 'd': '0.2422', 'l': '0.6057'}",2023
22693,True,"{'id': '261', 'title': 'Cadiz', 'short_title': 'CAD'}","{'id': '158', 'title': 'Alaves', 'short_title': 'ALA'}","{'h': '1', 'a': '0'}","{'h': '0.822358', 'a': '0.227442'}",2023-08-14 17:30:00,"{'w': '0.498', 'd': '0.4061', 'l': '0.0959'}",2023
22694,True,"{'id': '143', 'title': 'Atletico Madrid', 'short_title': 'ATL'}","{'id': '155', 'title': 'Granada', 'short_title': 'GRA'}","{'h': '3', 'a': '1'}","{'h': '3.01246', 'a': '1.13452'}",2023-08-14 19:30:00,"{'w': '0.8214', 'd': '0.1248', 'l': '0.0538'}",2023
22695,True,"{'id': '239', 'title': 'Mallorca', 'short_title': 'MAL'}","{'id': '154', 'title': 'Villarreal', 'short_title': 'VIL'}","{'h': '0', 'a': '1'}","{'h': '0.370077', 'a': '2.12458'}",2023-08-18 17:30:00,"{'w': '0.0191', 'd': '0.1028', 'l': '0.8781'}",2023
22696,True,"{'id': '146', 'title': 'Valencia', 'short_title': 'VAL'}","{'id': '144', 'title': 'Las Palmas', 'short_title': 'LPL'}","{'h': '1', 'a': '0'}","{'h': '1.50324', 'a': '0.741978'}",2023-08-18 19:30:00,"{'w': '0.5966', 'd': '0.2746', 'l': '0.1288'}",2023
22697,True,"{'id': '140', 'title': 'Real Sociedad', 'short_title': 'SOC'}","{'id': '152', 'title': 'Celta Vigo', 'short_title': 'CEL'}","{'h': '1', 'a': '1'}","{'h': '0.917678', 'a': '1.77937'}",2023-08-19 15:00:00,"{'w': '0.1425', 'd': '0.2399', 'l': '0.6176'}",2023
22698,True,"{'id': '208', 'title': 'Almeria', 'short_title': 'ALM'}","{'id': '150', 'title': 'Real Madrid', 'short_title': 'RMA'}","{'h': '1', 'a': '3'}","{'h': '1.81328', 'a': '2.8802'}",2023-08-19 17:30:00,"{'w': '0.1897', 'd': '0.1959', 'l': '0.6144'}",2023
22699,True,"{'id': '157', 'title': 'Osasuna', 'short_title': 'OSA'}","{'id': '147', 'title': 'Athletic Club', 'short_title': 'ATH'}","{'h': '0', 'a': '2'}","{'h': '1.33582', 'a': '1.88906'}",2023-08-19 19:30:00,"{'w': '0.2166', 'd': '0.2465', 'l': '0.5369'}",2023
22700,True,"{'id': '223', 'title': 'Girona', 'short_title': 'GIR'}","{'id': '142', 'title': 'Getafe', 'short_title': 'GET'}","{'h': '3', 'a': '0'}","{'h': '1.86612', 'a': '0.754861'}",2023-08-20 15:30:00,"{'w': '0.6836', 'd': '0.2141', 'l': '0.1023'}",2023
22701,True,"{'id': '148', 'title': 'Barcelona', 'short_title': 'BAR'}","{'id': '261', 'title': 'Cadiz', 'short_title': 'CAD'}","{'h': '2', 'a': '0'}","{'h': '3.42524', 'a': '1.11132'}",2023-08-20 17:30:00,"{'w': '0.8494', 'd': '0.1008', 'l': '0.0498'}",2023
22702,True,"{'id': '153', 'title': 'Real Betis', 'short_title': 'BET'}","{'id': '143', 'title': 'Atletico Madrid', 'short_title': 'ATL'}","{'h': '0', 'a': '0'}","{'h': '1.02642', 'a': '0.34492'}",2023-08-20 19:30:00,"{'w': '0.5531', 'd': '0.3328', 'l': '0.1141'}",2023
22703,True,"{'id': '158', 'title': 'Alaves', 'short_title': 'ALA'}","{'id': '138', 'title': 'Sevilla', 'short_title': 'SEV'}","{'h': '4', 'a': '3'}","{'h': '2.17962', 'a': '0.958638'}",2023-08-21 17:00:00,"{'w': '0.6938', 'd': '0.2004', 'l': '0.1058'}",2023
22704,True,"{'id': '155', 'title': 'Granada', 'short_title': 'GRA'}","{'id': '145', 'title': 'Rayo Vallecano', 'short_title': 'RVL'}","{'h': '0', 'a': '2'}","{'h': '0.837141', 'a': '2.7851'}",2023-08-21 19:30:00,"{'w': '0.0462', 'd': '0.1182', 'l': '0.8356'}",2023
22705,True,"{'id': '144', 'title': 'Las Palmas', 'short_title': 'LPL'}","{'id': '140', 'title': 'Real Sociedad', 'short_title': 'SOC'}","{'h': '0', 'a': '0'}","{'h': '1.56933', 'a': '1.11751'}",2023-08-25 17:30:00,"{'w': '0.4894', 'd': '0.2798', 'l': '0.2308'}",2023
22712,True,"{'id': '152', 'title': 'Celta Vigo', 'short_title': 'CEL'}","{'id': '150', 'title': 'Real Madrid', 'short_title': 'RMA'}","{'h': '0', 'a': '1'}","{'h': '1.17827', 'a': '1.6167'}",2023-08-25 19:30:00,"{'w': '0.2391', 'd': '0.2663', 'l': '0.4946'}",2023
22707,True,"{'id': '261', 'title': 'Cadiz', 'short_title': 'CAD'}","{'id': '208', 'title': 'Almeria', 'short_title': 'ALM'}","{'h': '1', 'a': '1'}","{'h': '1.56203', 'a': '0.271622'}",2023-08-26 17:00:00,"{'w': '0.8438', 'd': '0.1368', 'l': '0.0194'}",2023
22708,True,"{'id': '155', 'title': 'Granada', 'short_title': 'GRA'}","{'id': '239', 'title': 'Mallorca', 'short_title': 'MAL'}","{'h': '3', 'a': '2'}","{'h': '1.81377', 'a': '2.50232'}",2023-08-26 17:30:00,"{'w': '0.2144', 'd': '0.2362', 'l': '0.5494'}",2023
22709,True,"{'id': '138', 'title': 'Sevilla', 'short_title': 'SEV'}","{'id': '223', 'title': 'Girona', 'short_title': 'GIR'}","{'h': '1', 'a': '2'}","{'h': '1.93643', 'a': '1.07498'}",2023-08-26 19:30:00,"{'w': '0.5845', 'd': '0.2571', 'l': '0.1584'}",2023
22710,True,"{'id': '154', 'title': 'Villarreal', 'short_title': 'VIL'}","{'id': '148', 'title': 'Barcelona', 'short_title': 'BAR'}","{'h': '3', 'a': '4'}","{'h': '1.87195', 'a': '2.95807'}",2023-08-27 15:30:00,"{'w': '0.1789', 'd': '0.1943', 'l': '0.6268'}",2023
22711,True,"{'id': '146', 'title': 'Valencia', 'short_title': 'VAL'}","{'id': '157', 'title': 'Osasuna', 'short_title': 'OSA'}","{'h': '1', 'a': '2'}","{'h': '1.87647', 'a': '1.45939'}",2023-08-27 17:30:00,"{'w': '0.4608', 'd': '0.2716', 'l': '0.2676'}",2023
22706,True,"{'id': '147', 'title': 'Athletic Club', 'short_title': 'ATH'}","{'id': '153', 'title': 'Real Betis', 'short_title': 'BET'}","{'h': '4', 'a': '2'}","{'h': '2.86727', 'a': '0.346198'}",2023-08-27 19:30:00,"{'w': '0.9496', 'd': '0.0424', 'l': '0.008'}",2023
22713,True,"{'id': '142', 'title': 'Getafe', 'short_title': 'GET'}","{'id': '158', 'title': 'Alaves', 'short_title': 'ALA'}","{'h': '1', 'a': '0'}","{'h': '2.67029', 'a': '0.860623'}",2023-08-28 17:30:00,"{'w': '0.8182', 'd': '0.1262', 'l': '0.0556'}",2023
22714,True,"{'id': '145', 'title': 'Rayo Vallecano', 'short_title': 'RVL'}","{'id': '143', 'title': 'Atletico Madrid', 'short_title': 'ATL'}","{'h': '0', 'a': '7'}","{'h': '0.542939', 'a': '3.29424'}",2023-08-28 19:30:00,"{'w': '0.0161', 'd': '0.0563', 'l': '0.9276'}",2023
22718,True,"{'id': '261', 'title': 'Cadiz', 'short_title': 'CAD'}","{'id': '154', 'title': 'Villarreal', 'short_title': 'VIL'}","{'h': '3', 'a': '1'}","{'h': '1.97214', 'a': '0.494033'}",2023-09-01 17:30:00,"{'w': '0.8055', 'd': '0.1537', 'l': '0.0408'}",2023
22715,True,"{'id': '208', 'title': 'Almeria', 'short_title': 'ALM'}","{'id': '152', 'title': 'Celta Vigo', 'short_title': 'CEL'}","{'h': '2', 'a': '3'}","{'h': '3.16421', 'a': '1.96028'}",2023-09-01 20:00:00,"{'w': '0.6643', 'd': '0.1746', 'l': '0.1611'}",2023
22724,True,"{'id': '140', 'title': 'Real Sociedad', 'short_title': 'SOC'}","{'id': '155', 'title': 'Granada', 'short_title': 'GRA'}","{'h': '5', 'a': '3'}","{'h': '2.08686', 'a': '0.549509'}",2023-09-02 12:00:00,"{'w': '0.7869', 'd': '0.1536', 'l': '0.0595'}",2023
22723,True,"{'id': '150', 'title': 'Real Madrid', 'short_title': 'RMA'}","{'id': '142', 'title': 'Getafe', 'short_title': 'GET'}","{'h': '2', 'a': '1'}","{'h': '2.64665', 'a': '0.893748'}",2023-09-02 14:15:00,"{'w': '0.7947', 'd': '0.1484', 'l': '0.0569'}",2023
22720,True,"{'id': '158', 'title': 'Alaves', 'short_title': 'ALA'}","{'id': '146', 'title': 'Valencia', 'short_title': 'VAL'}","{'h': '1', 'a': '0'}","{'h': '1.90475', 'a': '0.715753'}",2023-09-02 16:30:00,"{'w': '0.7332', 'd': '0.1949', 'l': '0.0719'}",2023
22717,True,"{'id': '153', 'title': 'Real Betis', 'short_title': 'BET'}","{'id': '145', 'title': 'Rayo Vallecano', 'short_title': 'RVL'}","{'h': '1', 'a': '0'}","{'h': '0.91924', 'a': '1.53554'}",2023-09-02 19:00:00,"{'w': '0.196', 'd': '0.2679', 'l': '0.5361'}",2023
22719,True,"{'id': '223', 'title': 'Girona', 'short_title': 'GIR'}","{'id': '144', 'title': 'Las Palmas', 'short_title': 'LPL'}","{'h': '1', 'a': '0'}","{'h': '1.42397', 'a': '1.18696'}",2023-09-03 12:00:00,"{'w': '0.4102', 'd': '0.3082', 'l': '0.2816'}",2023
22721,True,"{'id': '239', 'title': 'Mallorca', 'short_title': 'MAL'}","{'id': '147', 'title': 'Athletic Club', 'short_title': 'ATH'}","{'h': '0', 'a': '0'}","{'h': '0.403052', 'a': '0.645541'}",2023-09-03 14:15:00,"{'w': '0.1992', 'd': '0.4407', 'l': '0.3601'}",2023
22722,True,"{'id': '157', 'title': 'Osasuna', 'short_title': 'OSA'}","{'id': '148', 'title': 'Barcelona', 'short_title': 'BAR'}","{'h': '1', 'a': '2'}","{'h': '0.801843', 'a': '1.77255'}",2023-09-03 19:00:00,"{'w': '0.1036', 'd': '0.2246', 'l': '0.6718'}",2023
22734,True,"{'id': '145', 'title': 'Rayo Vallecano', 'short_title': 'RVL'}","{'id': '158', 'title': 'Alaves', 'short_title': 'ALA'}","{'h': '2', 'a': '0'}","{'h': '2.64605', 'a': '0.556231'}",2023-09-15 19:00:00,"{'w': '0.8732', 'd': '0.0969', 'l': '0.0299'}",2023
22725,True,"{'id': '147', 'title': 'Athletic Club', 'short_title': 'ATH'}","{'id': '261', 'title': 'Cadiz', 'short_title': 'CAD'}","{'h': '3', 'a': '0'}","{'h': '4.05837', 'a': '0.238836'}",2023-09-16 12:00:00,"{'w': '0.9863', 'd': '0.012', 'l': '0.0017'}",2023
22731,True,"{'id': '146', 'title': 'Valencia', 'short_title': 'VAL'}","{'id': '143', 'title': 'Atletico Madrid', 'short_title': 'ATL'}","{'h': '3', 'a': '0'}","{'h': '2.22142', 'a': '0.564083'}",2023-09-16 14:15:00,"{'w': '0.827', 'd': '0.1301', 'l': '0.0429'}",2023
22727,True,"{'id': '152', 'title': 'Celta Vigo', 'short_title': 'CEL'}","{'id': '239', 'title': 'Mallorca', 'short_title': 'MAL'}","{'h': '0', 'a': '1'}","{'h': '2.06489', 'a': '0.853213'}",2023-09-16 16:30:00,"{'w': '0.6936', 'd': '0.2094', 'l': '0.097'}",2023
22726,True,"{'id': '148', 'title': 'Barcelona', 'short_title': 'BAR'}","{'id': '153', 'title': 'Real Betis', 'short_title': 'BET'}","{'h': '5', 'a': '0'}","{'h': '2.54628', 'a': '0.852869'}",2023-09-16 19:00:00,"{'w': '0.785', 'd': '0.1428', 'l': '0.0722'}",2023
22728,True,"{'id': '142', 'title': 'Getafe', 'short_title': 'GET'}","{'id': '157', 'title': 'Osasuna', 'short_title': 'OSA'}","{'h': '3', 'a': '2'}","{'h': '0.736469', 'a': '1.29606'}",2023-09-17 12:00:00,"{'w': '0.1645', 'd': '0.2944', 'l': '0.5411'}",2023
22730,True,"{'id': '154', 'title': 'Villarreal', 'short_title': 'VIL'}","{'id': '208', 'title': 'Almeria', 'short_title': 'ALM'}","{'h': '2', 'a': '1'}","{'h': '1.43205', 'a': '1.76794'}",2023-09-17 14:15:00,"{'w': '0.2854', 'd': '0.2565', 'l': '0.4581'}",2023
22733,True,"{'id': '138', 'title': 'Sevilla', 'short_title': 'SEV'}","{'id': '144', 'title': 'Las Palmas', 'short_title': 'LPL'}","{'h': '1', 'a': '0'}","{'h': '2.43059', 'a': '1.03513'}",2023-09-17 16:30:00,"{'w': '0.7139', 'd': '0.1803', 'l': '0.1058'}",2023
22729,True,"{'id': '150', 'title': 'Real Madrid', 'short_title': 'RMA'}","{'id': '140', 'title': 'Real Sociedad', 'short_title': 'SOC'}","{'h': '2', 'a': '1'}","{'h': '2.56902', 'a': '2.1546'}",2023-09-17 19:00:00,"{'w': '0.4871', 'd': '0.2235', 'l': '0.2894'}",2023
22732,True,"{'id': '155', 'title': 'Granada', 'short_title': 'GRA'}","{'id': '223', 'title': 'Girona', 'short_title': 'GIR'}","{'h': '2', 'a': '4'}","{'h': '1.97263', 'a': '2.1418'}",2023-09-18 19:00:00,"{'w': '0.3135', 'd': '0.2797', 'l': '0.4068'}",2023
22742,True,"{'id': '158', 'title': 'Alaves', 'short_title': 'ALA'}","{'id': '147', 'title': 'Athletic Club', 'short_title': 'ATH'}","{'h': '0', 'a': '2'}","{'h': '1.97317', 'a': '1.77623'}",2023-09-22 19:00:00,"{'w': '0.429', 'd': '0.2456', 'l': '0.3254'}",2023
22739,True,"{'id': '223', 'title': 'Girona', 'short_title': 'GIR'}","{'id': '239', 'title': 'Mallorca', 'short_title': 'MAL'}","{'h': '5', 'a': '3'}","{'h': '4.19225', 'a': '2.42602'}",2023-09-23 12:00:00,"{'w': '0.7418', 'd': '0.1465', 'l': '0.1117'}",2023
22740,True,"{'id': '157', 'title': 'Osasuna', 'short_title': 'OSA'}","{'id': '138', 'title': 'Sevilla', 'short_title': 'SEV'}","{'h': '0', 'a': '0'}","{'h': '1.57361', 'a': '0.693906'}",2023-09-23 14:15:00,"{'w': '0.6193', 'd': '0.2438', 'l': '0.1369'}",2023
22737,True,"{'id': '148', 'title': 'Barcelona', 'short_title': 'BAR'}","{'id': '152', 'title': 'Celta Vigo', 'short_title': 'CEL'}","{'h': '3', 'a': '2'}","{'h': '1.82246', 'a': '1.67938'}",2023-09-23 16:30:00,"{'w': '0.4158', 'd': '0.2573', 'l': '0.3269'}",2023
22735,True,"{'id': '208', 'title': 'Almeria', 'short_title': 'ALM'}","{'id': '146', 'title': 'Valencia', 'short_title': 'VAL'}","{'h': '2', 'a': '2'}","{'h': '2.46387', 'a': '0.995742'}",2023-09-23 19:00:00,"{'w': '0.7642', 'd': '0.1723', 'l': '0.0635'}",2023
22743,True,"{'id': '140', 'title': 'Real Sociedad', 'short_title': 'SOC'}","{'id': '142', 'title': 'Getafe', 'short_title': 'GET'}","{'h': '4', 'a': '3'}","{'h': '2.13384', 'a': '1.59398'}",2023-09-24 12:00:00,"{'w': '0.4974', 'd': '0.2765', 'l': '0.2261'}",2023
22741,True,"{'id': '145', 'title': 'Rayo Vallecano', 'short_title': 'RVL'}","{'id': '154', 'title': 'Villarreal', 'short_title': 'VIL'}","{'h': '1', 'a': '1'}","{'h': '1.0345', 'a': '1.0365'}",2023-09-24 14:15:00,"{'w': '0.3428', 'd': '0.3188', 'l': '0.3384'}",2023
22738,True,"{'id': '153', 'title': 'Real Betis', 'short_title': 'BET'}","{'id': '261', 'title': 'Cadiz', 'short_title': 'CAD'}","{'h': '1', 'a': '1'}","{'h': '2.70742', 'a': '0.570946'}",2023-09-24 16:30:00,"{'w': '0.8593', 'd': '0.107', 'l': '0.0337'}",2023
22744,True,"{'id': '144', 'title': 'Las Palmas', 'short_title': 'LPL'}","{'id': '155', 'title': 'Granada', 'short_title': 'GRA'}","{'h': '1', 'a': '0'}","{'h': '0.701293', 'a': '0.0378648'}",2023-09-24 16:30:00,"{'w': '0.5347', 'd': '0.4485', 'l': '0.0168'}",2023
22736,True,"{'id': '143', 'title': 'Atletico Madrid', 'short_title': 'ATL'}","{'id': '150', 'title': 'Real Madrid', 'short_title': 'RMA'}","{'h': '3', 'a': '1'}","{'h': '1.79578', 'a': '0.847915'}",2023-09-24 19:00:00,"{'w': '0.6321', 'd': '0.2265', 'l': '0.1414'}",2023
22747,True,"{'id': '138', 'title': 'Sevilla', 'short_title': 'SEV'}","{'id': '208', 'title': 'Almeria', 'short_title': 'ALM'}","{'h': '5', 'a': '1'}","{'h': '2.90509', 'a': '1.37069'}",2023-09-26 17:00:00,"{'w': '0.732', 'd': '0.1651', 'l': '0.1029'}",2023
22749,True,"{'id': '239', 'title': 'Mallorca', 'short_title': 'MAL'}","{'id': '148', 'title': 'Barcelona', 'short_title': 'BAR'}","{'h': '2', 'a': '2'}","{'h': '1.21366', 'a': '1.62815'}",2023-09-26 19:30:00,"{'w': '0.251', 'd': '0.2782', 'l': '0.4708'}",2023
22745,True,"{'id': '147', 'title': 'Athletic Club', 'short_title': 'ATH'}","{'id': '142', 'title': 'Getafe', 'short_title': 'GET'}","{'h': '2', 'a': '2'}","{'h': '0.60877', 'a': '1.30782'}",2023-09-27 17:00:00,"{'w': '0.1485', 'd': '0.2884', 'l': '0.5631'}",2023
22751,True,"{'id': '154', 'title': 'Villarreal', 'short_title': 'VIL'}","{'id': '223', 'title': 'Girona', 'short_title': 'GIR'}","{'h': '1', 'a': '2'}","{'h': '1.89071', 'a': '2.29941'}",2023-09-27 17:00:00,"{'w': '0.2944', 'd': '0.2453', 'l': '0.4603'}",2023
22753,True,"{'id': '150', 'title': 'Real Madrid', 'short_title': 'RMA'}","{'id': '144', 'title': 'Las Palmas', 'short_title': 'LPL'}","{'h': '2', 'a': '0'}","{'h': '2.71542', 'a': '0.618032'}",2023-09-27 17:00:00,"{'w': '0.857', 'd': '0.0978', 'l': '0.0452'}",2023
22746,True,"{'id': '261', 'title': 'Cadiz', 'short_title': 'CAD'}","{'id': '145', 'title': 'Rayo Vallecano', 'short_title': 'RVL'}","{'h': '0', 'a': '0'}","{'h': '0.35761', 'a': '0.258447'}",2023-09-27 19:30:00,"{'w': '0.2453', 'd': '0.5812', 'l': '0.1735'}",2023
22752,True,"{'id': '146', 'title': 'Valencia', 'short_title': 'VAL'}","{'id': '140', 'title': 'Real Sociedad', 'short_title': 'SOC'}","{'h': '0', 'a': '1'}","{'h': '0.356756', 'a': '0.29355'}",2023-09-27 19:30:00,"{'w': '0.2243', 'd': '0.5722', 'l': '0.2035'}",2023
22750,True,"{'id': '155', 'title': 'Granada', 'short_title': 'GRA'}","{'id': '153', 'title': 'Real Betis', 'short_title': 'BET'}","{'h': '1', 'a': '1'}","{'h': '1.55108', 'a': '0.870668'}",2023-09-28 17:00:00,"{'w': '0.5424', 'd': '0.277', 'l': '0.1806'}",2023
22754,True,"{'id': '152', 'title': 'Celta Vigo', 'short_title': 'CEL'}","{'id': '158', 'title': 'Alaves', 'short_title': 'ALA'}","{'h': '1', 'a': '1'}","{'h': '0.497466', 'a': '2.39712'}",2023-09-28 17:00:00,"{'w': '0.0393', 'd': '0.1154', 'l': '0.8453'}",2023
22748,True,"{'id': '157', 'title': 'Osasuna', 'short_title': 'OSA'}","{'id': '143', 'title': 'Atletico Madrid', 'short_title': 'ATL'}","{'h': '0', 'a': '2'}","{'h': '0.759357', 'a': '1.22827'}",2023-09-28 19:30:00,"{'w': '0.1837', 'd': '0.2996', 'l': '0.5167'}",2023
22757,True,"{'id': '148', 'title': 'Barcelona', 'short_title': 'BAR'}","{'id': '138', 'title': 'Sevilla', 'short_title': 'SEV'}","{'h': '1', 'a': '0'}","{'h': '2.5598', 'a': '1.07557'}",2023-09-29 19:00:00,"{'w': '0.7342', 'd': '0.1636', 'l': '0.1022'}",2023
22759,True,"{'id': '142', 'title': 'Getafe', 'short_title': 'GET'}","{'id': '154', 'title': 'Villarreal', 'short_title': 'VIL'}","{'h': '0', 'a': '0'}","{'h': '0.768368', 'a': '0.112227'}",2023-09-30 12:00:00,"{'w': '0.5089', 'd': '0.4436', 'l': '0.0475'}",2023
22764,True,"{'id': '145', 'title': 'Rayo Vallecano', 'short_title': 'RVL'}","{'id': '239', 'title': 'Mallorca', 'short_title': 'MAL'}","{'h': '2', 'a': '2'}","{'h': '1.78616', 'a': '1.33689'}",2023-09-30 14:15:00,"{'w': '0.4786', 'd': '0.2808', 'l': '0.2406'}",2023
22760,True,"{'id': '223', 'title': 'Girona', 'short_title': 'GIR'}","{'id': '150', 'title': 'Real Madrid', 'short_title': 'RMA'}","{'h': '0', 'a': '3'}","{'h': '2.17781', 'a': '2.78602'}",2023-09-30 16:30:00,"{'w': '0.244', 'd': '0.2326', 'l': '0.5234'}",2023
22762,True,"{'id': '140', 'title': 'Real Sociedad', 'short_title': 'SOC'}","{'id': '147', 'title': 'Athletic Club', 'short_title': 'ATH'}","{'h': '3', 'a': '0'}","{'h': '1.38238', 'a': '1.96039'}",2023-09-30 19:00:00,"{'w': '0.2216', 'd': '0.2612', 'l': '0.5172'}",2023
22755,True,"{'id': '208', 'title': 'Almeria', 'short_title': 'ALM'}","{'id': '155', 'title': 'Granada', 'short_title': 'GRA'}","{'h': '3', 'a': '3'}","{'h': '2.24188', 'a': '3.51421'}",2023-10-01 12:00:00,"{'w': '0.1415', 'd': '0.1682', 'l': '0.6903'}",2023
22761,True,"{'id': '158', 'title': 'Alaves', 'short_title': 'ALA'}","{'id': '157', 'title': 'Osasuna', 'short_title': 'OSA'}","{'h': '0', 'a': '2'}","{'h': '1.5824', 'a': '1.26744'}",2023-10-01 14:15:00,"{'w': '0.4488', 'd': '0.2676', 'l': '0.2836'}",2023
22756,True,"{'id': '143', 'title': 'Atletico Madrid', 'short_title': 'ATL'}","{'id': '261', 'title': 'Cadiz', 'short_title': 'CAD'}","{'h': '3', 'a': '2'}","{'h': '3.10102', 'a': '0.677345'}",2023-10-01 19:00:00,"{'w': '0.9011', 'd': '0.075', 'l': '0.0239'}",2023
22758,True,"{'id': '153', 'title': 'Real Betis', 'short_title': 'BET'}","{'id': '146', 'title': 'Valencia', 'short_title': 'VAL'}","{'h': '3', 'a': '0'}","{'h': '2.53745', 'a': '0.510459'}",2023-10-01 19:00:00,"{'w': '0.8594', 'd': '0.106', 'l': '0.0346'}",2023
22763,True,"{'id': '144', 'title': 'Las Palmas', 'short_title': 'LPL'}","{'id': '152', 'title': 'Celta Vigo', 'short_title': 'CEL'}","{'h': '2', 'a': '1'}","{'h': '1.46382', 'a': '1.54337'}",2023-10-02 19:00:00,"{'w': '0.3143', 'd': '0.3114', 'l': '0.3743'}",2023
22770,True,"{'id': '147', 'title': 'Athletic Club', 'short_title': 'ATH'}","{'id': '208', 'title': 'Almeria', 'short_title': 'ALM'}","{'h': '3', 'a': '0'}","{'h': '3.02889', 'a': '0.0892217'}",2023-10-06 19:00:00,"{'w': '0.9695', 'd': '0.0288', 'l': '0.0017'}",2023
22766,True,"{'id': '261', 'title': 'Cadiz', 'short_title': 'CAD'}","{'id': '223', 'title': 'Girona', 'short_title': 'GIR'}","{'h': '0', 'a': '1'}","{'h': '0.653575', 'a': '1.26462'}",2023-10-07 12:00:00,"{'w': '0.1682', 'd': '0.3139', 'l': '0.5179'}",2023
22772,True,"{'id': '150', 'title': 'Real Madrid', 'short_title': 'RMA'}","{'id': '157', 'title': 'Osasuna', 'short_title': 'OSA'}","{'h': '4', 'a': '0'}","{'h': '4.47802', 'a': '0.164111'}",2023-10-07 14:15:00,"{'w': '0.9981', 'd': '0.0017', 'l': '0.0002'}",2023
22768,True,"{'id': '239', 'title': 'Mallorca', 'short_title': 'MAL'}","{'id': '146', 'title': 'Valencia', 'short_title': 'VAL'}","{'h': '1', 'a': '1'}","{'h': '0.919992', 'a': '0.509313'}",2023-10-07 16:30:00,"{'w': '0.4568', 'd': '0.3563', 'l': '0.1869'}",2023
22773,True,"{'id': '138', 'title': 'Sevilla', 'short_title': 'SEV'}","{'id': '145', 'title': 'Rayo Vallecano', 'short_title': 'RVL'}","{'h': '2', 'a': '2'}","{'h': '0.807105', 'a': '0.998714'}",2023-10-07 19:00:00,"{'w': '0.2594', 'd': '0.3336', 'l': '0.407'}",2023
22774,True,"{'id': '154', 'title': 'Villarreal', 'short_title': 'VIL'}","{'id': '144', 'title': 'Las Palmas', 'short_title': 'LPL'}","{'h': '1', 'a': '2'}","{'h': '1.16305', 'a': '1.1602'}",2023-10-08 12:00:00,"{'w': '0.3227', 'd': '0.3388', 'l': '0.3385'}",2023
22765,True,"{'id': '143', 'title': 'Atletico Madrid', 'short_title': 'ATL'}","{'id': '140', 'title': 'Real Sociedad', 'short_title': 'SOC'}","{'h': '2', 'a': '1'}","{'h': '2.94239', 'a': '0.928071'}",2023-10-08 14:15:00,"{'w': '0.8306', 'd': '0.1169', 'l': '0.0525'}",2023
22767,True,"{'id': '152', 'title': 'Celta Vigo', 'short_title': 'CEL'}","{'id': '142', 'title': 'Getafe', 'short_title': 'GET'}","{'h': '2', 'a': '2'}","{'h': '3.02859', 'a': '1.00866'}",2023-10-08 16:30:00,"{'w': '0.8571', 'd': '0.1097', 'l': '0.0332'}",2023
22769,True,"{'id': '158', 'title': 'Alaves', 'short_title': 'ALA'}","{'id': '153', 'title': 'Real Betis', 'short_title': 'BET'}","{'h': '1', 'a': '1'}","{'h': '1.89594', 'a': '0.872851'}",2023-10-08 16:30:00,"{'w': '0.6479', 'd': '0.2363', 'l': '0.1158'}",2023
22771,True,"{'id': '155', 'title': 'Granada', 'short_title': 'GRA'}","{'id': '148', 'title': 'Barcelona', 'short_title': 'BAR'}","{'h': '2', 'a': '2'}","{'h': '0.611577', 'a': '2.99552'}",2023-10-08 19:00:00,"{'w': '0.0144', 'd': '0.0576', 'l': '0.928'}",2023
22783,True,"{'id': '157', 'title': 'Osasuna', 'short_title': 'OSA'}","{'id': '155', 'title': 'Granada', 'short_title': 'GRA'}","{'h': '2', 'a': '0'}","{'h': '1.79846', 'a': '0.776224'}",2023-10-20 19:00:00,"{'w': '0.6815', 'd': '0.2031', 'l': '0.1154'}",2023
22781,True,"{'id': '140', 'title': 'Real Sociedad', 'short_title': 'SOC'}","{'id': '239', 'title': 'Mallorca', 'short_title': 'MAL'}","{'h': '1', 'a': '0'}","{'h': '2.0056', 'a': '2.03914'}",2023-10-21 12:00:00,"{'w': '0.3752', 'd': '0.2464', 'l': '0.3784'}",2023
22779,True,"{'id': '142', 'title': 'Getafe', 'short_title': 'GET'}","{'id': '153', 'title': 'Real Betis', 'short_title': 'BET'}","{'h': '1', 'a': '1'}","{'h': '1.86677', 'a': '1.42816'}",2023-10-21 14:15:00,"{'w': '0.4857', 'd': '0.2446', 'l': '0.2697'}",2023
22782,True,"{'id': '138', 'title': 'Sevilla', 'short_title': 'SEV'}","{'id': '150', 'title': 'Real Madrid', 'short_title': 'RMA'}","{'h': '1', 'a': '1'}","{'h': '1.8723', 'a': '2.17904'}",2023-10-21 16:30:00,"{'w': '0.3034', 'd': '0.24', 'l': '0.4566'}",2023
22778,True,"{'id': '152', 'title': 'Celta Vigo', 'short_title': 'CEL'}","{'id': '143', 'title': 'Atletico Madrid', 'short_title': 'ATL'}","{'h': '0', 'a': '3'}","{'h': '1.26757', 'a': '2.39246'}",2023-10-21 19:00:00,"{'w': '0.1396', 'd': '0.1941', 'l': '0.6663'}",2023
22775,True,"{'id': '144', 'title': 'Las Palmas', 'short_title': 'LPL'}","{'id': '145', 'title': 'Rayo Vallecano', 'short_title': 'RVL'}","{'h': '0', 'a': '1'}","{'h': '1.18559', 'a': '1.25598'}",2023-10-22 12:00:00,"{'w': '0.2949', 'd': '0.3746', 'l': '0.3305'}",2023
22776,True,"{'id': '223', 'title': 'Girona', 'short_title': 'GIR'}","{'id': '208', 'title': 'Almeria', 'short_title': 'ALM'}","{'h': '5', 'a': '2'}","{'h': '2.1972', 'a': '0.878392'}",2023-10-22 14:15:00,"{'w': '0.7141', 'd': '0.1996', 'l': '0.0863'}",2023
22784,True,"{'id': '154', 'title': 'Villarreal', 'short_title': 'VIL'}","{'id': '158', 'title': 'Alaves', 'short_title': 'ALA'}","{'h': '1', 'a': '1'}","{'h': '1.71642', 'a': '1.79896'}",2023-10-22 16:30:00,"{'w': '0.3522', 'd': '0.2629', 'l': '0.3849'}",2023
22777,True,"{'id': '148', 'title': 'Barcelona', 'short_title': 'BAR'}","{'id': '147', 'title': 'Athletic Club', 'short_title': 'ATH'}","{'h': '1', 'a': '0'}","{'h': '1.70266', 'a': '0.453295'}",2023-10-22 19:00:00,"{'w': '0.7325', 'd': '0.1993', 'l': '0.0682'}",2023
22780,True,"{'id': '146', 'title': 'Valencia', 'short_title': 'VAL'}","{'id': '261', 'title': 'Cadiz', 'short_title': 'CAD'}","{'h': '2', 'a': '0'}","{'h': '1.6763', 'a': '0.551967'}",2023-10-23 19:00:00,"{'w': '0.7356', 'd': '0.2053', 'l': '0.0591'}",2023
22792,True,"{'id': '223', 'title': 'Girona', 'short_title': 'GIR'}","{'id': '152', 'title': 'Celta Vigo', 'short_title': 'CEL'}","{'h': '1', 'a': '0'}","{'h': '0.619488', 'a': '0.174681'}",2023-10-27 19:00:00,"{'w': '0.4153', 'd': '0.498', 'l': '0.0867'}",2023
22785,True,"{'id': '208', 'title': 'Almeria', 'short_title': 'ALM'}","{'id': '144', 'title': 'Las Palmas', 'short_title': 'LPL'}","{'h': '1', 'a': '2'}","{'h': '0.275712', 'a': '1.06446'}",2023-10-28 12:00:00,"{'w': '0.0801', 'd': '0.3229', 'l': '0.597'}",2023
22787,True,"{'id': '148', 'title': 'Barcelona', 'short_title': 'BAR'}","{'id': '150', 'title': 'Real Madrid', 'short_title': 'RMA'}","{'h': '1', 'a': '2'}","{'h': '1.32038', 'a': '0.959404'}",2023-10-28 14:15:00,"{'w': '0.4475', 'd': '0.3183', 'l': '0.2342'}",2023
22793,True,"{'id': '239', 'title': 'Mallorca', 'short_title': 'MAL'}","{'id': '142', 'title': 'Getafe', 'short_title': 'GET'}","{'h': '0', 'a': '0'}","{'h': '0.722341', 'a': '0.292202'}",2023-10-28 16:30:00,"{'w': '0.4265', 'd': '0.4343', 'l': '0.1392'}",2023
22789,True,"{'id': '261', 'title': 'Cadiz', 'short_title': 'CAD'}","{'id': '138', 'title': 'Sevilla', 'short_title': 'SEV'}","{'h': '2', 'a': '2'}","{'h': '1.42705', 'a': '1.28392'}",2023-10-28 19:00:00,"{'w': '0.3895', 'd': '0.2897', 'l': '0.3208'}",2023
22788,True,"{'id': '153', 'title': 'Real Betis', 'short_title': 'BET'}","{'id': '157', 'title': 'Osasuna', 'short_title': 'OSA'}","{'h': '2', 'a': '1'}","{'h': '1.43393', 'a': '0.446425'}",2023-10-29 13:00:00,"{'w': '0.6815', 'd': '0.2402', 'l': '0.0783'}",2023
22790,True,"{'id': '145', 'title': 'Rayo Vallecano', 'short_title': 'RVL'}","{'id': '140', 'title': 'Real Sociedad', 'short_title': 'SOC'}","{'h': '2', 'a': '2'}","{'h': '0.844003', 'a': '1.93178'}",2023-10-29 15:15:00,"{'w': '0.1124', 'd': '0.2136', 'l': '0.674'}",2023
22786,True,"{'id': '147', 'title': 'Athletic Club', 'short_title': 'ATH'}","{'id': '146', 'title': 'Valencia', 'short_title': 'VAL'}","{'h': '2', 'a': '2'}","{'h': '1.63308', 'a': '2.17868'}",2023-10-29 17:30:00,"{'w': '0.2401', 'd': '0.2453', 'l': '0.5146'}",2023
22794,True,"{'id': '143', 'title': 'Atletico Madrid', 'short_title': 'ATL'}","{'id': '158', 'title': 'Alaves', 'short_title': 'ALA'}","{'h': '2', 'a': '1'}","{'h': '1.94088', 'a': '0.385398'}",2023-10-29 20:00:00,"{'w': '0.7975', 'd': '0.1579', 'l': '0.0446'}",2023
22791,True,"{'id': '155', 'title': 'Granada', 'short_title': 'GRA'}","{'id': '154', 'title': 'Villarreal', 'short_title': 'VIL'}","{'h': '2', 'a': '3'}","{'h': '2.80131', 'a': '1.90197'}",2023-10-30 20:00:00,"{'w': '0.5891', 'd': '0.2131', 'l': '0.1978'}",2023
22799,True,"{'id': '144', 'title': 'Las Palmas', 'short_title': 'LPL'}","{'id': '143', 'title': 'Atletico Madrid', 'short_title': 'ATL'}","{'h': '2', 'a': '1'}","{'h': '0.452709', 'a': '1.52768'}",2023-11-03 19:00:00,"{'w': '0.0984', 'd': '0.23', 'l': '0.6716'}",2023
22802,True,"{'id': '157', 'title': 'Osasuna', 'short_title': 'OSA'}","{'id': '223', 'title': 'Girona', 'short_title': 'GIR'}","{'h': '2', 'a': '4'}","{'h': '2.18398', 'a': '2.78694'}",2023-11-04 13:00:00,"{'w': '0.2305', 'd': '0.2348', 'l': '0.5347'}",2023
22795,True,"{'id': '153', 'title': 'Real Betis', 'short_title': 'BET'}","{'id': '239', 'title': 'Mallorca', 'short_title': 'MAL'}","{'h': '2', 'a': '0'}","{'h': '2.84664', 'a': '0.540374'}",2023-11-04 15:15:00,"{'w': '0.8986', 'd': '0.0821', 'l': '0.0193'}",2023
22796,True,"{'id': '152', 'title': 'Celta Vigo', 'short_title': 'CEL'}","{'id': '138', 'title': 'Sevilla', 'short_title': 'SEV'}","{'h': '1', 'a': '1'}","{'h': '3.01524', 'a': '1.25089'}",2023-11-04 17:30:00,"{'w': '0.7764', 'd': '0.1446', 'l': '0.079'}",2023
22800,True,"{'id': '140', 'title': 'Real Sociedad', 'short_title': 'SOC'}","{'id': '148', 'title': 'Barcelona', 'short_title': 'BAR'}","{'h': '0', 'a': '1'}","{'h': '0.84705', 'a': '1.22041'}",2023-11-04 20:00:00,"{'w': '0.2387', 'd': '0.3087', 'l': '0.4526'}",2023
22797,True,"{'id': '158', 'title': 'Alaves', 'short_title': 'ALA'}","{'id': '208', 'title': 'Almeria', 'short_title': 'ALM'}","{'h': '1', 'a': '0'}","{'h': '2.57982', 'a': '0.893084'}",2023-11-05 13:00:00,"{'w': '0.7873', 'd': '0.1467', 'l': '0.066'}",2023
22804,True,"{'id': '146', 'title': 'Valencia', 'short_title': 'VAL'}","{'id': '155', 'title': 'Granada', 'short_title': 'GRA'}","{'h': '1', 'a': '0'}","{'h': '1.18921', 'a': '0.344591'}",2023-11-05 15:15:00,"{'w': '0.6631', 'd': '0.2643', 'l': '0.0726'}",2023
22798,True,"{'id': '154', 'title': 'Villarreal', 'short_title': 'VIL'}","{'id': '147', 'title': 'Athletic Club', 'short_title': 'ATH'}","{'h': '2', 'a': '3'}","{'h': '1.78074', 'a': '2.22797'}",2023-11-05 17:30:00,"{'w': '0.273', 'd': '0.2426', 'l': '0.4844'}",2023
22803,True,"{'id': '150', 'title': 'Real Madrid', 'short_title': 'RMA'}","{'id': '145', 'title': 'Rayo Vallecano', 'short_title': 'RVL'}","{'h': '0', 'a': '0'}","{'h': '1.85349', 'a': '0.134981'}",2023-11-05 20:00:00,"{'w': '0.8382', 'd': '0.1442', 'l': '0.0176'}",2023
22801,True,"{'id': '142', 'title': 'Getafe', 'short_title': 'GET'}","{'id': '261', 'title': 'Cadiz', 'short_title': 'CAD'}","{'h': '1', 'a': '0'}","{'h': '1.21452', 'a': '0.821864'}",2023-11-06 20:00:00,"{'w': '0.4424', 'd': '0.338', 'l': '0.2196'}",2023
22806,True,"{'id': '147', 'title': 'Athletic Club', 'short_title': 'ATH'}","{'id': '152', 'title': 'Celta Vigo', 'short_title': 'CEL'}","{'h': '4', 'a': '3'}","{'h': '4.72334', 'a': '2.25302'}",2023-11-10 20:00:00,"{'w': '0.8612', 'd': '0.0869', 'l': '0.0519'}",2023
22812,True,"{'id': '145', 'title': 'Rayo Vallecano', 'short_title': 'RVL'}","{'id': '223', 'title': 'Girona', 'short_title': 'GIR'}","{'h': '1', 'a': '2'}","{'h': '1.67584', 'a': '4.2691'}",2023-11-11 13:00:00,"{'w': '0.0477', 'd': '0.0746', 'l': '0.8777'}",2023
22805,True,"{'id': '208', 'title': 'Almeria', 'short_title': 'ALM'}","{'id': '140', 'title': 'Real Sociedad', 'short_title': 'SOC'}","{'h': '1', 'a': '3'}","{'h': '0.637245', 'a': '2.53693'}",2023-11-11 15:15:00,"{'w': '0.0293', 'd': '0.1024', 'l': '0.8683'}",2023
22811,True,"{'id': '155', 'title': 'Granada', 'short_title': 'GRA'}","{'id': '142', 'title': 'Getafe', 'short_title': 'GET'}","{'h': '1', 'a': '1'}","{'h': '1.4404', 'a': '2.30149'}",2023-11-11 17:30:00,"{'w': '0.1407', 'd': '0.2262', 'l': '0.6331'}",2023
22813,True,"{'id': '157', 'title': 'Osasuna', 'short_title': 'OSA'}","{'id': '144', 'title': 'Las Palmas', 'short_title': 'LPL'}","{'h': '1', 'a': '1'}","{'h': '1.44069', 'a': '0.291858'}",2023-11-11 17:30:00,"{'w': '0.7184', 'd': '0.2273', 'l': '0.0543'}",2023
22808,True,"{'id': '150', 'title': 'Real Madrid', 'short_title': 'RMA'}","{'id': '146', 'title': 'Valencia', 'short_title': 'VAL'}","{'h': '5', 'a': '1'}","{'h': '1.90598', 'a': '2.03068'}",2023-11-11 20:00:00,"{'w': '0.3347', 'd': '0.2377', 'l': '0.4276'}",2023
22814,True,"{'id': '148', 'title': 'Barcelona', 'short_title': 'BAR'}","{'id': '158', 'title': 'Alaves', 'short_title': 'ALA'}","{'h': '2', 'a': '1'}","{'h': '1.81139', 'a': '1.83858'}",2023-11-12 15:15:00,"{'w': '0.3435', 'd': '0.2874', 'l': '0.3691'}",2023
22809,True,"{'id': '138', 'title': 'Sevilla', 'short_title': 'SEV'}","{'id': '153', 'title': 'Real Betis', 'short_title': 'BET'}","{'h': '1', 'a': '1'}","{'h': '0.615603', 'a': '2.17922'}",2023-11-12 17:30:00,"{'w': '0.0467', 'd': '0.153', 'l': '0.8003'}",2023
22807,True,"{'id': '143', 'title': 'Atletico Madrid', 'short_title': 'ATL'}","{'id': '154', 'title': 'Villarreal', 'short_title': 'VIL'}","{'h': '3', 'a': '1'}","{'h': '3.93786', 'a': '0.868854'}",2023-11-12 20:00:00,"{'w': '0.9411', 'd': '0.0461', 'l': '0.0128'}",2023
22819,True,"{'id': '158', 'title': 'Alaves', 'short_title': 'ALA'}","{'id': '155', 'title': 'Granada', 'short_title': 'GRA'}","{'h': '3', 'a': '1'}","{'h': '0.871813', 'a': '1.13855'}",2023-11-24 20:00:00,"{'w': '0.2131', 'd': '0.3645', 'l': '0.4224'}",2023
22822,True,"{'id': '145', 'title': 'Rayo Vallecano', 'short_title': 'RVL'}","{'id': '148', 'title': 'Barcelona', 'short_title': 'BAR'}","{'h': '1', 'a': '1'}","{'h': '0.912299', 'a': '1.30627'}",2023-11-25 13:00:00,"{'w': '0.2316', 'd': '0.3287', 'l': '0.4397'}",2023
22823,True,"{'id': '146', 'title': 'Valencia', 'short_title': 'VAL'}","{'id': '152', 'title': 'Celta Vigo', 'short_title': 'CEL'}","{'h': '0', 'a': '0'}","{'h': '0.247015', 'a': '0.609862'}",2023-11-25 15:15:00,"{'w': '0.1246', 'd': '0.4897', 'l': '0.3857'}",2023
22820,True,"{'id': '142', 'title': 'Getafe', 'short_title': 'GET'}","{'id': '208', 'title': 'Almeria', 'short_title': 'ALM'}","{'h': '2', 'a': '1'}","{'h': '1.39391', 'a': '1.72918'}",2023-11-25 17:30:00,"{'w': '0.2579', 'd': '0.271', 'l': '0.4711'}",2023
22815,True,"{'id': '143', 'title': 'Atletico Madrid', 'short_title': 'ATL'}","{'id': '239', 'title': 'Mallorca', 'short_title': 'MAL'}","{'h': '1', 'a': '0'}","{'h': '2.29683', 'a': '0.945212'}",2023-11-25 20:00:00,"{'w': '0.712', 'd': '0.1882', 'l': '0.0998'}",2023
22824,True,"{'id': '154', 'title': 'Villarreal', 'short_title': 'VIL'}","{'id': '157', 'title': 'Osasuna', 'short_title': 'OSA'}","{'h': '3', 'a': '1'}","{'h': '2.84591', 'a': '1.26437'}",2023-11-26 13:00:00,"{'w': '0.7811', 'd': '0.15', 'l': '0.0689'}",2023
22818,True,"{'id': '140', 'title': 'Real Sociedad', 'short_title': 'SOC'}","{'id': '138', 'title': 'Sevilla', 'short_title': 'SEV'}","{'h': '2', 'a': '1'}","{'h': '1.05204', 'a': '0.374082'}",2023-11-26 15:15:00,"{'w': '0.5602', 'd': '0.3249', 'l': '0.1149'}",2023
22817,True,"{'id': '261', 'title': 'Cadiz', 'short_title': 'CAD'}","{'id': '150', 'title': 'Real Madrid', 'short_title': 'RMA'}","{'h': '0', 'a': '3'}","{'h': '1.13056', 'a': '1.84054'}",2023-11-26 17:30:00,"{'w': '0.1906', 'd': '0.2428', 'l': '0.5666'}",2023
22816,True,"{'id': '153', 'title': 'Real Betis', 'short_title': 'BET'}","{'id': '144', 'title': 'Las Palmas', 'short_title': 'LPL'}","{'h': '1', 'a': '0'}","{'h': '1.92649', 'a': '0.751589'}",2023-11-26 20:00:00,"{'w': '0.7196', 'd': '0.1976', 'l': '0.0828'}",2023
22821,True,"{'id': '223', 'title': 'Girona', 'short_title': 'GIR'}","{'id': '147', 'title': 'Athletic Club', 'short_title': 'ATH'}","{'h': '1', 'a': '1'}","{'h': '1.36177', 'a': '1.67266'}",2023-11-27 20:00:00,"{'w': '0.2881', 'd': '0.2664', 'l': '0.4455'}",2023
22810,True,"{'id': '239', 'title': 'Mallorca', 'short_title': 'MAL'}","{'id': '261', 'title': 'Cadiz', 'short_title': 'CAD'}","{'h': '1', 'a': '1'}","{'h': '0.8514', 'a': '0.251799'}",2023-11-29 20:00:00,"{'w': '0.5112', 'd': '0.3913', 'l': '0.0975'}",2023
22832,True,"{'id': '144', 'title': 'Las Palmas', 'short_title': 'LPL'}","{'id': '142', 'title': 'Getafe', 'short_title': 'GET'}","{'h': '2', 'a': '0'}","{'h': '1.8817', 'a': '0.76355'}",2023-12-01 19:00:00,"{'w': '0.7046', 'd': '0.2005', 'l': '0.0949'}",2023
22827,True,"{'id': '223', 'title': 'Girona', 'short_title': 'GIR'}","{'id': '146', 'title': 'Valencia', 'short_title': 'VAL'}","{'h': '2', 'a': '1'}","{'h': '1.85396', 'a': '1.00981'}",2023-12-02 13:00:00,"{'w': '0.6112', 'd': '0.2468', 'l': '0.142'}",2023
22826,True,"{'id': '147', 'title': 'Athletic Club', 'short_title': 'ATH'}","{'id': '145', 'title': 'Rayo Vallecano', 'short_title': 'RVL'}","{'h': '4', 'a': '0'}","{'h': '1.6869', 'a': '0.34629'}",2023-12-02 15:15:00,"{'w': '0.7559', 'd': '0.1887', 'l': '0.0554'}",2023
22833,True,"{'id': '150', 'title': 'Real Madrid', 'short_title': 'RMA'}","{'id': '155', 'title': 'Granada', 'short_title': 'GRA'}","{'h': '2', 'a': '0'}","{'h': '2.2606', 'a': '0.110085'}",2023-12-02 17:30:00,"{'w': '0.9357', 'd': '0.0598', 'l': '0.0045'}",2023
22828,True,"{'id': '157', 'title': 'Osasuna', 'short_title': 'OSA'}","{'id': '140', 'title': 'Real Sociedad', 'short_title': 'SOC'}","{'h': '1', 'a': '1'}","{'h': '1.01822', 'a': '1.69944'}",2023-12-02 20:00:00,"{'w': '0.1781', 'd': '0.2751', 'l': '0.5468'}",2023
22834,True,"{'id': '239', 'title': 'Mallorca', 'short_title': 'MAL'}","{'id': '158', 'title': 'Alaves', 'short_title': 'ALA'}","{'h': '0', 'a': '0'}","{'h': '0.909609', 'a': '0.277842'}",2023-12-03 13:00:00,"{'w': '0.5395', 'd': '0.3605', 'l': '0.1'}",2023
22825,True,"{'id': '208', 'title': 'Almeria', 'short_title': 'ALM'}","{'id': '153', 'title': 'Real Betis', 'short_title': 'BET'}","{'h': '0', 'a': '0'}","{'h': '2.69938', 'a': '0.769817'}",2023-12-03 15:15:00,"{'w': '0.8484', 'd': '0.1153', 'l': '0.0363'}",2023
22829,True,"{'id': '138', 'title': 'Sevilla', 'short_title': 'SEV'}","{'id': '154', 'title': 'Villarreal', 'short_title': 'VIL'}","{'h': '1', 'a': '1'}","{'h': '2.4784', 'a': '1.47061'}",2023-12-03 17:30:00,"{'w': '0.6349', 'd': '0.2316', 'l': '0.1335'}",2023
22830,True,"{'id': '148', 'title': 'Barcelona', 'short_title': 'BAR'}","{'id': '143', 'title': 'Atletico Madrid', 'short_title': 'ATL'}","{'h': '1', 'a': '0'}","{'h': '3.18789', 'a': '0.996297'}",2023-12-03 20:00:00,"{'w': '0.861', 'd': '0.0969', 'l': '0.0421'}",2023
22831,True,"{'id': '152', 'title': 'Celta Vigo', 'short_title': 'CEL'}","{'id': '261', 'title': 'Cadiz', 'short_title': 'CAD'}","{'h': '1', 'a': '1'}","{'h': '2.73216', 'a': '0.346727'}",2023-12-04 20:00:00,"{'w': '0.936', 'd': '0.0584', 'l': '0.0056'}",2023
22838,True,"{'id': '142', 'title': 'Getafe', 'short_title': 'GET'}","{'id': '146', 'title': 'Valencia', 'short_title': 'VAL'}","{'h': '1', 'a': '0'}","{'h': '0.841976', 'a': '0.183916'}",2023-12-08 20:00:00,"{'w': '0.5585', 'd': '0.3736', 'l': '0.0679'}",2023
22840,True,"{'id': '158', 'title': 'Alaves', 'short_title': 'ALA'}","{'id': '144', 'title': 'Las Palmas', 'short_title': 'LPL'}","{'h': '0', 'a': '1'}","{'h': '2.20546', 'a': '0.473883'}",2023-12-09 13:00:00,"{'w': '0.8342', 'd': '0.1275', 'l': '0.0383'}",2023
22836,True,"{'id': '153', 'title': 'Real Betis', 'short_title': 'BET'}","{'id': '150', 'title': 'Real Madrid', 'short_title': 'RMA'}","{'h': '1', 'a': '1'}","{'h': '1.51575', 'a': '0.803862'}",2023-12-09 15:15:00,"{'w': '0.5668', 'd': '0.2669', 'l': '0.1663'}",2023
22844,True,"{'id': '154', 'title': 'Villarreal', 'short_title': 'VIL'}","{'id': '140', 'title': 'Real Sociedad', 'short_title': 'SOC'}","{'h': '0', 'a': '3'}","{'h': '2.37019', 'a': '2.19834'}",2023-12-09 17:30:00,"{'w': '0.422', 'd': '0.2341', 'l': '0.3439'}",2023
22839,True,"{'id': '239', 'title': 'Mallorca', 'short_title': 'MAL'}","{'id': '138', 'title': 'Sevilla', 'short_title': 'SEV'}","{'h': '1', 'a': '0'}","{'h': '0.533315', 'a': '0.554467'}",2023-12-09 20:00:00,"{'w': '0.2945', 'd': '0.4317', 'l': '0.2738'}",2023
22841,True,"{'id': '143', 'title': 'Atletico Madrid', 'short_title': 'ATL'}","{'id': '208', 'title': 'Almeria', 'short_title': 'ALM'}","{'h': '2', 'a': '1'}","{'h': '2.16876', 'a': '1.6656'}",2023-12-10 13:00:00,"{'w': '0.5018', 'd': '0.2814', 'l': '0.2168'}",2023
22837,True,"{'id': '261', 'title': 'Cadiz', 'short_title': 'CAD'}","{'id': '157', 'title': 'Osasuna', 'short_title': 'OSA'}","{'h': '1', 'a': '1'}","{'h': '1.15321', 'a': '1.81825'}",2023-12-10 17:30:00,"{'w': '0.1877', 'd': '0.2486', 'l': '0.5637'}",2023
22835,True,"{'id': '148', 'title': 'Barcelona', 'short_title': 'BAR'}","{'id': '223', 'title': 'Girona', 'short_title': 'GIR'}","{'h': '2', 'a': '4'}","{'h': '4.25448', 'a': '2.93797'}",2023-12-10 20:00:00,"{'w': '0.6548', 'd': '0.1523', 'l': '0.1929'}",2023
22843,True,"{'id': '145', 'title': 'Rayo Vallecano', 'short_title': 'RVL'}","{'id': '152', 'title': 'Celta Vigo', 'short_title': 'CEL'}","{'h': '0', 'a': '0'}","{'h': '1.32415', 'a': '0.126167'}",2023-12-11 20:00:00,"{'w': '0.7193', 'd': '0.2483', 'l': '0.0324'}",2023
22842,True,"{'id': '155', 'title': 'Granada', 'short_title': 'GRA'}","{'id': '147', 'title': 'Athletic Club', 'short_title': 'ATH'}","{'h': '1', 'a': '1'}","{'h': '0.543471', 'a': '1.68816'}",2023-12-12 15:15:00,"{'w': '0.093', 'd': '0.2145', 'l': '0.6925'}",2023
22848,True,"{'id': '157', 'title': 'Osasuna', 'short_title': 'OSA'}","{'id': '145', 'title': 'Rayo Vallecano', 'short_title': 'RVL'}","{'h': '1', 'a': '0'}","{'h': '1.77561', 'a': '1.15316'}",2023-12-15 20:00:00,"{'w': '0.5466', 'd': '0.2667', 'l': '0.1867'}",2023
22847,True,"{'id': '152', 'title': 'Celta Vigo', 'short_title': 'CEL'}","{'id': '155', 'title': 'Granada', 'short_title': 'GRA'}","{'h': '1', 'a': '0'}","{'h': '1.33261', 'a': '0.690175'}",2023-12-16 13:00:00,"{'w': '0.5471', 'd': '0.293', 'l': '0.1599'}",2023
22846,True,"{'id': '147', 'title': 'Athletic Club', 'short_title': 'ATH'}","{'id': '143', 'title': 'Atletico Madrid', 'short_title': 'ATL'}","{'h': '2', 'a': '0'}","{'h': '2.73082', 'a': '0.342126'}",2023-12-16 15:15:00,"{'w': '0.9244', 'd': '0.0605', 'l': '0.0151'}",2023
22853,True,"{'id': '138', 'title': 'Sevilla', 'short_title': 'SEV'}","{'id': '142', 'title': 'Getafe', 'short_title': 'GET'}","{'h': '0', 'a': '3'}","{'h': '0.80788', 'a': '2.83746'}",2023-12-16 17:30:00,"{'w': '0.036', 'd': '0.1017', 'l': '0.8623'}",2023
22850,True,"{'id': '146', 'title': 'Valencia', 'short_title': 'VAL'}","{'id': '148', 'title': 'Barcelona', 'short_title': 'BAR'}","{'h': '1', 'a': '1'}","{'h': '0.78681', 'a': '3.16129'}",2023-12-16 20:00:00,"{'w': '0.0205', 'd': '0.0699', 'l': '0.9096'}",2023
22845,True,"{'id': '208', 'title': 'Almeria', 'short_title': 'ALM'}","{'id': '239', 'title': 'Mallorca', 'short_title': 'MAL'}","{'h': '0', 'a': '0'}","{'h': '0.314828', 'a': '1.51369'}",2023-12-17 13:00:00,"{'w': '0.0705', 'd': '0.225', 'l': '0.7045'}",2023
22851,True,"{'id': '140', 'title': 'Real Sociedad', 'short_title': 'SOC'}","{'id': '153', 'title': 'Real Betis', 'short_title': 'BET'}","{'h': '0', 'a': '0'}","{'h': '0.989954', 'a': '1.37163'}",2023-12-17 15:15:00,"{'w': '0.2368', 'd': '0.3014', 'l': '0.4618'}",2023
22852,True,"{'id': '144', 'title': 'Las Palmas', 'short_title': 'LPL'}","{'id': '261', 'title': 'Cadiz', 'short_title': 'CAD'}","{'h': '1', 'a': '1'}","{'h': '0.826817', 'a': '1.42619'}",2023-12-17 17:30:00,"{'w': '0.1808', 'd': '0.3106', 'l': '0.5086'}",2023
22849,True,"{'id': '150', 'title': 'Real Madrid', 'short_title': 'RMA'}","{'id': '154', 'title': 'Villarreal', 'short_title': 'VIL'}","{'h': '4', 'a': '1'}","{'h': '3.22478', 'a': '0.421986'}",2023-12-17 20:00:00,"{'w': '0.9365', 'd': '0.0532', 'l': '0.0103'}",2023
22854,True,"{'id': '223', 'title': 'Girona', 'short_title': 'GIR'}","{'id': '158', 'title': 'Alaves', 'short_title': 'ALA'}","{'h': '3', 'a': '0'}","{'h': '1.92988', 'a': '0.546438'}",2023-12-18 20:00:00,"{'w': '0.7781', 'd': '0.1661', 'l': '0.0558'}",2023
22860,True,"{'id': '145', 'title': 'Rayo Vallecano', 'short_title': 'RVL'}","{'id': '146', 'title': 'Valencia', 'short_title': 'VAL'}","{'h': '0', 'a': '1'}","{'h': '0.51265', 'a': '0.33485'}",2023-12-19 18:00:00,"{'w': '0.3164', 'd': '0.4975', 'l': '0.1861'}",2023
22856,True,"{'id': '143', 'title': 'Atletico Madrid', 'short_title': 'ATL'}","{'id': '142', 'title': 'Getafe', 'short_title': 'GET'}","{'h': '3', 'a': '3'}","{'h': '2.02936', 'a': '2.53681'}",2023-12-19 20:30:00,"{'w': '0.2588', 'd': '0.2443', 'l': '0.4969'}",2023
22861,True,"{'id': '155', 'title': 'Granada', 'short_title': 'GRA'}","{'id': '138', 'title': 'Sevilla', 'short_title': 'SEV'}","{'h': '0', 'a': '3'}","{'h': '1.12822', 'a': '0.514939'}",2023-12-19 20:30:00,"{'w': '0.5339', 'd': '0.3094', 'l': '0.1567'}",2023
22863,True,"{'id': '148', 'title': 'Barcelona', 'short_title': 'BAR'}","{'id': '208', 'title': 'Almeria', 'short_title': 'ALM'}","{'h': '3', 'a': '2'}","{'h': '4.04903', 'a': '1.39703'}",2023-12-20 18:00:00,"{'w': '0.8882', 'd': '0.0781', 'l': '0.0337'}",2023
22855,True,"{'id': '147', 'title': 'Athletic Club', 'short_title': 'ATH'}","{'id': '144', 'title': 'Las Palmas', 'short_title': 'LPL'}","{'h': '1', 'a': '0'}","{'h': '3.53577', 'a': '0.2514'}",2023-12-20 20:30:00,"{'w': '0.9792', 'd': '0.0183', 'l': '0.0025'}",2023
22864,True,"{'id': '154', 'title': 'Villarreal', 'short_title': 'VIL'}","{'id': '152', 'title': 'Celta Vigo', 'short_title': 'CEL'}","{'h': '3', 'a': '2'}","{'h': '2.59564', 'a': '1.98503'}",2023-12-20 20:30:00,"{'w': '0.5337', 'd': '0.2286', 'l': '0.2377'}",2023
22857,True,"{'id': '153', 'title': 'Real Betis', 'short_title': 'BET'}","{'id': '223', 'title': 'Girona', 'short_title': 'GIR'}","{'h': '1', 'a': '1'}","{'h': '1.61394', 'a': '1.64551'}",2023-12-21 18:00:00,"{'w': '0.3363', 'd': '0.2867', 'l': '0.377'}",2023
22858,True,"{'id': '261', 'title': 'Cadiz', 'short_title': 'CAD'}","{'id': '140', 'title': 'Real Sociedad', 'short_title': 'SOC'}","{'h': '0', 'a': '0'}","{'h': '0.856097', 'a': '0.6603'}",2023-12-21 18:00:00,"{'w': '0.3814', 'd': '0.3718', 'l': '0.2468'}",2023
22859,True,"{'id': '239', 'title': 'Mallorca', 'short_title': 'MAL'}","{'id': '157', 'title': 'Osasuna', 'short_title': 'OSA'}","{'h': '3', 'a': '2'}","{'h': '1.68391', 'a': '1.5871'}",2023-12-21 20:30:00,"{'w': '0.3735', 'd': '0.2752', 'l': '0.3513'}",2023
22862,True,"{'id': '158', 'title': 'Alaves', 'short_title': 'ALA'}","{'id': '150', 'title': 'Real Madrid', 'short_title': 'RMA'}","{'h': '0', 'a': '1'}","{'h': '0.388196', 'a': '0.947483'}",2023-12-21 20:30:00,"{'w': '0.1331', 'd': '0.3481', 'l': '0.5188'}",2023
22716,True,"{'id': '143', 'title': 'Atletico Madrid', 'short_title': 'ATL'}","{'id': '138', 'title': 'Sevilla', 'short_title': 'SEV'}","{'h': '1', 'a': '0'}","{'h': '1.53277', 'a': '0.279969'}",2023-12-23 14:15:00,"{'w': '0.7396', 'd': '0.2073', 'l': '0.0531'}",2023
22865,True,"{'id': '142', 'title': 'Getafe', 'short_title': 'GET'}","{'id': '145', 'title': 'Rayo Vallecano', 'short_title': 'RVL'}","{'h': '0', 'a': '2'}","{'h': '0.651184', 'a': '2.73568'}",2024-01-02 16:00:00,"{'w': '0.0164', 'd': '0.075', 'l': '0.9086'}",2023
22874,True,"{'id': '140', 'title': 'Real Sociedad', 'short_title': 'SOC'}","{'id': '158', 'title': 'Alaves', 'short_title': 'ALA'}","{'h': '1', 'a': '1'}","{'h': '0.98082', 'a': '0.969339'}",2024-01-02 18:15:00,"{'w': '0.3109', 'd': '0.3398', 'l': '0.3493'}",2023
22866,True,"{'id': '146', 'title': 'Valencia', 'short_title': 'VAL'}","{'id': '154', 'title': 'Villarreal', 'short_title': 'VIL'}","{'h': '3', 'a': '1'}","{'h': '2.78114', 'a': '1.15004'}",2024-01-02 20:30:00,"{'w': '0.7928', 'd': '0.1374', 'l': '0.0698'}",2023
22872,True,"{'id': '155', 'title': 'Granada', 'short_title': 'GRA'}","{'id': '261', 'title': 'Cadiz', 'short_title': 'CAD'}","{'h': '2', 'a': '0'}","{'h': '3.87666', 'a': '0.746073'}",2024-01-03 16:00:00,"{'w': '0.9461', 'd': '0.0406', 'l': '0.0133'}",2023
22871,True,"{'id': '152', 'title': 'Celta Vigo', 'short_title': 'CEL'}","{'id': '153', 'title': 'Real Betis', 'short_title': 'BET'}","{'h': '2', 'a': '1'}","{'h': '2.54675', 'a': '1.73674'}",2024-01-03 18:15:00,"{'w': '0.5911', 'd': '0.2167', 'l': '0.1922'}",2023
22873,True,"{'id': '150', 'title': 'Real Madrid', 'short_title': 'RMA'}","{'id': '239', 'title': 'Mallorca', 'short_title': 'MAL'}","{'h': '1', 'a': '0'}","{'h': '1.87575', 'a': '0.840414'}",2024-01-03 18:15:00,"{'w': '0.6576', 'd': '0.2298', 'l': '0.1126'}",2023
22869,True,"{'id': '223', 'title': 'Girona', 'short_title': 'GIR'}","{'id': '143', 'title': 'Atletico Madrid', 'short_title': 'ATL'}","{'h': '4', 'a': '3'}","{'h': '2.32369', 'a': '2.67389'}",2024-01-03 20:30:00,"{'w': '0.3197', 'd': '0.2198', 'l': '0.4605'}",2023
22867,True,"{'id': '157', 'title': 'Osasuna', 'short_title': 'OSA'}","{'id': '208', 'title': 'Almeria', 'short_title': 'ALM'}","{'h': '1', 'a': '0'}","{'h': '2.03356', 'a': '0.239636'}",2024-01-04 16:00:00,"{'w': '0.8491', 'd': '0.1263', 'l': '0.0246'}",2023
22868,True,"{'id': '138', 'title': 'Sevilla', 'short_title': 'SEV'}","{'id': '147', 'title': 'Athletic Club', 'short_title': 'ATH'}","{'h': '0', 'a': '2'}","{'h': '0.54777', 'a': '1.99704'}",2024-01-04 18:15:00,"{'w': '0.0719', 'd': '0.176', 'l': '0.7521'}",2023
22870,True,"{'id': '144', 'title': 'Las Palmas', 'short_title': 'LPL'}","{'id': '148', 'title': 'Barcelona', 'short_title': 'BAR'}","{'h': '1', 'a': '2'}","{'h': '0.967341', 'a': '2.3608'}",2024-01-04 20:30:00,"{'w': '0.0818', 'd': '0.1706', 'l': '0.7476'}",2023
22884,True,"{'id': '138', 'title': 'Sevilla', 'short_title': 'SEV'}","{'id': '158', 'title': 'Alaves', 'short_title': 'ALA'}","{'h': '2', 'a': '3'}","{'h': '2.49561', 'a': '2.08895'}",2024-01-12 20:00:00,"{'w': '0.4799', 'd': '0.2375', 'l': '0.2826'}",2023
22882,True,"{'id': '144', 'title': 'Las Palmas', 'short_title': 'LPL'}","{'id': '154', 'title': 'Villarreal', 'short_title': 'VIL'}","{'h': '3', 'a': '0'}","{'h': '0.963955', 'a': '1.71198'}",2024-01-13 13:00:00,"{'w': '0.1935', 'd': '0.2549', 'l': '0.5516'}",2023
22883,True,"{'id': '239', 'title': 'Mallorca', 'short_title': 'MAL'}","{'id': '152', 'title': 'Celta Vigo', 'short_title': 'CEL'}","{'h': '1', 'a': '1'}","{'h': '2.59976', 'a': '0.711693'}",2024-01-13 15:15:00,"{'w': '0.8409', 'd': '0.1153', 'l': '0.0438'}",2023
22876,True,"{'id': '147', 'title': 'Athletic Club', 'short_title': 'ATH'}","{'id': '140', 'title': 'Real Sociedad', 'short_title': 'SOC'}","{'h': '2', 'a': '1'}","{'h': '1.73042', 'a': '1.02381'}",2024-01-13 17:30:00,"{'w': '0.5861', 'd': '0.2837', 'l': '0.1302'}",2023
22879,True,"{'id': '153', 'title': 'Real Betis', 'short_title': 'BET'}","{'id': '155', 'title': 'Granada', 'short_title': 'GRA'}","{'h': '1', 'a': '0'}","{'h': '2.00904', 'a': '0.658067'}",2024-01-13 20:00:00,"{'w': '0.7154', 'd': '0.195', 'l': '0.0896'}",2023
22875,True,"{'id': '208', 'title': 'Almeria', 'short_title': 'ALM'}","{'id': '223', 'title': 'Girona', 'short_title': 'GIR'}","{'h': '0', 'a': '0'}","{'h': '2.20551', 'a': '0.246622'}",2024-01-14 13:00:00,"{'w': '0.8794', 'd': '0.1017', 'l': '0.0189'}",2023
22880,True,"{'id': '261', 'title': 'Cadiz', 'short_title': 'CAD'}","{'id': '146', 'title': 'Valencia', 'short_title': 'VAL'}","{'h': '1', 'a': '4'}","{'h': '1.55289', 'a': '1.7596'}",2024-01-14 15:15:00,"{'w': '0.299', 'd': '0.294', 'l': '0.407'}",2023
22887,True,"{'id': '158', 'title': 'Alaves', 'short_title': 'ALA'}","{'id': '261', 'title': 'Cadiz', 'short_title': 'CAD'}","{'h': '1', 'a': '0'}","{'h': '1.83115', 'a': '0.670357'}",2024-01-19 20:00:00,"{'w': '0.7053', 'd': '0.2138', 'l': '0.0809'}",2023
22894,True,"{'id': '145', 'title': 'Rayo Vallecano', 'short_title': 'RVL'}","{'id': '144', 'title': 'Las Palmas', 'short_title': 'LPL'}","{'h': '0', 'a': '2'}","{'h': '2.16832', 'a': '0.786109'}",2024-01-20 13:00:00,"{'w': '0.7291', 'd': '0.1812', 'l': '0.0897'}",2023
22893,True,"{'id': '154', 'title': 'Villarreal', 'short_title': 'VIL'}","{'id': '239', 'title': 'Mallorca', 'short_title': 'MAL'}","{'h': '1', 'a': '1'}","{'h': '1.7328', 'a': '0.430539'}",2024-01-20 15:15:00,"{'w': '0.7307', 'd': '0.1983', 'l': '0.071'}",2023
22889,True,"{'id': '146', 'title': 'Valencia', 'short_title': 'VAL'}","{'id': '147', 'title': 'Athletic Club', 'short_title': 'ATH'}","{'h': '1', 'a': '0'}","{'h': '0.7444', 'a': '0.351363'}",2024-01-20 17:30:00,"{'w': '0.4539', 'd': '0.4075', 'l': '0.1386'}",2023
22885,True,"{'id': '152', 'title': 'Celta Vigo', 'short_title': 'CEL'}","{'id': '140', 'title': 'Real Sociedad', 'short_title': 'SOC'}","{'h': '0', 'a': '1'}","{'h': '0.257377', 'a': '0.630224'}",2024-01-20 20:00:00,"{'w': '0.1215', 'd': '0.4666', 'l': '0.4119'}",2023
22892,True,"{'id': '157', 'title': 'Osasuna', 'short_title': 'OSA'}","{'id': '142', 'title': 'Getafe', 'short_title': 'GET'}","{'h': '3', 'a': '2'}","{'h': '1.57055', 'a': '1.50775'}",2024-01-21 13:00:00,"{'w': '0.3761', 'd': '0.2848', 'l': '0.3391'}",2023
22888,True,"{'id': '150', 'title': 'Real Madrid', 'short_title': 'RMA'}","{'id': '208', 'title': 'Almeria', 'short_title': 'ALM'}","{'h': '3', 'a': '2'}","{'h': '3.07258', 'a': '0.928735'}",2024-01-21 15:15:00,"{'w': '0.8583', 'd': '0.0981', 'l': '0.0436'}",2023
22891,True,"{'id': '153', 'title': 'Real Betis', 'short_title': 'BET'}","{'id': '148', 'title': 'Barcelona', 'short_title': 'BAR'}","{'h': '2', 'a': '4'}","{'h': '1.61122', 'a': '2.71025'}",2024-01-21 17:30:00,"{'w': '0.1698', 'd': '0.1871', 'l': '0.6431'}",2023
22886,True,"{'id': '223', 'title': 'Girona', 'short_title': 'GIR'}","{'id': '138', 'title': 'Sevilla', 'short_title': 'SEV'}","{'h': '5', 'a': '1'}","{'h': '2.95279', 'a': '0.947841'}",2024-01-21 20:00:00,"{'w': '0.8412', 'd': '0.111', 'l': '0.0478'}",2023
22890,True,"{'id': '155', 'title': 'Granada', 'short_title': 'GRA'}","{'id': '143', 'title': 'Atletico Madrid', 'short_title': 'ATL'}","{'h': '0', 'a': '1'}","{'h': '0.684269', 'a': '1.42876'}",2024-01-22 20:00:00,"{'w': '0.1461', 'd': '0.2569', 'l': '0.597'}",2023
22904,True,"{'id': '208', 'title': 'Almeria', 'short_title': 'ALM'}","{'id': '158', 'title': 'Alaves', 'short_title': 'ALA'}","{'h': '0', 'a': '3'}","{'h': '1.80182', 'a': '2.061'}",2024-01-26 20:00:00,"{'w': '0.3132', 'd': '0.2445', 'l': '0.4423'}",2023
22903,True,"{'id': '140', 'title': 'Real Sociedad', 'short_title': 'SOC'}","{'id': '145', 'title': 'Rayo Vallecano', 'short_title': 'RVL'}","{'h': '0', 'a': '0'}","{'h': '0.251108', 'a': '0.129675'}",2024-01-27 13:00:00,"{'w': '0.2059', 'd': '0.6925', 'l': '0.1016'}",2023
22899,True,"{'id': '144', 'title': 'Las Palmas', 'short_title': 'LPL'}","{'id': '150', 'title': 'Real Madrid', 'short_title': 'RMA'}","{'h': '1', 'a': '2'}","{'h': '0.929969', 'a': '2.05683'}",2024-01-27 15:15:00,"{'w': '0.1221', 'd': '0.2183', 'l': '0.6596'}",2023
22896,True,"{'id': '148', 'title': 'Barcelona', 'short_title': 'BAR'}","{'id': '154', 'title': 'Villarreal', 'short_title': 'VIL'}","{'h': '3', 'a': '5'}","{'h': '2.02779', 'a': '2.36875'}",2024-01-27 17:30:00,"{'w': '0.276', 'd': '0.2522', 'l': '0.4718'}",2023
22901,True,"{'id': '239', 'title': 'Mallorca', 'short_title': 'MAL'}","{'id': '153', 'title': 'Real Betis', 'short_title': 'BET'}","{'h': '0', 'a': '1'}","{'h': '1.72961', 'a': '0.400759'}",2024-01-27 20:00:00,"{'w': '0.7598', 'd': '0.1819', 'l': '0.0583'}",2023
22897,True,"{'id': '152', 'title': 'Celta Vigo', 'short_title': 'CEL'}","{'id': '223', 'title': 'Girona', 'short_title': 'GIR'}","{'h': '0', 'a': '1'}","{'h': '1.03961', 'a': '1.60712'}",2024-01-28 13:00:00,"{'w': '0.207', 'd': '0.2733', 'l': '0.5197'}",2023
22900,True,"{'id': '261', 'title': 'Cadiz', 'short_title': 'CAD'}","{'id': '147', 'title': 'Athletic Club', 'short_title': 'ATH'}","{'h': '0', 'a': '0'}","{'h': '0.367526', 'a': '0.25604'}",2024-01-28 15:15:00,"{'w': '0.2495', 'd': '0.5861', 'l': '0.1644'}",2023
22902,True,"{'id': '138', 'title': 'Sevilla', 'short_title': 'SEV'}","{'id': '157', 'title': 'Osasuna', 'short_title': 'OSA'}","{'h': '1', 'a': '1'}","{'h': '1.42372', 'a': '1.07779'}",2024-01-28 17:30:00,"{'w': '0.43', 'd': '0.3581', 'l': '0.2119'}",2023
22895,True,"{'id': '143', 'title': 'Atletico Madrid', 'short_title': 'ATL'}","{'id': '146', 'title': 'Valencia', 'short_title': 'VAL'}","{'h': '2', 'a': '0'}","{'h': '2.80234', 'a': '0.406631'}",2024-01-28 20:00:00,"{'w': '0.9292', 'd': '0.0587', 'l': '0.0121'}",2023
22898,True,"{'id': '142', 'title': 'Getafe', 'short_title': 'GET'}","{'id': '155', 'title': 'Granada', 'short_title': 'GRA'}","{'h': '2', 'a': '0'}","{'h': '1.03385', 'a': '1.504'}",2024-01-29 20:00:00,"{'w': '0.205', 'd': '0.314', 'l': '0.481'}",2023
22878,True,"{'id': '148', 'title': 'Barcelona', 'short_title': 'BAR'}","{'id': '157', 'title': 'Osasuna', 'short_title': 'OSA'}","{'h': '1', 'a': '0'}","{'h': '2.21737', 'a': '1.41966'}",2024-01-31 18:00:00,"{'w': '0.573', 'd': '0.2284', 'l': '0.1986'}",2023
22877,True,"{'id': '143', 'title': 'Atletico Madrid', 'short_title': 'ATL'}","{'id': '145', 'title': 'Rayo Vallecano', 'short_title': 'RVL'}","{'h': '2', 'a': '1'}","{'h': '1.29884', 'a': '0.426602'}",2024-01-31 20:00:00,"{'w': '0.6275', 'd': '0.2721', 'l': '0.1004'}",2023
22881,True,"{'id': '142', 'title': 'Getafe', 'short_title': 'GET'}","{'id': '150', 'title': 'Real Madrid', 'short_title': 'RMA'}","{'h': '0', 'a': '2'}","{'h': '0.791039', 'a': '2.72231'}",2024-02-01 20:00:00,"{'w': '0.0446', 'd': '0.1277', 'l': '0.8277'}",2023
22905,True,"{'id': '147', 'title': 'Athletic Club', 'short_title': 'ATH'}","{'id': '239', 'title': 'Mallorca', 'short_title': 'MAL'}","{'h': '4', 'a': '0'}","{'h': '1.95995', 'a': '0.469702'}",2024-02-02 20:00:00,"{'w': '0.7804', 'd': '0.1734', 'l': '0.0462'}",2023
22911,True,"{'id': '146', 'title': 'Valencia', 'short_title': 'VAL'}","{'id': '208', 'title': 'Almeria', 'short_title': 'ALM'}","{'h': '2', 'a': '1'}","{'h': '1.38646', 'a': '1.5882'}",2024-02-03 13:00:00,"{'w': '0.287', 'd': '0.3072', 'l': '0.4058'}",2023
22909,True,"{'id': '155', 'title': 'Granada', 'short_title': 'GRA'}","{'id': '144', 'title': 'Las Palmas', 'short_title': 'LPL'}","{'h': '1', 'a': '1'}","{'h': '0.155607', 'a': '1.27614'}",2024-02-03 15:15:00,"{'w': '0.0427', 'd': '0.2551', 'l': '0.7022'}",2023
22910,True,"{'id': '158', 'title': 'Alaves', 'short_title': 'ALA'}","{'id': '148', 'title': 'Barcelona', 'short_title': 'BAR'}","{'h': '1', 'a': '3'}","{'h': '1.04716', 'a': '1.55781'}",2024-02-03 17:30:00,"{'w': '0.2129', 'd': '0.2876', 'l': '0.4995'}",2023
22907,True,"{'id': '223', 'title': 'Girona', 'short_title': 'GIR'}","{'id': '140', 'title': 'Real Sociedad', 'short_title': 'SOC'}","{'h': '0', 'a': '0'}","{'h': '1.04543', 'a': '0.583723'}",2024-02-03 20:00:00,"{'w': '0.4805', 'd': '0.3332', 'l': '0.1863'}",2023
22913,True,"{'id': '154', 'title': 'Villarreal', 'short_title': 'VIL'}","{'id': '261', 'title': 'Cadiz', 'short_title': 'CAD'}","{'h': '0', 'a': '0'}","{'h': '1.00089', 'a': '0.686978'}",2024-02-04 13:00:00,"{'w': '0.4185', 'd': '0.3382', 'l': '0.2433'}",2023
22914,True,"{'id': '157', 'title': 'Osasuna', 'short_title': 'OSA'}","{'id': '152', 'title': 'Celta Vigo', 'short_title': 'CEL'}","{'h': '0', 'a': '3'}","{'h': '1.00524', 'a': '1.37845'}",2024-02-04 15:15:00,"{'w': '0.24', 'd': '0.2854', 'l': '0.4746'}",2023
22906,True,"{'id': '153', 'title': 'Real Betis', 'short_title': 'BET'}","{'id': '142', 'title': 'Getafe', 'short_title': 'GET'}","{'h': '1', 'a': '1'}","{'h': '1.54414', 'a': '1.9002'}",2024-02-04 17:30:00,"{'w': '0.2431', 'd': '0.3026', 'l': '0.4543'}",2023
22912,True,"{'id': '150', 'title': 'Real Madrid', 'short_title': 'RMA'}","{'id': '143', 'title': 'Atletico Madrid', 'short_title': 'ATL'}","{'h': '1', 'a': '1'}","{'h': '2.36334', 'a': '1.35012'}",2024-02-04 20:00:00,"{'w': '0.6424', 'd': '0.2166', 'l': '0.141'}",2023
22908,True,"{'id': '145', 'title': 'Rayo Vallecano', 'short_title': 'RVL'}","{'id': '138', 'title': 'Sevilla', 'short_title': 'SEV'}","{'h': '1', 'a': '2'}","{'h': '2.1306', 'a': '1.77647'}",2024-02-05 20:00:00,"{'w': '0.456', 'd': '0.2422', 'l': '0.3018'}",2023
22921,True,"{'id': '261', 'title': 'Cadiz', 'short_title': 'CAD'}","{'id': '153', 'title': 'Real Betis', 'short_title': 'BET'}","{'h': '0', 'a': '2'}","{'h': '0.755069', 'a': '1.43872'}",2024-02-09 20:00:00,"{'w': '0.1722', 'd': '0.2685', 'l': '0.5593'}",2023
22919,True,"{'id': '158', 'title': 'Alaves', 'short_title': 'ALA'}","{'id': '154', 'title': 'Villarreal', 'short_title': 'VIL'}","{'h': '1', 'a': '1'}","{'h': '2.09111', 'a': '1.29002'}",2024-02-10 13:00:00,"{'w': '0.5797', 'd': '0.2332', 'l': '0.1871'}",2023
22924,True,"{'id': '140', 'title': 'Real Sociedad', 'short_title': 'SOC'}","{'id': '157', 'title': 'Osasuna', 'short_title': 'OSA'}","{'h': '0', 'a': '1'}","{'h': '2.50503', 'a': '0.704714'}",2024-02-10 15:15:00,"{'w': '0.8065', 'd': '0.1344', 'l': '0.0591'}",2023
22923,True,"{'id': '150', 'title': 'Real Madrid', 'short_title': 'RMA'}","{'id': '223', 'title': 'Girona', 'short_title': 'GIR'}","{'h': '4', 'a': '0'}","{'h': '3.32636', 'a': '0.180194'}",2024-02-10 17:30:00,"{'w': '0.9844', 'd': '0.0143', 'l': '0.0013'}",2023
22918,True,"{'id': '144', 'title': 'Las Palmas', 'short_title': 'LPL'}","{'id': '146', 'title': 'Valencia', 'short_title': 'VAL'}","{'h': '2', 'a': '0'}","{'h': '1.41954', 'a': '0.251178'}",2024-02-10 20:00:00,"{'w': '0.7865', 'd': '0.1819', 'l': '0.0316'}",2023
22922,True,"{'id': '142', 'title': 'Getafe', 'short_title': 'GET'}","{'id': '152', 'title': 'Celta Vigo', 'short_title': 'CEL'}","{'h': '3', 'a': '2'}","{'h': '2.22295', 'a': '1.2733'}",2024-02-11 13:00:00,"{'w': '0.673', 'd': '0.2314', 'l': '0.0956'}",2023
22917,True,"{'id': '239', 'title': 'Mallorca', 'short_title': 'MAL'}","{'id': '145', 'title': 'Rayo Vallecano', 'short_title': 'RVL'}","{'h': '2', 'a': '1'}","{'h': '0.82898', 'a': '1.40787'}",2024-02-11 15:15:00,"{'w': '0.1715', 'd': '0.2917', 'l': '0.5368'}",2023
22920,True,"{'id': '138', 'title': 'Sevilla', 'short_title': 'SEV'}","{'id': '143', 'title': 'Atletico Madrid', 'short_title': 'ATL'}","{'h': '1', 'a': '0'}","{'h': '2.15338', 'a': '1.67549'}",2024-02-11 17:30:00,"{'w': '0.4943', 'd': '0.2408', 'l': '0.2649'}",2023
22916,True,"{'id': '148', 'title': 'Barcelona', 'short_title': 'BAR'}","{'id': '155', 'title': 'Granada', 'short_title': 'GRA'}","{'h': '3', 'a': '3'}","{'h': '2.5229', 'a': '1.20453'}",2024-02-11 20:00:00,"{'w': '0.7257', 'd': '0.1768', 'l': '0.0975'}",2023
22915,True,"{'id': '208', 'title': 'Almeria', 'short_title': 'ALM'}","{'id': '147', 'title': 'Athletic Club', 'short_title': 'ATH'}","{'h': '0', 'a': '0'}","{'h': '0.900611', 'a': '0.621857'}",2024-02-12 20:00:00,"{'w': '0.4146', 'd': '0.3584', 'l': '0.227'}",2023
22932,True,"{'id': '154', 'title': 'Villarreal', 'short_title': 'VIL'}","{'id': '142', 'title': 'Getafe', 'short_title': 'GET'}","{'h': '1', 'a': '1'}","{'h': '1.61961', 'a': '0.976893'}",2024-02-16 20:00:00,"{'w': '0.5353', 'd': '0.2673', 'l': '0.1974'}",2023
22926,True,"{'id': '143', 'title': 'Atletico Madrid', 'short_title': 'ATL'}","{'id': '144', 'title': 'Las Palmas', 'short_title': 'LPL'}","{'h': '5', 'a': '0'}","{'h': '2.79269', 'a': '0.660284'}",2024-02-17 13:00:00,"{'w': '0.8612', 'd': '0.1071', 'l': '0.0317'}",2023
22931,True,"{'id': '157', 'title': 'Osasuna', 'short_title': 'OSA'}","{'id': '261', 'title': 'Cadiz', 'short_title': 'CAD'}","{'h': '2', 'a': '0'}","{'h': '1.37854', 'a': '0.919753'}",2024-02-17 15:15:00,"{'w': '0.4785', 'd': '0.2926', 'l': '0.2289'}",2023
22930,True,"{'id': '152', 'title': 'Celta Vigo', 'short_title': 'CEL'}","{'id': '148', 'title': 'Barcelona', 'short_title': 'BAR'}","{'h': '1', 'a': '2'}","{'h': '0.636492', 'a': '1.5046'}",2024-02-17 17:30:00,"{'w': '0.1183', 'd': '0.2499', 'l': '0.6318'}",2023
22933,True,"{'id': '146', 'title': 'Valencia', 'short_title': 'VAL'}","{'id': '138', 'title': 'Sevilla', 'short_title': 'SEV'}","{'h': '0', 'a': '0'}","{'h': '1.11987', 'a': '0.0457854'}",2024-02-17 20:00:00,"{'w': '0.734', 'd': '0.2555', 'l': '0.0105'}",2023
22928,True,"{'id': '145', 'title': 'Rayo Vallecano', 'short_title': 'RVL'}","{'id': '150', 'title': 'Real Madrid', 'short_title': 'RMA'}","{'h': '1', 'a': '1'}","{'h': '1.1431', 'a': '1.0219'}",2024-02-18 13:00:00,"{'w': '0.3792', 'd': '0.3359', 'l': '0.2849'}",2023
22929,True,"{'id': '155', 'title': 'Granada', 'short_title': 'GRA'}","{'id': '208', 'title': 'Almeria', 'short_title': 'ALM'}","{'h': '1', 'a': '1'}","{'h': '1.79616', 'a': '0.693843'}",2024-02-18 15:15:00,"{'w': '0.675', 'd': '0.2135', 'l': '0.1115'}",2023
22927,True,"{'id': '239', 'title': 'Mallorca', 'short_title': 'MAL'}","{'id': '140', 'title': 'Real Sociedad', 'short_title': 'SOC'}","{'h': '1', 'a': '2'}","{'h': '0.188904', 'a': '1.20859'}",2024-02-18 17:30:00,"{'w': '0.0519', 'd': '0.2887', 'l': '0.6594'}",2023
22934,True,"{'id': '153', 'title': 'Real Betis', 'short_title': 'BET'}","{'id': '158', 'title': 'Alaves', 'short_title': 'ALA'}","{'h': '0', 'a': '0'}","{'h': '1.18267', 'a': '0.490778'}",2024-02-18 20:00:00,"{'w': '0.5776', 'd': '0.2936', 'l': '0.1288'}",2023
22925,True,"{'id': '147', 'title': 'Athletic Club', 'short_title': 'ATH'}","{'id': '223', 'title': 'Girona', 'short_title': 'GIR'}","{'h': '3', 'a': '2'}","{'h': '2.7904', 'a': '1.80583'}",2024-02-19 20:00:00,"{'w': '0.6234', 'd': '0.2112', 'l': '0.1654'}",2023
22940,True,"{'id': '140', 'title': 'Real Sociedad', 'short_title': 'SOC'}","{'id': '154', 'title': 'Villarreal', 'short_title': 'VIL'}","{'h': '1', 'a': '3'}","{'h': '1.48985', 'a': '1.6421'}",2024-02-23 20:00:00,"{'w': '0.3072', 'd': '0.2959', 'l': '0.3969'}",2023
22936,True,"{'id': '148', 'title': 'Barcelona', 'short_title': 'BAR'}","{'id': '142', 'title': 'Getafe', 'short_title': 'GET'}","{'h': '4', 'a': '0'}","{'h': '2.65095', 'a': '0.316762'}",2024-02-24 15:15:00,"{'w': '0.9054', 'd': '0.0744', 'l': '0.0202'}",2023
22943,True,"{'id': '158', 'title': 'Alaves', 'short_title': 'ALA'}","{'id': '239', 'title': 'Mallorca', 'short_title': 'MAL'}","{'h': '1', 'a': '1'}","{'h': '0.501891', 'a': '1.80166'}",2024-02-24 17:30:00,"{'w': '0.0683', 'd': '0.1843', 'l': '0.7474'}",2023
22935,True,"{'id': '208', 'title': 'Almeria', 'short_title': 'ALM'}","{'id': '143', 'title': 'Atletico Madrid', 'short_title': 'ATL'}","{'h': '2', 'a': '2'}","{'h': '0.352281', 'a': '1.87638'}",2024-02-24 20:00:00,"{'w': '0.0472', 'd': '0.1682', 'l': '0.7846'}",2023
22937,True,"{'id': '261', 'title': 'Cadiz', 'short_title': 'CAD'}","{'id': '152', 'title': 'Celta Vigo', 'short_title': 'CEL'}","{'h': '2', 'a': '2'}","{'h': '1.87476', 'a': '0.680213'}",2024-02-25 13:00:00,"{'w': '0.6927', 'd': '0.2102', 'l': '0.0971'}",2023
22944,True,"{'id': '153', 'title': 'Real Betis', 'short_title': 'BET'}","{'id': '147', 'title': 'Athletic Club', 'short_title': 'ATH'}","{'h': '3', 'a': '1'}","{'h': '0.921277', 'a': '0.137757'}",2024-02-25 15:15:00,"{'w': '0.5893', 'd': '0.3633', 'l': '0.0474'}",2023
22942,True,"{'id': '144', 'title': 'Las Palmas', 'short_title': 'LPL'}","{'id': '157', 'title': 'Osasuna', 'short_title': 'OSA'}","{'h': '1', 'a': '1'}","{'h': '0.942659', 'a': '0.387933'}",2024-02-25 17:30:00,"{'w': '0.5333', 'd': '0.3417', 'l': '0.125'}",2023
22939,True,"{'id': '150', 'title': 'Real Madrid', 'short_title': 'RMA'}","{'id': '138', 'title': 'Sevilla', 'short_title': 'SEV'}","{'h': '1', 'a': '0'}","{'h': '1.01644', 'a': '0.967099'}",2024-02-25 20:00:00,"{'w': '0.3289', 'd': '0.3326', 'l': '0.3385'}",2023
22938,True,"{'id': '223', 'title': 'Girona', 'short_title': 'GIR'}","{'id': '145', 'title': 'Rayo Vallecano', 'short_title': 'RVL'}","{'h': '3', 'a': '0'}","{'h': '2.81311', 'a': '0.564655'}",2024-02-26 20:00:00,"{'w': '0.9034', 'd': '0.0771', 'l': '0.0195'}",2023
22948,True,"{'id': '152', 'title': 'Celta Vigo', 'short_title': 'CEL'}","{'id': '208', 'title': 'Almeria', 'short_title': 'ALM'}","{'h': '1', 'a': '0'}","{'h': '1.82317', 'a': '0.3259'}",2024-03-01 20:00:00,"{'w': '0.8102', 'd': '0.1548', 'l': '0.035'}",2023
22952,True,"{'id': '138', 'title': 'Sevilla', 'short_title': 'SEV'}","{'id': '140', 'title': 'Real Sociedad', 'short_title': 'SOC'}","{'h': '3', 'a': '2'}","{'h': '2.15506', 'a': '1.27238'}",2024-03-02 13:00:00,"{'w': '0.6132', 'd': '0.2467', 'l': '0.1401'}",2023
22949,True,"{'id': '145', 'title': 'Rayo Vallecano', 'short_title': 'RVL'}","{'id': '261', 'title': 'Cadiz', 'short_title': 'CAD'}","{'h': '1', 'a': '1'}","{'h': '0.688061', 'a': '1.21648'}",2024-03-02 15:15:00,"{'w': '0.1941', 'd': '0.3169', 'l': '0.489'}",2023
22947,True,"{'id': '142', 'title': 'Getafe', 'short_title': 'GET'}","{'id': '144', 'title': 'Las Palmas', 'short_title': 'LPL'}","{'h': '3', 'a': '3'}","{'h': '2.38804', 'a': '1.37145'}",2024-03-02 17:30:00,"{'w': '0.6254', 'd': '0.2151', 'l': '0.1595'}",2023
22951,True,"{'id': '146', 'title': 'Valencia', 'short_title': 'VAL'}","{'id': '150', 'title': 'Real Madrid', 'short_title': 'RMA'}","{'h': '2', 'a': '2'}","{'h': '1.33185', 'a': '1.45798'}",2024-03-02 20:00:00,"{'w': '0.3184', 'd': '0.2921', 'l': '0.3895'}",2023
22953,True,"{'id': '154', 'title': 'Villarreal', 'short_title': 'VIL'}","{'id': '155', 'title': 'Granada', 'short_title': 'GRA'}","{'h': '5', 'a': '1'}","{'h': '3.02991', 'a': '0.276758'}",2024-03-03 13:00:00,"{'w': '0.9497', 'd': '0.0427', 'l': '0.0076'}",2023
22946,True,"{'id': '143', 'title': 'Atletico Madrid', 'short_title': 'ATL'}","{'id': '153', 'title': 'Real Betis', 'short_title': 'BET'}","{'h': '2', 'a': '1'}","{'h': '3.54138', 'a': '0.588581'}",2024-03-03 15:15:00,"{'w': '0.9544', 'd': '0.0365', 'l': '0.0091'}",2023
22950,True,"{'id': '239', 'title': 'Mallorca', 'short_title': 'MAL'}","{'id': '223', 'title': 'Girona', 'short_title': 'GIR'}","{'h': '1', 'a': '0'}","{'h': '0.943297', 'a': '1.08616'}",2024-03-03 17:30:00,"{'w': '0.3013', 'd': '0.3064', 'l': '0.3923'}",2023
22945,True,"{'id': '147', 'title': 'Athletic Club', 'short_title': 'ATH'}","{'id': '148', 'title': 'Barcelona', 'short_title': 'BAR'}","{'h': '0', 'a': '0'}","{'h': '0.468397', 'a': '0.714592'}",2024-03-03 20:00:00,"{'w': '0.2114', 'd': '0.4052', 'l': '0.3834'}",2023
22954,True,"{'id': '157', 'title': 'Osasuna', 'short_title': 'OSA'}","{'id': '158', 'title': 'Alaves', 'short_title': 'ALA'}","{'h': '1', 'a': '0'}","{'h': '1.71646', 'a': '1.14533'}",2024-03-04 20:00:00,"{'w': '0.5029', 'd': '0.2784', 'l': '0.2187'}",2023
22956,True,"{'id': '148', 'title': 'Barcelona', 'short_title': 'BAR'}","{'id': '239', 'title': 'Mallorca', 'short_title': 'MAL'}","{'h': '1', 'a': '0'}","{'h': '2.06225', 'a': '0.504754'}",2024-03-08 20:00:00,"{'w': '0.8022', 'd': '0.1495', 'l': '0.0483'}",2023
22964,True,"{'id': '146', 'title': 'Valencia', 'short_title': 'VAL'}","{'id': '142', 'title': 'Getafe', 'short_title': 'GET'}","{'h': '1', 'a': '0'}","{'h': '1.27245', 'a': '1.17773'}",2024-03-09 13:00:00,"{'w': '0.3649', 'd': '0.3232', 'l': '0.3119'}",2023
22962,True,"{'id': '261', 'title': 'Cadiz', 'short_title': 'CAD'}","{'id': '143', 'title': 'Atletico Madrid', 'short_title': 'ATL'}","{'h': '2', 'a': '0'}","{'h': '1.18033', 'a': '0.895711'}",2024-03-09 15:15:00,"{'w': '0.4148', 'd': '0.3607', 'l': '0.2245'}",2023
22959,True,"{'id': '155', 'title': 'Granada', 'short_title': 'GRA'}","{'id': '140', 'title': 'Real Sociedad', 'short_title': 'SOC'}","{'h': '2', 'a': '3'}","{'h': '2.0551', 'a': '1.88323'}",2024-03-09 17:30:00,"{'w': '0.4054', 'd': '0.2866', 'l': '0.308'}",2023
22958,True,"{'id': '223', 'title': 'Girona', 'short_title': 'GIR'}","{'id': '157', 'title': 'Osasuna', 'short_title': 'OSA'}","{'h': '2', 'a': '0'}","{'h': '2.1772', 'a': '0.185235'}",2024-03-09 20:00:00,"{'w': '0.873', 'd': '0.1088', 'l': '0.0182'}",2023
22960,True,"{'id': '158', 'title': 'Alaves', 'short_title': 'ALA'}","{'id': '145', 'title': 'Rayo Vallecano', 'short_title': 'RVL'}","{'h': '1', 'a': '0'}","{'h': '0.640241', 'a': '0.579451'}",2024-03-10 13:00:00,"{'w': '0.2986', 'd': '0.4208', 'l': '0.2806'}",2023
22961,True,"{'id': '144', 'title': 'Las Palmas', 'short_title': 'LPL'}","{'id': '147', 'title': 'Athletic Club', 'short_title': 'ATH'}","{'h': '0', 'a': '2'}","{'h': '0.834663', 'a': '1.27321'}",2024-03-10 15:15:00,"{'w': '0.2113', 'd': '0.2974', 'l': '0.4913'}",2023
22963,True,"{'id': '150', 'title': 'Real Madrid', 'short_title': 'RMA'}","{'id': '152', 'title': 'Celta Vigo', 'short_title': 'CEL'}","{'h': '4', 'a': '0'}","{'h': '3.6885', 'a': '0.53726'}",2024-03-10 17:30:00,"{'w': '0.9636', 'd': '0.0295', 'l': '0.0069'}",2023
22957,True,"{'id': '153', 'title': 'Real Betis', 'short_title': 'BET'}","{'id': '154', 'title': 'Villarreal', 'short_title': 'VIL'}","{'h': '2', 'a': '3'}","{'h': '1.39975', 'a': '1.30814'}",2024-03-10 20:00:00,"{'w': '0.3757', 'd': '0.2954', 'l': '0.3289'}",2023
22955,True,"{'id': '208', 'title': 'Almeria', 'short_title': 'ALM'}","{'id': '138', 'title': 'Sevilla', 'short_title': 'SEV'}","{'h': '2', 'a': '2'}","{'h': '1.81235', 'a': '2.6495'}",2024-03-11 20:00:00,"{'w': '0.2245', 'd': '0.2011', 'l': '0.5744'}",2023
22970,True,"{'id': '140', 'title': 'Real Sociedad', 'short_title': 'SOC'}","{'id': '261', 'title': 'Cadiz', 'short_title': 'CAD'}","{'h': '2', 'a': '0'}","{'h': '2.34962', 'a': '0.695705'}",2024-03-15 20:00:00,"{'w': '0.7837', 'd': '0.1524', 'l': '0.0639'}",2023
22973,True,"{'id': '239', 'title': 'Mallorca', 'short_title': 'MAL'}","{'id': '155', 'title': 'Granada', 'short_title': 'GRA'}","{'h': '1', 'a': '0'}","{'h': '1.65502', 'a': '0.295993'}",2024-03-16 13:00:00,"{'w': '0.767', 'd': '0.1875', 'l': '0.0455'}",2023
22967,True,"{'id': '157', 'title': 'Osasuna', 'short_title': 'OSA'}","{'id': '150', 'title': 'Real Madrid', 'short_title': 'RMA'}","{'h': '2', 'a': '4'}","{'h': '0.669756', 'a': '3.05767'}",2024-03-16 15:15:00,"{'w': '0.0282', 'd': '0.0851', 'l': '0.8867'}",2023
22966,True,"{'id': '142', 'title': 'Getafe', 'short_title': 'GET'}","{'id': '223', 'title': 'Girona', 'short_title': 'GIR'}","{'h': '1', 'a': '0'}","{'h': '1.10963', 'a': '1.70185'}",2024-03-16 17:30:00,"{'w': '0.2251', 'd': '0.257', 'l': '0.5179'}",2023
22974,True,"{'id': '147', 'title': 'Athletic Club', 'short_title': 'ATH'}","{'id': '158', 'title': 'Alaves', 'short_title': 'ALA'}","{'h': '2', 'a': '0'}","{'h': '2.31129', 'a': '1.38702'}",2024-03-16 20:00:00,"{'w': '0.6181', 'd': '0.2581', 'l': '0.1238'}",2023
22971,True,"{'id': '138', 'title': 'Sevilla', 'short_title': 'SEV'}","{'id': '152', 'title': 'Celta Vigo', 'short_title': 'CEL'}","{'h': '1', 'a': '2'}","{'h': '1.75591', 'a': '2.23423'}",2024-03-17 13:00:00,"{'w': '0.2744', 'd': '0.2304', 'l': '0.4952'}",2023
22972,True,"{'id': '154', 'title': 'Villarreal', 'short_title': 'VIL'}","{'id': '146', 'title': 'Valencia', 'short_title': 'VAL'}","{'h': '1', 'a': '0'}","{'h': '2.1872', 'a': '1.07722'}",2024-03-17 15:15:00,"{'w': '0.6705', 'd': '0.2028', 'l': '0.1267'}",2023
22968,True,"{'id': '144', 'title': 'Las Palmas', 'short_title': 'LPL'}","{'id': '208', 'title': 'Almeria', 'short_title': 'ALM'}","{'h': '0', 'a': '1'}","{'h': '0.793707', 'a': '0.688106'}",2024-03-17 16:15:00,"{'w': '0.3317', 'd': '0.3731', 'l': '0.2952'}",2023
22969,True,"{'id': '145', 'title': 'Rayo Vallecano', 'short_title': 'RVL'}","{'id': '153', 'title': 'Real Betis', 'short_title': 'BET'}","{'h': '2', 'a': '0'}","{'h': '0.790186', 'a': '0.69375'}",2024-03-17 17:30:00,"{'w': '0.3578', 'd': '0.3652', 'l': '0.277'}",2023
22965,True,"{'id': '143', 'title': 'Atletico Madrid', 'short_title': 'ATL'}","{'id': '148', 'title': 'Barcelona', 'short_title': 'BAR'}","{'h': '0', 'a': '3'}","{'h': '0.570805', 'a': '1.94966'}",2024-03-17 20:00:00,"{'w': '0.0684', 'd': '0.1718', 'l': '0.7598'}",2023
22977,True,"{'id': '261', 'title': 'Cadiz', 'short_title': 'CAD'}","{'id': '155', 'title': 'Granada', 'short_title': 'GRA'}","{'h': '1', 'a': '0'}","{'h': '1.19169', 'a': '0.412637'}",2024-03-29 20:00:00,"{'w': '0.5772', 'd': '0.3042', 'l': '0.1186'}",2023
22979,True,"{'id': '142', 'title': 'Getafe', 'short_title': 'GET'}","{'id': '138', 'title': 'Sevilla', 'short_title': 'SEV'}","{'h': '0', 'a': '1'}","{'h': '1.57791', 'a': '0.901033'}",2024-03-30 13:00:00,"{'w': '0.5426', 'd': '0.282', 'l': '0.1754'}",2023
22975,True,"{'id': '208', 'title': 'Almeria', 'short_title': 'ALM'}","{'id': '157', 'title': 'Osasuna', 'short_title': 'OSA'}","{'h': '0', 'a': '3'}","{'h': '0.745696', 'a': '1.00888'}",2024-03-30 15:15:00,"{'w': '0.2353', 'd': '0.3363', 'l': '0.4284'}",2023
22984,True,"{'id': '146', 'title': 'Valencia', 'short_title': 'VAL'}","{'id': '239', 'title': 'Mallorca', 'short_title': 'MAL'}","{'h': '0', 'a': '0'}","{'h': '1.33845', 'a': '0.673736'}",2024-03-30 17:30:00,"{'w': '0.5678', 'd': '0.2729', 'l': '0.1593'}",2023
22976,True,"{'id': '148', 'title': 'Barcelona', 'short_title': 'BAR'}","{'id': '144', 'title': 'Las Palmas', 'short_title': 'LPL'}","{'h': '1', 'a': '0'}","{'h': '1.72947', 'a': '0.314295'}",2024-03-30 20:00:00,"{'w': '0.789', 'd': '0.1696', 'l': '0.0414'}",2023
22978,True,"{'id': '152', 'title': 'Celta Vigo', 'short_title': 'CEL'}","{'id': '145', 'title': 'Rayo Vallecano', 'short_title': 'RVL'}","{'h': '0', 'a': '0'}","{'h': '0.838396', 'a': '0.515128'}",2024-03-31 13:00:00,"{'w': '0.4171', 'd': '0.3853', 'l': '0.1976'}",2023
22983,True,"{'id': '223', 'title': 'Girona', 'short_title': 'GIR'}","{'id': '153', 'title': 'Real Betis', 'short_title': 'BET'}","{'h': '3', 'a': '2'}","{'h': '2.43161', 'a': '0.524961'}",2024-03-31 15:15:00,"{'w': '0.9075', 'd': '0.0792', 'l': '0.0133'}",2023
22980,True,"{'id': '158', 'title': 'Alaves', 'short_title': 'ALA'}","{'id': '140', 'title': 'Real Sociedad', 'short_title': 'SOC'}","{'h': '0', 'a': '1'}","{'h': '0.142958', 'a': '1.29248'}",2024-03-31 17:30:00,"{'w': '0.0322', 'd': '0.2435', 'l': '0.7243'}",2023
22981,True,"{'id': '150', 'title': 'Real Madrid', 'short_title': 'RMA'}","{'id': '147', 'title': 'Athletic Club', 'short_title': 'ATH'}","{'h': '2', 'a': '0'}","{'h': '1.1877', 'a': '0.304704'}",2024-03-31 20:00:00,"{'w': '0.6593', 'd': '0.2703', 'l': '0.0704'}",2023
22982,True,"{'id': '154', 'title': 'Villarreal', 'short_title': 'VIL'}","{'id': '143', 'title': 'Atletico Madrid', 'short_title': 'ATL'}","{'h': '1', 'a': '2'}","{'h': '0.681964', 'a': '1.2402'}",2024-04-01 19:00:00,"{'w': '0.1936', 'd': '0.3024', 'l': '0.504'}",2023
22941,True,"{'id': '155', 'title': 'Granada', 'short_title': 'GRA'}","{'id': '146', 'title': 'Valencia', 'short_title': 'VAL'}","{'h': '0', 'a': '1'}","{'h': '0.729135', 'a': '0.718558'}",2024-04-04 18:00:00,"{'w': '0.2885', 'd': '0.3766', 'l': '0.3349'}",2023
22987,True,"{'id': '153', 'title': 'Real Betis', 'short_title': 'BET'}","{'id': '152', 'title': 'Celta Vigo', 'short_title': 'CEL'}","{'h': '2', 'a': '1'}","{'h': '1.22903', 'a': '1.58129'}",2024-04-12 19:00:00,"{'w': '0.253', 'd': '0.2723', 'l': '0.4747'}",2023
22986,True,"{'id': '143', 'title': 'Atletico Madrid', 'short_title': 'ATL'}","{'id': '223', 'title': 'Girona', 'short_title': 'GIR'}","{'h': '3', 'a': '1'}","{'h': '2.58629', 'a': '2.20992'}",2024-04-13 12:00:00,"{'w': '0.4468', 'd': '0.2606', 'l': '0.2926'}",2023
22993,True,"{'id': '145', 'title': 'Rayo Vallecano', 'short_title': 'RVL'}","{'id': '142', 'title': 'Getafe', 'short_title': 'GET'}","{'h': '0', 'a': '0'}","{'h': '0.777828', 'a': '0.25153'}",2024-04-13 14:15:00,"{'w': '0.4902', 'd': '0.409', 'l': '0.1008'}",2023
22988,True,"{'id': '239', 'title': 'Mallorca', 'short_title': 'MAL'}","{'id': '150', 'title': 'Real Madrid', 'short_title': 'RMA'}","{'h': '0', 'a': '1'}","{'h': '0.592998', 'a': '1.81161'}",2024-04-13 16:30:00,"{'w': '0.0796', 'd': '0.2082', 'l': '0.7122'}",2023
22992,True,"{'id': '261', 'title': 'Cadiz', 'short_title': 'CAD'}","{'id': '148', 'title': 'Barcelona', 'short_title': 'BAR'}","{'h': '0', 'a': '1'}","{'h': '0.79048', 'a': '0.833415'}",2024-04-13 19:00:00,"{'w': '0.3098', 'd': '0.3515', 'l': '0.3387'}",2023
22990,True,"{'id': '144', 'title': 'Las Palmas', 'short_title': 'LPL'}","{'id': '138', 'title': 'Sevilla', 'short_title': 'SEV'}","{'h': '0', 'a': '2'}","{'h': '0.0909476', 'a': '2.06406'}",2024-04-14 12:00:00,"{'w': '0.0074', 'd': '0.0855', 'l': '0.9071'}",2023
22994,True,"{'id': '155', 'title': 'Granada', 'short_title': 'GRA'}","{'id': '158', 'title': 'Alaves', 'short_title': 'ALA'}","{'h': '2', 'a': '0'}","{'h': '1.86823', 'a': '0.279326'}",2024-04-14 14:15:00,"{'w': '0.8486', 'd': '0.1274', 'l': '0.024'}",2023
22985,True,"{'id': '147', 'title': 'Athletic Club', 'short_title': 'ATH'}","{'id': '154', 'title': 'Villarreal', 'short_title': 'VIL'}","{'h': '1', 'a': '1'}","{'h': '0.823044', 'a': '2.1913'}",2024-04-14 16:30:00,"{'w': '0.0716', 'd': '0.1688', 'l': '0.7596'}",2023
22991,True,"{'id': '140', 'title': 'Real Sociedad', 'short_title': 'SOC'}","{'id': '208', 'title': 'Almeria', 'short_title': 'ALM'}","{'h': '2', 'a': '2'}","{'h': '1.68743', 'a': '1.77546'}",2024-04-14 19:00:00,"{'w': '0.328', 'd': '0.2785', 'l': '0.3935'}",2023
22989,True,"{'id': '157', 'title': 'Osasuna', 'short_title': 'OSA'}","{'id': '146', 'title': 'Valencia', 'short_title': 'VAL'}","{'h': '0', 'a': '1'}","{'h': '2.26875', 'a': '0.235711'}",2024-04-15 19:00:00,"{'w': '0.9137', 'd': '0.0766', 'l': '0.0097'}",2023
22996,True,"{'id': '147', 'title': 'Athletic Club', 'short_title': 'ATH'}","{'id': '155', 'title': 'Granada', 'short_title': 'GRA'}","{'h': '1', 'a': '1'}","{'h': '1.64137', 'a': '0.150973'}",2024-04-19 19:00:00,"{'w': '0.7977', 'd': '0.1762', 'l': '0.0261'}",2023
22997,True,"{'id': '152', 'title': 'Celta Vigo', 'short_title': 'CEL'}","{'id': '144', 'title': 'Las Palmas', 'short_title': 'LPL'}","{'h': '4', 'a': '1'}","{'h': '3.58931', 'a': '0.90843'}",2024-04-20 12:00:00,"{'w': '0.8996', 'd': '0.0724', 'l': '0.028'}",2023
23004,True,"{'id': '145', 'title': 'Rayo Vallecano', 'short_title': 'RVL'}","{'id': '157', 'title': 'Osasuna', 'short_title': 'OSA'}","{'h': '2', 'a': '1'}","{'h': '0.560289', 'a': '0.930714'}",2024-04-20 14:15:00,"{'w': '0.1861', 'd': '0.3505', 'l': '0.4634'}",2023
23001,True,"{'id': '146', 'title': 'Valencia', 'short_title': 'VAL'}","{'id': '153', 'title': 'Real Betis', 'short_title': 'BET'}","{'h': '1', 'a': '2'}","{'h': '0.951475', 'a': '1.82123'}",2024-04-20 16:30:00,"{'w': '0.1338', 'd': '0.2639', 'l': '0.6023'}",2023
23002,True,"{'id': '223', 'title': 'Girona', 'short_title': 'GIR'}","{'id': '261', 'title': 'Cadiz', 'short_title': 'CAD'}","{'h': '4', 'a': '1'}","{'h': '2.30941', 'a': '1.82433'}",2024-04-20 19:00:00,"{'w': '0.4848', 'd': '0.2561', 'l': '0.2591'}",2023
22998,True,"{'id': '142', 'title': 'Getafe', 'short_title': 'GET'}","{'id': '140', 'title': 'Real Sociedad', 'short_title': 'SOC'}","{'h': '1', 'a': '1'}","{'h': '1.19821', 'a': '1.03517'}",2024-04-21 12:00:00,"{'w': '0.3919', 'd': '0.3317', 'l': '0.2764'}",2023
22995,True,"{'id': '208', 'title': 'Almeria', 'short_title': 'ALM'}","{'id': '154', 'title': 'Villarreal', 'short_title': 'VIL'}","{'h': '1', 'a': '2'}","{'h': '2.14538', 'a': '1.60008'}",2024-04-21 14:15:00,"{'w': '0.5067', 'd': '0.2371', 'l': '0.2562'}",2023
22999,True,"{'id': '158', 'title': 'Alaves', 'short_title': 'ALA'}","{'id': '143', 'title': 'Atletico Madrid', 'short_title': 'ATL'}","{'h': '2', 'a': '0'}","{'h': '0.521018', 'a': '0.715212'}",2024-04-21 16:30:00,"{'w': '0.2485', 'd': '0.4017', 'l': '0.3498'}",2023
23000,True,"{'id': '150', 'title': 'Real Madrid', 'short_title': 'RMA'}","{'id': '148', 'title': 'Barcelona', 'short_title': 'BAR'}","{'h': '3', 'a': '2'}","{'h': '2.7698', 'a': '1.34666'}",2024-04-21 19:00:00,"{'w': '0.7327', 'd': '0.1673', 'l': '0.1'}",2023
23003,True,"{'id': '138', 'title': 'Sevilla', 'short_title': 'SEV'}","{'id': '239', 'title': 'Mallorca', 'short_title': 'MAL'}","{'h': '2', 'a': '1'}","{'h': '1.72842', 'a': '0.879845'}",2024-04-22 19:00:00,"{'w': '0.6061', 'd': '0.2429', 'l': '0.151'}",2023
23014,True,"{'id': '140', 'title': 'Real Sociedad', 'short_title': 'SOC'}","{'id': '150', 'title': 'Real Madrid', 'short_title': 'RMA'}","{'h': '0', 'a': '1'}","{'h': '0.380904', 'a': '0.462672'}",2024-04-26 19:00:00,"{'w': '0.2115', 'd': '0.4917', 'l': '0.2968'}",2023
23012,True,"{'id': '144', 'title': 'Las Palmas', 'short_title': 'LPL'}","{'id': '223', 'title': 'Girona', 'short_title': 'GIR'}","{'h': '0', 'a': '2'}","{'h': '1.41676', 'a': '2.0472'}",2024-04-27 12:00:00,"{'w': '0.1559', 'd': '0.2924', 'l': '0.5517'}",2023
23005,True,"{'id': '208', 'title': 'Almeria', 'short_title': 'ALM'}","{'id': '142', 'title': 'Getafe', 'short_title': 'GET'}","{'h': '1', 'a': '3'}","{'h': '2.748', 'a': '1.67485'}",2024-04-27 14:15:00,"{'w': '0.6295', 'd': '0.214', 'l': '0.1565'}",2023
23010,True,"{'id': '158', 'title': 'Alaves', 'short_title': 'ALA'}","{'id': '152', 'title': 'Celta Vigo', 'short_title': 'CEL'}","{'h': '3', 'a': '0'}","{'h': '3.41094', 'a': '0.188273'}",2024-04-27 16:30:00,"{'w': '0.9704', 'd': '0.0261', 'l': '0.0035'}",2023
23011,True,"{'id': '143', 'title': 'Atletico Madrid', 'short_title': 'ATL'}","{'id': '147', 'title': 'Athletic Club', 'short_title': 'ATH'}","{'h': '3', 'a': '1'}","{'h': '0.62028', 'a': '0.894572'}",2024-04-27 19:00:00,"{'w': '0.23', 'd': '0.3627', 'l': '0.4073'}",2023
23008,True,"{'id': '261', 'title': 'Cadiz', 'short_title': 'CAD'}","{'id': '239', 'title': 'Mallorca', 'short_title': 'MAL'}","{'h': '1', 'a': '1'}","{'h': '0.441837', 'a': '0.827497'}",2024-04-28 12:00:00,"{'w': '0.171', 'd': '0.3856', 'l': '0.4434'}",2023
23009,True,"{'id': '155', 'title': 'Granada', 'short_title': 'GRA'}","{'id': '157', 'title': 'Osasuna', 'short_title': 'OSA'}","{'h': '3', 'a': '0'}","{'h': '2.31468', 'a': '0.989028'}",2024-04-28 14:15:00,"{'w': '0.7132', 'd': '0.1854', 'l': '0.1014'}",2023
23013,True,"{'id': '154', 'title': 'Villarreal', 'short_title': 'VIL'}","{'id': '145', 'title': 'Rayo Vallecano', 'short_title': 'RVL'}","{'h': '3', 'a': '0'}","{'h': '1.98091', 'a': '0.896929'}",2024-04-28 16:30:00,"{'w': '0.6535', 'd': '0.2045', 'l': '0.142'}",2023
23007,True,"{'id': '153', 'title': 'Real Betis', 'short_title': 'BET'}","{'id': '138', 'title': 'Sevilla', 'short_title': 'SEV'}","{'h': '1', 'a': '1'}","{'h': '2.39465', 'a': '1.26484'}",2024-04-28 19:00:00,"{'w': '0.6702', 'd': '0.2171', 'l': '0.1127'}",2023
23006,True,"{'id': '148', 'title': 'Barcelona', 'short_title': 'BAR'}","{'id': '146', 'title': 'Valencia', 'short_title': 'VAL'}","{'h': '4', 'a': '2'}","{'h': '2.59636', 'a': '1.49346'}",2024-04-29 19:00:00,"{'w': '0.6371', 'd': '0.2107', 'l': '0.1522'}",2023
23017,True,"{'id': '142', 'title': 'Getafe', 'short_title': 'GET'}","{'id': '147', 'title': 'Athletic Club', 'short_title': 'ATH'}","{'h': '0', 'a': '2'}","{'h': '4.41644', 'a': '0.925588'}",2024-05-03 19:00:00,"{'w': '0.9652', 'd': '0.0276', 'l': '0.0072'}",2023
23023,True,"{'id': '140', 'title': 'Real Sociedad', 'short_title': 'SOC'}","{'id': '144', 'title': 'Las Palmas', 'short_title': 'LPL'}","{'h': '2', 'a': '0'}","{'h': '0.899129', 'a': '0.56693'}",2024-05-04 12:00:00,"{'w': '0.4343', 'd': '0.3603', 'l': '0.2054'}",2023
23021,True,"{'id': '150', 'title': 'Real Madrid', 'short_title': 'RMA'}","{'id': '261', 'title': 'Cadiz', 'short_title': 'CAD'}","{'h': '3', 'a': '0'}","{'h': '2.63447', 'a': '0.998827'}",2024-05-04 14:15:00,"{'w': '0.7651', 'd': '0.1567', 'l': '0.0782'}",2023
23019,True,"{'id': '223', 'title': 'Girona', 'short_title': 'GIR'}","{'id': '148', 'title': 'Barcelona', 'short_title': 'BAR'}","{'h': '4', 'a': '2'}","{'h': '2.31519', 'a': '2.6053'}",2024-05-04 16:30:00,"{'w': '0.3156', 'd': '0.2343', 'l': '0.4501'}",2023
23018,True,"{'id': '239', 'title': 'Mallorca', 'short_title': 'MAL'}","{'id': '143', 'title': 'Atletico Madrid', 'short_title': 'ATL'}","{'h': '0', 'a': '1'}","{'h': '0.328479', 'a': '0.874778'}",2024-05-04 19:00:00,"{'w': '0.1126', 'd': '0.3658', 'l': '0.5216'}",2023
23020,True,"{'id': '157', 'title': 'Osasuna', 'short_title': 'OSA'}","{'id': '153', 'title': 'Real Betis', 'short_title': 'BET'}","{'h': '0', 'a': '2'}","{'h': '1.02463', 'a': '1.44688'}",2024-05-05 12:00:00,"{'w': '0.2212', 'd': '0.309', 'l': '0.4698'}",2023
23015,True,"{'id': '152', 'title': 'Celta Vigo', 'short_title': 'CEL'}","{'id': '154', 'title': 'Villarreal', 'short_title': 'VIL'}","{'h': '3', 'a': '2'}","{'h': '4.41257', 'a': '0.544766'}",2024-05-05 14:15:00,"{'w': '0.978', 'd': '0.0172', 'l': '0.0048'}",2023
23024,True,"{'id': '146', 'title': 'Valencia', 'short_title': 'VAL'}","{'id': '158', 'title': 'Alaves', 'short_title': 'ALA'}","{'h': '0', 'a': '1'}","{'h': '1.40821', 'a': '1.16915'}",2024-05-05 16:30:00,"{'w': '0.432', 'd': '0.294', 'l': '0.274'}",2023
23016,True,"{'id': '145', 'title': 'Rayo Vallecano', 'short_title': 'RVL'}","{'id': '208', 'title': 'Almeria', 'short_title': 'ALM'}","{'h': '0', 'a': '1'}","{'h': '2.09609', 'a': '0.555982'}",2024-05-05 19:00:00,"{'w': '0.7668', 'd': '0.1691', 'l': '0.0641'}",2023
23022,True,"{'id': '138', 'title': 'Sevilla', 'short_title': 'SEV'}","{'id': '155', 'title': 'Granada', 'short_title': 'GRA'}","{'h': '3', 'a': '0'}","{'h': '2.45224', 'a': '0.227083'}",2024-05-05 19:00:00,"{'w': '0.9206', 'd': '0.0686', 'l': '0.0108'}",2023
23030,True,"{'id': '158', 'title': 'Alaves', 'short_title': 'ALA'}","{'id': '223', 'title': 'Girona', 'short_title': 'GIR'}","{'h': '2', 'a': '2'}","{'h': '2.40148', 'a': '1.53657'}",2024-05-10 19:00:00,"{'w': '0.5968', 'd': '0.2117', 'l': '0.1915'}",2023
23034,True,"{'id': '239', 'title': 'Mallorca', 'short_title': 'MAL'}","{'id': '144', 'title': 'Las Palmas', 'short_title': 'LPL'}","{'h': '1', 'a': '0'}","{'h': '0.45718', 'a': '0.313172'}",2024-05-11 12:00:00,"{'w': '0.3004', 'd': '0.5207', 'l': '0.1789'}",2023
23033,True,"{'id': '154', 'title': 'Villarreal', 'short_title': 'VIL'}","{'id': '138', 'title': 'Sevilla', 'short_title': 'SEV'}","{'h': '3', 'a': '2'}","{'h': '3.10775', 'a': '1.95835'}",2024-05-11 14:15:00,"{'w': '0.6347', 'd': '0.1973', 'l': '0.168'}",2023
23029,True,"{'id': '155', 'title': 'Granada', 'short_title': 'GRA'}","{'id': '150', 'title': 'Real Madrid', 'short_title': 'RMA'}","{'h': '0', 'a': '4'}","{'h': '0.699759', 'a': '2.7909'}",2024-05-11 16:30:00,"{'w': '0.0486', 'd': '0.1039', 'l': '0.8475'}",2023
23025,True,"{'id': '147', 'title': 'Athletic Club', 'short_title': 'ATH'}","{'id': '157', 'title': 'Osasuna', 'short_title': 'OSA'}","{'h': '2', 'a': '2'}","{'h': '2.17034', 'a': '1.05326'}",2024-05-11 19:00:00,"{'w': '0.6684', 'd': '0.2012', 'l': '0.1304'}",2023
23028,True,"{'id': '261', 'title': 'Cadiz', 'short_title': 'CAD'}","{'id': '142', 'title': 'Getafe', 'short_title': 'GET'}","{'h': '1', 'a': '0'}","{'h': '1.42818', 'a': '0.310309'}",2024-05-12 12:00:00,"{'w': '0.7464', 'd': '0.2044', 'l': '0.0492'}",2023
23026,True,"{'id': '143', 'title': 'Atletico Madrid', 'short_title': 'ATL'}","{'id': '152', 'title': 'Celta Vigo', 'short_title': 'CEL'}","{'h': '1', 'a': '0'}","{'h': '1.81009', 'a': '0.370026'}",2024-05-12 14:15:00,"{'w': '0.7504', 'd': '0.1877', 'l': '0.0619'}",2023
23032,True,"{'id': '146', 'title': 'Valencia', 'short_title': 'VAL'}","{'id': '145', 'title': 'Rayo Vallecano', 'short_title': 'RVL'}","{'h': '0', 'a': '0'}","{'h': '1.1633', 'a': '0.785651'}",2024-05-12 16:30:00,"{'w': '0.4526', 'd': '0.3178', 'l': '0.2296'}",2023
23031,True,"{'id': '153', 'title': 'Real Betis', 'short_title': 'BET'}","{'id': '208', 'title': 'Almeria', 'short_title': 'ALM'}","{'h': '3', 'a': '2'}","{'h': '1.69343', 'a': '1.08304'}",2024-05-12 19:00:00,"{'w': '0.5258', 'd': '0.2759', 'l': '0.1983'}",2023
23027,True,"{'id': '148', 'title': 'Barcelona', 'short_title': 'BAR'}","{'id': '140', 'title': 'Real Sociedad', 'short_title': 'SOC'}","{'h': '2', 'a': '0'}","{'h': '1.66029', 'a': '0.799193'}",2024-05-13 19:00:00,"{'w': '0.616', 'd': '0.2505', 'l': '0.1335'}",2023
23042,True,"{'id': '157', 'title': 'Osasuna', 'short_title': 'OSA'}","{'id': '239', 'title': 'Mallorca', 'short_title': 'MAL'}","{'h': '1', 'a': '1'}","{'h': '0.428998', 'a': '0.919263'}",2024-05-14 17:30:00,"{'w': '0.1518', 'd': '0.3574', 'l': '0.4908'}",2023
23044,True,"{'id': '150', 'title': 'Real Madrid', 'short_title': 'RMA'}","{'id': '158', 'title': 'Alaves', 'short_title': 'ALA'}","{'h': '5', 'a': '0'}","{'h': '2.88216', 'a': '1.50657'}",2024-05-14 19:30:00,"{'w': '0.6854', 'd': '0.1696', 'l': '0.145'}",2023
23036,True,"{'id': '223', 'title': 'Girona', 'short_title': 'GIR'}","{'id': '154', 'title': 'Villarreal', 'short_title': 'VIL'}","{'h': '0', 'a': '1'}","{'h': '2.28453', 'a': '0.776468'}",2024-05-14 20:00:00,"{'w': '0.7566', 'd': '0.164', 'l': '0.0794'}",2023
23041,True,"{'id': '138', 'title': 'Sevilla', 'short_title': 'SEV'}","{'id': '261', 'title': 'Cadiz', 'short_title': 'CAD'}","{'h': '0', 'a': '1'}","{'h': '1.43788', 'a': '2.85137'}",2024-05-15 17:30:00,"{'w': '0.13', 'd': '0.1672', 'l': '0.7028'}",2023
23043,True,"{'id': '145', 'title': 'Rayo Vallecano', 'short_title': 'RVL'}","{'id': '155', 'title': 'Granada', 'short_title': 'GRA'}","{'h': '2', 'a': '1'}","{'h': '3.00296', 'a': '0.933417'}",2024-05-15 17:30:00,"{'w': '0.8686', 'd': '0.0966', 'l': '0.0348'}",2023
23038,True,"{'id': '152', 'title': 'Celta Vigo', 'short_title': 'CEL'}","{'id': '147', 'title': 'Athletic Club', 'short_title': 'ATH'}","{'h': '2', 'a': '1'}","{'h': '0.758179', 'a': '0.377111'}",2024-05-15 20:00:00,"{'w': '0.4159', 'd': '0.4144', 'l': '0.1697'}",2023
23039,True,"{'id': '142', 'title': 'Getafe', 'short_title': 'GET'}","{'id': '143', 'title': 'Atletico Madrid', 'short_title': 'ATL'}","{'h': '0', 'a': '3'}","{'h': '0.446969', 'a': '1.67036'}",2024-05-15 20:00:00,"{'w': '0.0693', 'd': '0.1966', 'l': '0.7341'}",2023
23040,True,"{'id': '144', 'title': 'Las Palmas', 'short_title': 'LPL'}","{'id': '153', 'title': 'Real Betis', 'short_title': 'BET'}","{'h': '2', 'a': '2'}","{'h': '2.61533', 'a': '1.3277'}",2024-05-16 17:30:00,"{'w': '0.7062', 'd': '0.1867', 'l': '0.1071'}",2023
23035,True,"{'id': '208', 'title': 'Almeria', 'short_title': 'ALM'}","{'id': '148', 'title': 'Barcelona', 'short_title': 'BAR'}","{'h': '0', 'a': '2'}","{'h': '1.03949', 'a': '2.13122'}",2024-05-16 19:30:00,"{'w': '0.1153', 'd': '0.2154', 'l': '0.6693'}",2023
23037,True,"{'id': '140', 'title': 'Real Sociedad', 'short_title': 'SOC'}","{'id': '146', 'title': 'Valencia', 'short_title': 'VAL'}","{'h': '1', 'a': '0'}","{'h': '1.13192', 'a': '0.774644'}",2024-05-16 20:00:00,"{'w': '0.426', 'd': '0.4023', 'l': '0.1717'}",2023
23050,True,"{'id': '158', 'title': 'Alaves', 'short_title': 'ALA'}","{'id': '142', 'title': 'Getafe', 'short_title': 'GET'}","{'h': '1', 'a': '0'}","{'h': '1.57753', 'a': '0.658124'}",2024-05-18 19:00:00,"{'w': '0.636', 'd': '0.261', 'l': '0.103'}",2023
23045,True,"{'id': '147', 'title': 'Athletic Club', 'short_title': 'ATH'}","{'id': '138', 'title': 'Sevilla', 'short_title': 'SEV'}","{'h': '2', 'a': '0'}","{'h': '1.78593', 'a': '1.29208'}",2024-05-19 17:00:00,"{'w': '0.4883', 'd': '0.2582', 'l': '0.2535'}",2023
23046,True,"{'id': '143', 'title': 'Atletico Madrid', 'short_title': 'ATL'}","{'id': '157', 'title': 'Osasuna', 'short_title': 'OSA'}","{'h': '1', 'a': '4'}","{'h': '1.76117', 'a': '1.88434'}",2024-05-19 17:00:00,"{'w': '0.3212', 'd': '0.2877', 'l': '0.3911'}",2023
23047,True,"{'id': '148', 'title': 'Barcelona', 'short_title': 'BAR'}","{'id': '145', 'title': 'Rayo Vallecano', 'short_title': 'RVL'}","{'h': '3', 'a': '0'}","{'h': '1.69959', 'a': '1.68527'}",2024-05-19 17:00:00,"{'w': '0.3694', 'd': '0.2603', 'l': '0.3703'}",2023
23048,True,"{'id': '153', 'title': 'Real Betis', 'short_title': 'BET'}","{'id': '140', 'title': 'Real Sociedad', 'short_title': 'SOC'}","{'h': '0', 'a': '2'}","{'h': '1.60754', 'a': '0.792849'}",2024-05-19 17:00:00,"{'w': '0.6027', 'd': '0.2644', 'l': '0.1329'}",2023
23049,True,"{'id': '261', 'title': 'Cadiz', 'short_title': 'CAD'}","{'id': '144', 'title': 'Las Palmas', 'short_title': 'LPL'}","{'h': '0', 'a': '0'}","{'h': '1.36112', 'a': '0.966249'}",2024-05-19 17:00:00,"{'w': '0.4627', 'd': '0.301', 'l': '0.2363'}",2023
23051,True,"{'id': '239', 'title': 'Mallorca', 'short_title': 'MAL'}","{'id': '208', 'title': 'Almeria', 'short_title': 'ALM'}","{'h': '2', 'a': '2'}","{'h': '2.45608', 'a': '0.238391'}",2024-05-19 17:00:00,"{'w': '0.8946', 'd': '0.0869', 'l': '0.0185'}",2023
23052,True,"{'id': '155', 'title': 'Granada', 'short_title': 'GRA'}","{'id': '152', 'title': 'Celta Vigo', 'short_title': 'CEL'}","{'h': '1', 'a': '2'}","{'h': '1.75765', 'a': '2.02078'}",2024-05-19 17:00:00,"{'w': '0.2706', 'd': '0.3034', 'l': '0.426'}",2023
23053,True,"{'id': '146', 'title': 'Valencia', 'short_title': 'VAL'}","{'id': '223', 'title': 'Girona', 'short_title': 'GIR'}","{'h': '1', 'a': '3'}","{'h': '3.35606', 'a': '2.90299'}",2024-05-19 17:00:00,"{'w': '0.4864', 'd': '0.2051', 'l': '0.3085'}",2023
23054,True,"{'id': '154', 'title': 'Villarreal', 'short_title': 'VIL'}","{'id': '150', 'title': 'Real Madrid', 'short_title': 'RMA'}","{'h': '4', 'a': '4'}","{'h': '2.21178', 'a': '1.59129'}",2024-05-19 17:00:00,"{'w': '0.5234', 'd': '0.231', 'l': '0.2456'}",2023
23058,True,"{'id': '223', 'title': 'Girona', 'short_title': 'GIR'}","{'id': '155', 'title': 'Granada', 'short_title': 'GRA'}","{'h': '7', 'a': '0'}","{'h': '4.75092', 'a': '0.987219'}",2024-05-24 19:00:00,"{'w': '0.9759', 'd': '0.019', 'l': '0.0051'}",2023
23059,True,"{'id': '157', 'title': 'Osasuna', 'short_title': 'OSA'}","{'id': '154', 'title': 'Villarreal', 'short_title': 'VIL'}","{'h': '1', 'a': '1'}","{'h': '1.09355', 'a': '0.835313'}",2024-05-25 12:00:00,"{'w': '0.4138', 'd': '0.3239', 'l': '0.2623'}",2023
23061,True,"{'id': '140', 'title': 'Real Sociedad', 'short_title': 'SOC'}","{'id': '143', 'title': 'Atletico Madrid', 'short_title': 'ATL'}","{'h': '0', 'a': '2'}","{'h': '0.570544', 'a': '2.19824'}",2024-05-25 14:15:00,"{'w': '0.0476', 'd': '0.1317', 'l': '0.8207'}",2023
23055,True,"{'id': '208', 'title': 'Almeria', 'short_title': 'ALM'}","{'id': '261', 'title': 'Cadiz', 'short_title': 'CAD'}","{'h': '6', 'a': '1'}","{'h': '3.23442', 'a': '0.494605'}",2024-05-25 16:30:00,"{'w': '0.937', 'd': '0.0504', 'l': '0.0126'}",2023
23060,True,"{'id': '145', 'title': 'Rayo Vallecano', 'short_title': 'RVL'}","{'id': '147', 'title': 'Athletic Club', 'short_title': 'ATH'}","{'h': '0', 'a': '1'}","{'h': '1.47462', 'a': '0.930597'}",2024-05-25 16:30:00,"{'w': '0.4967', 'd': '0.2984', 'l': '0.2049'}",2023
23063,True,"{'id': '150', 'title': 'Real Madrid', 'short_title': 'RMA'}","{'id': '153', 'title': 'Real Betis', 'short_title': 'BET'}","{'h': '0', 'a': '0'}","{'h': '1.24417', 'a': '1.15552'}",2024-05-25 19:00:00,"{'w': '0.3756', 'd': '0.3101', 'l': '0.3143'}",2023
23057,True,"{'id': '142', 'title': 'Getafe', 'short_title': 'GET'}","{'id': '239', 'title': 'Mallorca', 'short_title': 'MAL'}","{'h': '1', 'a': '2'}","{'h': '1.07908', 'a': '1.34437'}",2024-05-26 12:00:00,"{'w': '0.2467', 'd': '0.3168', 'l': '0.4365'}",2023
23056,True,"{'id': '152', 'title': 'Celta Vigo', 'short_title': 'CEL'}","{'id': '146', 'title': 'Valencia', 'short_title': 'VAL'}","{'h': '2', 'a': '2'}","{'h': '1.50162', 'a': '2.16042'}",2024-05-26 14:15:00,"{'w': '0.2011', 'd': '0.2603', 'l': '0.5386'}",2023
23064,True,"{'id': '144', 'title': 'Las Palmas', 'short_title': 'LPL'}","{'id': '158', 'title': 'Alaves', 'short_title': 'ALA'}","{'h': '1', 'a': '1'}","{'h': '1.15618', 'a': '2.23542'}",2024-05-26 14:15:00,"{'w': '0.1297', 'd': '0.214', 'l': '0.6563'}",2023
23062,True,"{'id': '138', 'title': 'Sevilla', 'short_title': 'SEV'}","{'id': '148', 'title': 'Barcelona', 'short_title': 'BAR'}","{'h': '1', 'a': '2'}","{'h': '1.96266', 'a': '1.4772'}",2024-05-26 19:00:00,"{'w': '0.4872', 'd': '0.2468', 'l': '0.266'}",2023
26982,True,"{'id': '147', 'title': 'Athletic Club', 'short_title': 'ATH'}","{'id': '142', 'title': 'Getafe', 'short_title': 'GET'}","{'h': '1', 'a': '1'}","{'h': '0.290195', 'a': '0.537517'}",2024-08-15 17:00:00,"{'w': '0.1519', 'd': '0.4912', 'l': '0.3569'}",2024
26983,True,"{'id': '153', 'title': 'Real Betis', 'short_title': 'BET'}","{'id': '223', 'title': 'Girona', 'short_title': 'GIR'}","{'h': '1', 'a': '1'}","{'h': '1.80582', 'a': '1.54726'}",2024-08-15 19:30:00,"{'w': '0.432', 'd': '0.2586', 'l': '0.3094'}",2024
26984,True,"{'id': '152', 'title': 'Celta Vigo', 'short_title': 'CEL'}","{'id': '158', 'title': 'Alaves', 'short_title': 'ALA'}","{'h': '2', 'a': '1'}","{'h': '0.793797', 'a': '1.9391'}",2024-08-16 17:00:00,"{'w': '0.1095', 'd': '0.2132', 'l': '0.6773'}",2024
26985,True,"{'id': '144', 'title': 'Las Palmas', 'short_title': 'LPL'}","{'id': '138', 'title': 'Sevilla', 'short_title': 'SEV'}","{'h': '2', 'a': '2'}","{'h': '1.3187', 'a': '2.09987'}",2024-08-16 19:30:00,"{'w': '0.1945', 'd': '0.2398', 'l': '0.5657'}",2024
26986,True,"{'id': '157', 'title': 'Osasuna', 'short_title': 'OSA'}","{'id': '159', 'title': 'Leganes', 'short_title': 'LEG'}","{'h': '1', 'a': '1'}","{'h': '1.7631', 'a': '1.33949'}",2024-08-17 17:00:00,"{'w': '0.4804', 'd': '0.2671', 'l': '0.2525'}",2024
26987,True,"{'id': '146', 'title': 'Valencia', 'short_title': 'VAL'}","{'id': '148', 'title': 'Barcelona', 'short_title': 'BAR'}","{'h': '1', 'a': '2'}","{'h': '1.55206', 'a': '3.48824'}",2024-08-17 19:30:00,"{'w': '0.0493', 'd': '0.1264', 'l': '0.8243'}",2024
26988,True,"{'id': '140', 'title': 'Real Sociedad', 'short_title': 'SOC'}","{'id': '145', 'title': 'Rayo Vallecano', 'short_title': 'RVL'}","{'h': '1', 'a': '2'}","{'h': '1.56608', 'a': '1.60148'}",2024-08-18 17:00:00,"{'w': '0.3601', 'd': '0.2701', 'l': '0.3698'}",2024
26989,True,"{'id': '239', 'title': 'Mallorca', 'short_title': 'MAL'}","{'id': '150', 'title': 'Real Madrid', 'short_title': 'RMA'}","{'h': '1', 'a': '1'}","{'h': '1.30561', 'a': '0.608052'}",2024-08-18 19:30:00,"{'w': '0.5807', 'd': '0.2785', 'l': '0.1408'}",2024
26990,True,"{'id': '231', 'title': 'Real Valladolid', 'short_title': 'VAL'}","{'id': '141', 'title': 'Espanyol', 'short_title': 'ESP'}","{'h': '1', 'a': '0'}","{'h': '1.17753', 'a': '0.515586'}",2024-08-19 17:00:00,"{'w': '0.5567', 'd': '0.2985', 'l': '0.1448'}",2024
26991,True,"{'id': '154', 'title': 'Villarreal', 'short_title': 'VIL'}","{'id': '143', 'title': 'Atletico Madrid', 'short_title': 'ATL'}","{'h': '2', 'a': '2'}","{'h': '0.68684', 'a': '1.13868'}",2024-08-19 19:30:00,"{'w': '0.2087', 'd': '0.3204', 'l': '0.4709'}",2024
26992,True,"{'id': '152', 'title': 'Celta Vigo', 'short_title': 'CEL'}","{'id': '146', 'title': 'Valencia', 'short_title': 'VAL'}","{'h': '3', 'a': '1'}","{'h': '1.30571', 'a': '1.1544'}",2024-08-23 17:00:00,"{'w': '0.3803', 'd': '0.3303', 'l': '0.2894'}",2024
26993,True,"{'id': '138', 'title': 'Sevilla', 'short_title': 'SEV'}","{'id': '154', 'title': 'Villarreal', 'short_title': 'VIL'}","{'h': '1', 'a': '2'}","{'h': '1.23826', 'a': '1.39825'}",2024-08-23 19:30:00,"{'w': '0.3052', 'd': '0.2901', 'l': '0.4047'}",2024
26994,True,"{'id': '157', 'title': 'Osasuna', 'short_title': 'OSA'}","{'id': '239', 'title': 'Mallorca', 'short_title': 'MAL'}","{'h': '1', 'a': '0'}","{'h': '0.887678', 'a': '0.427602'}",2024-08-24 15:00:00,"{'w': '0.4672', 'd': '0.3767', 'l': '0.1561'}",2024
26995,True,"{'id': '148', 'title': 'Barcelona', 'short_title': 'BAR'}","{'id': '147', 'title': 'Athletic Club', 'short_title': 'ATH'}","{'h': '2', 'a': '1'}","{'h': '2.41577', 'a': '1.09985'}",2024-08-24 17:00:00,"{'w': '0.7191', 'd': '0.1884', 'l': '0.0925'}",2024
26996,True,"{'id': '142', 'title': 'Getafe', 'short_title': 'GET'}","{'id': '145', 'title': 'Rayo Vallecano', 'short_title': 'RVL'}","{'h': '0', 'a': '0'}","{'h': '0.512723', 'a': '0.161076'}",2024-08-24 19:30:00,"{'w': '0.3626', 'd': '0.5395', 'l': '0.0979'}",2024
26997,True,"{'id': '141', 'title': 'Espanyol', 'short_title': 'ESP'}","{'id': '140', 'title': 'Real Sociedad', 'short_title': 'SOC'}","{'h': '0', 'a': '1'}","{'h': '1.79566', 'a': '0.796104'}",2024-08-24 19:30:00,"{'w': '0.6597', 'd': '0.2355', 'l': '0.1048'}",2024
26998,True,"{'id': '150', 'title': 'Real Madrid', 'short_title': 'RMA'}","{'id': '231', 'title': 'Real Valladolid', 'short_title': 'VAL'}","{'h': '3', 'a': '0'}","{'h': '2.17954', 'a': '0.378528'}",2024-08-25 15:00:00,"{'w': '0.8382', 'd': '0.1269', 'l': '0.0349'}",2024
26999,True,"{'id': '159', 'title': 'Leganes', 'short_title': 'LEG'}","{'id': '144', 'title': 'Las Palmas', 'short_title': 'LPL'}","{'h': '2', 'a': '1'}","{'h': '1.58998', 'a': '1.23438'}",2024-08-25 17:00:00,"{'w': '0.4672', 'd': '0.2814', 'l': '0.2514'}",2024
27000,True,"{'id': '158', 'title': 'Alaves', 'short_title': 'ALA'}","{'id': '153', 'title': 'Real Betis', 'short_title': 'BET'}","{'h': '0', 'a': '0'}","{'h': '0.172545', 'a': '1.36012'}",2024-08-25 17:15:00,"{'w': '0.0393', 'd': '0.2433', 'l': '0.7174'}",2024
27001,True,"{'id': '143', 'title': 'Atletico Madrid', 'short_title': 'ATL'}","{'id': '223', 'title': 'Girona', 'short_title': 'GIR'}","{'h': '3', 'a': '0'}","{'h': '1.42393', 'a': '0.596524'}",2024-08-25 19:30:00,"{'w': '0.6231', 'd': '0.26', 'l': '0.1169'}",2024
27002,True,"{'id': '154', 'title': 'Villarreal', 'short_title': 'VIL'}","{'id': '152', 'title': 'Celta Vigo', 'short_title': 'CEL'}","{'h': '4', 'a': '3'}","{'h': '4.3817', 'a': '3.79183'}",2024-08-26 19:30:00,"{'w': '0.5121', 'd': '0.1988', 'l': '0.2891'}",2024
27003,True,"{'id': '239', 'title': 'Mallorca', 'short_title': 'MAL'}","{'id': '138', 'title': 'Sevilla', 'short_title': 'SEV'}","{'h': '0', 'a': '0'}","{'h': '0.940858', 'a': '0.60976'}",2024-08-27 17:00:00,"{'w': '0.4497', 'd': '0.3369', 'l': '0.2134'}",2024
27004,True,"{'id': '145', 'title': 'Rayo Vallecano', 'short_title': 'RVL'}","{'id': '148', 'title': 'Barcelona', 'short_title': 'BAR'}","{'h': '1', 'a': '2'}","{'h': '0.392473', 'a': '1.51872'}",2024-08-27 19:30:00,"{'w': '0.0769', 'd': '0.2318', 'l': '0.6913'}",2024
27005,True,"{'id': '231', 'title': 'Real Valladolid', 'short_title': 'VAL'}","{'id': '159', 'title': 'Leganes', 'short_title': 'LEG'}","{'h': '0', 'a': '0'}","{'h': '0.773785', 'a': '0.184577'}",2024-08-28 17:00:00,"{'w': '0.4923', 'd': '0.4245', 'l': '0.0832'}",2024
27006,True,"{'id': '147', 'title': 'Athletic Club', 'short_title': 'ATH'}","{'id': '146', 'title': 'Valencia', 'short_title': 'VAL'}","{'h': '1', 'a': '0'}","{'h': '1.51595', 'a': '0.0996371'}",2024-08-28 17:00:00,"{'w': '0.8157', 'd': '0.1705', 'l': '0.0138'}",2024
27008,True,"{'id': '140', 'title': 'Real Sociedad', 'short_title': 'SOC'}","{'id': '158', 'title': 'Alaves', 'short_title': 'ALA'}","{'h': '1', 'a': '2'}","{'h': '0.951647', 'a': '2.62561'}",2024-08-28 19:30:00,"{'w': '0.0611', 'd': '0.1418', 'l': '0.7971'}",2024
27009,True,"{'id': '143', 'title': 'Atletico Madrid', 'short_title': 'ATL'}","{'id': '141', 'title': 'Espanyol', 'short_title': 'ESP'}","{'h': '0', 'a': '0'}","{'h': '3.88587', 'a': '0.855829'}",2024-08-28 19:30:00,"{'w': '0.9347', 'd': '0.0516', 'l': '0.0137'}",2024
27010,True,"{'id': '223', 'title': 'Girona', 'short_title': 'GIR'}","{'id': '157', 'title': 'Osasuna', 'short_title': 'OSA'}","{'h': '4', 'a': '0'}","{'h': '2.6015', 'a': '0.0199618'}",2024-08-29 17:00:00,"{'w': '0.9725', 'd': '0.0272', 'l': '0.0003'}",2024
27011,True,"{'id': '144', 'title': 'Las Palmas', 'short_title': 'LPL'}","{'id': '150', 'title': 'Real Madrid', 'short_title': 'RMA'}","{'h': '1', 'a': '1'}","{'h': '0.809213', 'a': '3.28322'}",2024-08-29 19:30:00,"{'w': '0.0275', 'd': '0.0814', 'l': '0.8911'}",2024
27012,True,"{'id': '148', 'title': 'Barcelona', 'short_title': 'BAR'}","{'id': '231', 'title': 'Real Valladolid', 'short_title': 'VAL'}","{'h': '7', 'a': '0'}","{'h': '4.94022', 'a': '0.422493'}",2024-08-31 15:00:00,"{'w': '0.9912', 'd': '0.0081', 'l': '0.0007'}",2024
27013,True,"{'id': '147', 'title': 'Athletic Club', 'short_title': 'ATH'}","{'id': '143', 'title': 'Atletico Madrid', 'short_title': 'ATL'}","{'h': '0', 'a': '1'}","{'h': '0.252231', 'a': '1.58613'}",2024-08-31 17:00:00,"{'w': '0.0305', 'd': '0.1674', 'l': '0.8021'}",2024
27014,True,"{'id': '141', 'title': 'Espanyol', 'short_title': 'ESP'}","{'id': '145', 'title': 'Rayo Vallecano', 'short_title': 'RVL'}","{'h': '2', 'a': '1'}","{'h': '1.84679', 'a': '1.0088'}",2024-08-31 17:15:00,"{'w': '0.5997', 'd': '0.2404', 'l': '0.1599'}",2024
27015,True,"{'id': '146', 'title': 'Valencia', 'short_title': 'VAL'}","{'id': '154', 'title': 'Villarreal', 'short_title': 'VIL'}","{'h': '1', 'a': '1'}","{'h': '1.14322', 'a': '0.885369'}",2024-08-31 19:30:00,"{'w': '0.3942', 'd': '0.3352', 'l': '0.2706'}",2024
27016,True,"{'id': '159', 'title': 'Leganes', 'short_title': 'LEG'}","{'id': '239', 'title': 'Mallorca', 'short_title': 'MAL'}","{'h': '0', 'a': '1'}","{'h': '0.52078', 'a': '1.48758'}",2024-08-31 19:30:00,"{'w': '0.0995', 'd': '0.2403', 'l': '0.6602'}",2024
27017,True,"{'id': '158', 'title': 'Alaves', 'short_title': 'ALA'}","{'id': '144', 'title': 'Las Palmas', 'short_title': 'LPL'}","{'h': '2', 'a': '0'}","{'h': '2.01026', 'a': '0.547308'}",2024-09-01 15:00:00,"{'w': '0.7806', 'd': '0.1647', 'l': '0.0547'}",2024
27018,True,"{'id': '157', 'title': 'Osasuna', 'short_title': 'OSA'}","{'id': '152', 'title': 'Celta Vigo', 'short_title': 'CEL'}","{'h': '3', 'a': '2'}","{'h': '0.779621', 'a': '1.72329'}",2024-09-01 15:00:00,"{'w': '0.1316', 'd': '0.2296', 'l': '0.6388'}",2024
27019,True,"{'id': '138', 'title': 'Sevilla', 'short_title': 'SEV'}","{'id': '223', 'title': 'Girona', 'short_title': 'GIR'}","{'h': '0', 'a': '2'}","{'h': '0.812687', 'a': '2.36355'}",2024-09-01 17:00:00,"{'w': '0.0607', 'd': '0.1317', 'l': '0.8076'}",2024
27020,True,"{'id': '142', 'title': 'Getafe', 'short_title': 'GET'}","{'id': '140', 'title': 'Real Sociedad', 'short_title': 'SOC'}","{'h': '0', 'a': '0'}","{'h': '0.547095', 'a': '0.0209183'}",2024-09-01 17:15:00,"{'w': '0.4204', 'd': '0.5673', 'l': '0.0123'}",2024
27021,True,"{'id': '150', 'title': 'Real Madrid', 'short_title': 'RMA'}","{'id': '153', 'title': 'Real Betis', 'short_title': 'BET'}","{'h': '2', 'a': '0'}","{'h': '2.37168', 'a': '0.831429'}",2024-09-01 19:30:00,"{'w': '0.7638', 'd': '0.1588', 'l': '0.0774'}",2024
27024,True,"{'id': '153', 'title': 'Real Betis', 'short_title': 'BET'}","{'id': '159', 'title': 'Leganes', 'short_title': 'LEG'}","{'h': '2', 'a': '0'}","{'h': '1.72201', 'a': '0.107021'}",2024-09-13 19:00:00,"{'w': '0.8701', 'd': '0.1204', 'l': '0.0095'}",2024
27026,True,"{'id': '239', 'title': 'Mallorca', 'short_title': 'MAL'}","{'id': '154', 'title': 'Villarreal', 'short_title': 'VIL'}","{'h': '1', 'a': '2'}","{'h': '0.345425', 'a': '2.41884'}",2024-09-14 12:00:00,"{'w': '0.0239', 'd': '0.1011', 'l': '0.875'}",2024
27022,True,"{'id': '141', 'title': 'Espanyol', 'short_title': 'ESP'}","{'id': '158', 'title': 'Alaves', 'short_title': 'ALA'}","{'h': '3', 'a': '2'}","{'h': '1.95102', 'a': '2.3693'}",2024-09-14 14:15:00,"{'w': '0.251', 'd': '0.2911', 'l': '0.4579'}",2024
27029,True,"{'id': '138', 'title': 'Sevilla', 'short_title': 'SEV'}","{'id': '142', 'title': 'Getafe', 'short_title': 'GET'}","{'h': '1', 'a': '0'}","{'h': '1.64801', 'a': '0.971555'}",2024-09-14 16:30:00,"{'w': '0.5595', 'd': '0.2574', 'l': '0.1831'}",2024
27031,True,"{'id': '140', 'title': 'Real Sociedad', 'short_title': 'SOC'}","{'id': '150', 'title': 'Real Madrid', 'short_title': 'RMA'}","{'h': '0', 'a': '2'}","{'h': '1.41828', 'a': '2.2759'}",2024-09-14 19:00:00,"{'w': '0.1639', 'd': '0.2351', 'l': '0.601'}",2024
27025,True,"{'id': '152', 'title': 'Celta Vigo', 'short_title': 'CEL'}","{'id': '231', 'title': 'Real Valladolid', 'short_title': 'VAL'}","{'h': '3', 'a': '1'}","{'h': '1.99273', 'a': '0.382657'}",2024-09-15 12:00:00,"{'w': '0.8028', 'd': '0.1531', 'l': '0.0441'}",2024
27028,True,"{'id': '223', 'title': 'Girona', 'short_title': 'GIR'}","{'id': '148', 'title': 'Barcelona', 'short_title': 'BAR'}","{'h': '1', 'a': '4'}","{'h': '1.09568', 'a': '2.5936'}",2024-09-15 14:15:00,"{'w': '0.0916', 'd': '0.1681', 'l': '0.7403'}",2024
27027,True,"{'id': '144', 'title': 'Las Palmas', 'short_title': 'LPL'}","{'id': '147', 'title': 'Athletic Club', 'short_title': 'ATH'}","{'h': '2', 'a': '3'}","{'h': '1.5194', 'a': '1.80432'}",2024-09-15 16:30:00,"{'w': '0.2556', 'd': '0.3103', 'l': '0.4341'}",2024
27023,True,"{'id': '143', 'title': 'Atletico Madrid', 'short_title': 'ATL'}","{'id': '146', 'title': 'Valencia', 'short_title': 'VAL'}","{'h': '3', 'a': '0'}","{'h': '3.22965', 'a': '0.18311'}",2024-09-15 19:00:00,"{'w': '0.9697', 'd': '0.0257', 'l': '0.0046'}",2024
27030,True,"{'id': '145', 'title': 'Rayo Vallecano', 'short_title': 'RVL'}","{'id': '157', 'title': 'Osasuna', 'short_title': 'OSA'}","{'h': '3', 'a': '1'}","{'h': '1.48433', 'a': '0.530311'}",2024-09-16 19:00:00,"{'w': '0.6462', 'd': '0.2505', 'l': '0.1033'}",2024
27045,True,"{'id': '239', 'title': 'Mallorca', 'short_title': 'MAL'}","{'id': '140', 'title': 'Real Sociedad', 'short_title': 'SOC'}","{'h': '1', 'a': '0'}","{'h': '1.56932', 'a': '0.499139'}",2024-09-17 19:00:00,"{'w': '0.7145', 'd': '0.2117', 'l': '0.0738'}",2024
27007,True,"{'id': '153', 'title': 'Real Betis', 'short_title': 'BET'}","{'id': '142', 'title': 'Getafe', 'short_title': 'GET'}","{'h': '2', 'a': '1'}","{'h': '3.06176', 'a': '0.864309'}",2024-09-18 17:00:00,"{'w': '0.8923', 'd': '0.0796', 'l': '0.0281'}",2024
27047,True,"{'id': '159', 'title': 'Leganes', 'short_title': 'LEG'}","{'id': '147', 'title': 'Athletic Club', 'short_title': 'ATH'}","{'h': '0', 'a': '2'}","{'h': '0.666594', 'a': '1.32325'}",2024-09-19 17:00:00,"{'w': '0.1628', 'd': '0.2836', 'l': '0.5536'}",2024
27035,True,"{'id': '158', 'title': 'Alaves', 'short_title': 'ALA'}","{'id': '138', 'title': 'Sevilla', 'short_title': 'SEV'}","{'h': '2', 'a': '1'}","{'h': '1.40641', 'a': '0.623937'}",2024-09-20 19:00:00,"{'w': '0.6213', 'd': '0.3075', 'l': '0.0712'}",2024
27039,True,"{'id': '231', 'title': 'Real Valladolid', 'short_title': 'VAL'}","{'id': '140', 'title': 'Real Sociedad', 'short_title': 'SOC'}","{'h': '0', 'a': '0'}","{'h': '0.952589', 'a': '1.3906'}",2024-09-21 12:00:00,"{'w': '0.2336', 'd': '0.2826', 'l': '0.4838'}",2024
27040,True,"{'id': '157', 'title': 'Osasuna', 'short_title': 'OSA'}","{'id': '144', 'title': 'Las Palmas', 'short_title': 'LPL'}","{'h': '2', 'a': '1'}","{'h': '1.97167', 'a': '1.28282'}",2024-09-21 14:15:00,"{'w': '0.559', 'd': '0.2371', 'l': '0.2039'}",2024
27038,True,"{'id': '146', 'title': 'Valencia', 'short_title': 'VAL'}","{'id': '223', 'title': 'Girona', 'short_title': 'GIR'}","{'h': '2', 'a': '0'}","{'h': '0.350785', 'a': '0.387698'}",2024-09-21 16:30:00,"{'w': '0.2165', 'd': '0.5409', 'l': '0.2426'}",2024
27041,True,"{'id': '150', 'title': 'Real Madrid', 'short_title': 'RMA'}","{'id': '141', 'title': 'Espanyol', 'short_title': 'ESP'}","{'h': '4', 'a': '1'}","{'h': '4.89487', 'a': '0.318831'}",2024-09-21 19:00:00,"{'w': '0.9961', 'd': '0.0035', 'l': '0.0004'}",2024
27034,True,"{'id': '142', 'title': 'Getafe', 'short_title': 'GET'}","{'id': '159', 'title': 'Leganes', 'short_title': 'LEG'}","{'h': '1', 'a': '1'}","{'h': '1.24276', 'a': '0.783211'}",2024-09-22 12:00:00,"{'w': '0.4808', 'd': '0.3439', 'l': '0.1753'}",2024
27032,True,"{'id': '147', 'title': 'Athletic Club', 'short_title': 'ATH'}","{'id': '152', 'title': 'Celta Vigo', 'short_title': 'CEL'}","{'h': '3', 'a': '1'}","{'h': '0.864304', 'a': '1.21547'}",2024-09-22 14:15:00,"{'w': '0.2237', 'd': '0.3214', 'l': '0.4549'}",2024
27037,True,"{'id': '154', 'title': 'Villarreal', 'short_title': 'VIL'}","{'id': '148', 'title': 'Barcelona', 'short_title': 'BAR'}","{'h': '1', 'a': '5'}","{'h': '2.39605', 'a': '4.1937'}",2024-09-22 16:30:00,"{'w': '0.1102', 'd': '0.1332', 'l': '0.7566'}",2024
27036,True,"{'id': '145', 'title': 'Rayo Vallecano', 'short_title': 'RVL'}","{'id': '143', 'title': 'Atletico Madrid', 'short_title': 'ATL'}","{'h': '1', 'a': '1'}","{'h': '1.68952', 'a': '0.554066'}",2024-09-22 19:00:00,"{'w': '0.7007', 'd': '0.211', 'l': '0.0883'}",2024
27033,True,"{'id': '153', 'title': 'Real Betis', 'short_title': 'BET'}","{'id': '239', 'title': 'Mallorca', 'short_title': 'MAL'}","{'h': '1', 'a': '2'}","{'h': '1.37084', 'a': '1.4369'}",2024-09-23 19:00:00,"{'w': '0.3418', 'd': '0.2766', 'l': '0.3816'}",2024
27046,True,"{'id': '138', 'title': 'Sevilla', 'short_title': 'SEV'}","{'id': '231', 'title': 'Real Valladolid', 'short_title': 'VAL'}","{'h': '2', 'a': '1'}","{'h': '1.67099', 'a': '0.411515'}",2024-09-24 17:00:00,"{'w': '0.7168', 'd': '0.21', 'l': '0.0732'}",2024
27050,True,"{'id': '146', 'title': 'Valencia', 'short_title': 'VAL'}","{'id': '157', 'title': 'Osasuna', 'short_title': 'OSA'}","{'h': '0', 'a': '0'}","{'h': '1.17527', 'a': '0.377552'}",2024-09-24 17:00:00,"{'w': '0.6109', 'd': '0.29', 'l': '0.0991'}",2024
27051,True,"{'id': '150', 'title': 'Real Madrid', 'short_title': 'RMA'}","{'id': '158', 'title': 'Alaves', 'short_title': 'ALA'}","{'h': '3', 'a': '2'}","{'h': '1.79791', 'a': '0.853455'}",2024-09-24 19:00:00,"{'w': '0.6334', 'd': '0.2234', 'l': '0.1432'}",2024
27044,True,"{'id': '223', 'title': 'Girona', 'short_title': 'GIR'}","{'id': '145', 'title': 'Rayo Vallecano', 'short_title': 'RVL'}","{'h': '0', 'a': '0'}","{'h': '2.1579', 'a': '0.377734'}",2024-09-25 17:00:00,"{'w': '0.8726', 'd': '0.1089', 'l': '0.0185'}",2024
27043,True,"{'id': '148', 'title': 'Barcelona', 'short_title': 'BAR'}","{'id': '142', 'title': 'Getafe', 'short_title': 'GET'}","{'h': '1', 'a': '0'}","{'h': '2.20799', 'a': '0.929851'}",2024-09-25 19:00:00,"{'w': '0.7106', 'd': '0.1935', 'l': '0.0959'}",2024
27042,True,"{'id': '141', 'title': 'Espanyol', 'short_title': 'ESP'}","{'id': '154', 'title': 'Villarreal', 'short_title': 'VIL'}","{'h': '1', 'a': '2'}","{'h': '0.355072', 'a': '1.96233'}",2024-09-26 17:00:00,"{'w': '0.0401', 'd': '0.1407', 'l': '0.8192'}",2024
27049,True,"{'id': '144', 'title': 'Las Palmas', 'short_title': 'LPL'}","{'id': '153', 'title': 'Real Betis', 'short_title': 'BET'}","{'h': '1', 'a': '1'}","{'h': '1.10799', 'a': '2.66646'}",2024-09-26 17:00:00,"{'w': '0.0828', 'd': '0.1669', 'l': '0.7503'}",2024
27048,True,"{'id': '152', 'title': 'Celta Vigo', 'short_title': 'CEL'}","{'id': '143', 'title': 'Atletico Madrid', 'short_title': 'ATL'}","{'h': '0', 'a': '1'}","{'h': '1.76126', 'a': '0.778357'}",2024-09-26 19:00:00,"{'w': '0.6502', 'd': '0.2379', 'l': '0.1119'}",2024
27057,True,"{'id': '231', 'title': 'Real Valladolid', 'short_title': 'VAL'}","{'id': '239', 'title': 'Mallorca', 'short_title': 'MAL'}","{'h': '1', 'a': '2'}","{'h': '1.31551', 'a': '2.49026'}",2024-09-27 19:00:00,"{'w': '0.1123', 'd': '0.202', 'l': '0.6857'}",2024
27059,True,"{'id': '142', 'title': 'Getafe', 'short_title': 'GET'}","{'id': '158', 'title': 'Alaves', 'short_title': 'ALA'}","{'h': '2', 'a': '0'}","{'h': '2.55847', 'a': '0.415348'}",2024-09-28 12:00:00,"{'w': '0.8956', 'd': '0.0815', 'l': '0.0229'}",2024
27060,True,"{'id': '145', 'title': 'Rayo Vallecano', 'short_title': 'RVL'}","{'id': '159', 'title': 'Leganes', 'short_title': 'LEG'}","{'h': '1', 'a': '1'}","{'h': '1.15229', 'a': '0.852356'}",2024-09-28 14:15:00,"{'w': '0.4319', 'd': '0.31', 'l': '0.2581'}",2024
27055,True,"{'id': '140', 'title': 'Real Sociedad', 'short_title': 'SOC'}","{'id': '146', 'title': 'Valencia', 'short_title': 'VAL'}","{'h': '3', 'a': '0'}","{'h': '3.6853', 'a': '0.805963'}",2024-09-28 16:30:00,"{'w': '0.9545', 'd': '0.0373', 'l': '0.0082'}",2024
27056,True,"{'id': '157', 'title': 'Osasuna', 'short_title': 'OSA'}","{'id': '148', 'title': 'Barcelona', 'short_title': 'BAR'}","{'h': '4', 'a': '2'}","{'h': '2.50067', 'a': '0.751814'}",2024-09-28 19:00:00,"{'w': '0.8438', 'd': '0.112', 'l': '0.0442'}",2024
27054,True,"{'id': '152', 'title': 'Celta Vigo', 'short_title': 'CEL'}","{'id': '223', 'title': 'Girona', 'short_title': 'GIR'}","{'h': '1', 'a': '1'}","{'h': '0.52399', 'a': '1.41269'}",2024-09-29 12:00:00,"{'w': '0.1171', 'd': '0.2536', 'l': '0.6293'}",2024
27052,True,"{'id': '147', 'title': 'Athletic Club', 'short_title': 'ATH'}","{'id': '138', 'title': 'Sevilla', 'short_title': 'SEV'}","{'h': '1', 'a': '1'}","{'h': '1.82961', 'a': '1.24147'}",2024-09-29 14:15:00,"{'w': '0.5189', 'd': '0.264', 'l': '0.2171'}",2024
27061,True,"{'id': '153', 'title': 'Real Betis', 'short_title': 'BET'}","{'id': '141', 'title': 'Espanyol', 'short_title': 'ESP'}","{'h': '1', 'a': '0'}","{'h': '1.97922', 'a': '0.569387'}",2024-09-29 16:30:00,"{'w': '0.7625', 'd': '0.1796', 'l': '0.0579'}",2024
27053,True,"{'id': '143', 'title': 'Atletico Madrid', 'short_title': 'ATL'}","{'id': '150', 'title': 'Real Madrid', 'short_title': 'RMA'}","{'h': '1', 'a': '1'}","{'h': '1.05477', 'a': '0.660987'}",2024-09-29 19:00:00,"{'w': '0.4635', 'd': '0.331', 'l': '0.2055'}",2024
27058,True,"{'id': '154', 'title': 'Villarreal', 'short_title': 'VIL'}","{'id': '144', 'title': 'Las Palmas', 'short_title': 'LPL'}","{'h': '3', 'a': '1'}","{'h': '4.07869', 'a': '0.802357'}",2024-09-30 19:00:00,"{'w': '0.9628', 'd': '0.0309', 'l': '0.0063'}",2024
27065,True,"{'id': '159', 'title': 'Leganes', 'short_title': 'LEG'}","{'id': '146', 'title': 'Valencia', 'short_title': 'VAL'}","{'h': '0', 'a': '0'}","{'h': '0.913168', 'a': '0.703751'}",2024-10-04 19:00:00,"{'w': '0.3917', 'd': '0.3665', 'l': '0.2418'}",2024
27071,True,"{'id': '141', 'title': 'Espanyol', 'short_title': 'ESP'}","{'id': '239', 'title': 'Mallorca', 'short_title': 'MAL'}","{'h': '2', 'a': '1'}","{'h': '0.948554', 'a': '1.79839'}",2024-10-05 12:00:00,"{'w': '0.1021', 'd': '0.2728', 'l': '0.6251'}",2024
27062,True,"{'id': '142', 'title': 'Getafe', 'short_title': 'GET'}","{'id': '157', 'title': 'Osasuna', 'short_title': 'OSA'}","{'h': '1', 'a': '1'}","{'h': '1.34832', 'a': '0.247706'}",2024-10-05 14:15:00,"{'w': '0.7214', 'd': '0.2294', 'l': '0.0492'}",2024
27069,True,"{'id': '144', 'title': 'Las Palmas', 'short_title': 'LPL'}","{'id': '152', 'title': 'Celta Vigo', 'short_title': 'CEL'}","{'h': '0', 'a': '1'}","{'h': '0.964894', 'a': '0.814163'}",2024-10-05 16:30:00,"{'w': '0.3643', 'd': '0.3405', 'l': '0.2952'}",2024
27070,True,"{'id': '231', 'title': 'Real Valladolid', 'short_title': 'VAL'}","{'id': '145', 'title': 'Rayo Vallecano', 'short_title': 'RVL'}","{'h': '1', 'a': '2'}","{'h': '1.65842', 'a': '1.64746'}",2024-10-05 16:30:00,"{'w': '0.3645', 'd': '0.2667', 'l': '0.3688'}",2024
27063,True,"{'id': '150', 'title': 'Real Madrid', 'short_title': 'RMA'}","{'id': '154', 'title': 'Villarreal', 'short_title': 'VIL'}","{'h': '2', 'a': '0'}","{'h': '0.459582', 'a': '1.4618'}",2024-10-05 19:00:00,"{'w': '0.0873', 'd': '0.2477', 'l': '0.665'}",2024
27066,True,"{'id': '223', 'title': 'Girona', 'short_title': 'GIR'}","{'id': '147', 'title': 'Athletic Club', 'short_title': 'ATH'}","{'h': '2', 'a': '1'}","{'h': '2.17393', 'a': '3.15974'}",2024-10-06 12:00:00,"{'w': '0.1799', 'd': '0.1936', 'l': '0.6265'}",2024
27064,True,"{'id': '158', 'title': 'Alaves', 'short_title': 'ALA'}","{'id': '148', 'title': 'Barcelona', 'short_title': 'BAR'}","{'h': '0', 'a': '3'}","{'h': '0.794829', 'a': '2.49367'}",2024-10-06 14:15:00,"{'w': '0.06', 'd': '0.1365', 'l': '0.8035'}",2024
27068,True,"{'id': '138', 'title': 'Sevilla', 'short_title': 'SEV'}","{'id': '153', 'title': 'Real Betis', 'short_title': 'BET'}","{'h': '1', 'a': '0'}","{'h': '1.8284', 'a': '0.436615'}",2024-10-06 16:30:00,"{'w': '0.7846', 'd': '0.1625', 'l': '0.0529'}",2024
27067,True,"{'id': '140', 'title': 'Real Sociedad', 'short_title': 'SOC'}","{'id': '143', 'title': 'Atletico Madrid', 'short_title': 'ATL'}","{'h': '1', 'a': '1'}","{'h': '1.08517', 'a': '0.561748'}",2024-10-06 19:00:00,"{'w': '0.4901', 'd': '0.3377', 'l': '0.1722'}",2024
27078,True,"{'id': '158', 'title': 'Alaves', 'short_title': 'ALA'}","{'id': '231', 'title': 'Real Valladolid', 'short_title': 'VAL'}","{'h': '2', 'a': '3'}","{'h': '0.433035', 'a': '2.33646'}",2024-10-18 19:00:00,"{'w': '0.0255', 'd': '0.0885', 'l': '0.886'}",2024
27072,True,"{'id': '147', 'title': 'Athletic Club', 'short_title': 'ATH'}","{'id': '141', 'title': 'Espanyol', 'short_title': 'ESP'}","{'h': '4', 'a': '1'}","{'h': '1.46517', 'a': '0.500795'}",2024-10-19 12:00:00,"{'w': '0.6557', 'd': '0.2469', 'l': '0.0974'}",2024
27079,True,"{'id': '157', 'title': 'Osasuna', 'short_title': 'OSA'}","{'id': '153', 'title': 'Real Betis', 'short_title': 'BET'}","{'h': '1', 'a': '2'}","{'h': '2.21025', 'a': '2.79181'}",2024-10-19 14:15:00,"{'w': '0.2462', 'd': '0.2287', 'l': '0.5251'}",2024
27076,True,"{'id': '223', 'title': 'Girona', 'short_title': 'GIR'}","{'id': '140', 'title': 'Real Sociedad', 'short_title': 'SOC'}","{'h': '0', 'a': '1'}","{'h': '0.446152', 'a': '1.86082'}",2024-10-19 16:30:00,"{'w': '0.06', 'd': '0.1741', 'l': '0.7659'}",2024
27075,True,"{'id': '152', 'title': 'Celta Vigo', 'short_title': 'CEL'}","{'id': '150', 'title': 'Real Madrid', 'short_title': 'RMA'}","{'h': '1', 'a': '2'}","{'h': '1.79112', 'a': '1.19816'}",2024-10-19 19:00:00,"{'w': '0.5236', 'd': '0.2613', 'l': '0.2151'}",2024
27077,True,"{'id': '239', 'title': 'Mallorca', 'short_title': 'MAL'}","{'id': '145', 'title': 'Rayo Vallecano', 'short_title': 'RVL'}","{'h': '1', 'a': '0'}","{'h': '2.72076', 'a': '0.464955'}",2024-10-20 12:00:00,"{'w': '0.8977', 'd': '0.0812', 'l': '0.0211'}",2024
27073,True,"{'id': '143', 'title': 'Atletico Madrid', 'short_title': 'ATL'}","{'id': '159', 'title': 'Leganes', 'short_title': 'LEG'}","{'h': '3', 'a': '1'}","{'h': '5.21397', 'a': '0.271901'}",2024-10-20 14:15:00,"{'w': '0.9976', 'd': '0.0024', 'l': '0'}",2024
27080,True,"{'id': '154', 'title': 'Villarreal', 'short_title': 'VIL'}","{'id': '142', 'title': 'Getafe', 'short_title': 'GET'}","{'h': '1', 'a': '1'}","{'h': '1.14683', 'a': '2.02638'}",2024-10-20 16:30:00,"{'w': '0.1712', 'd': '0.229', 'l': '0.5998'}",2024
27074,True,"{'id': '148', 'title': 'Barcelona', 'short_title': 'BAR'}","{'id': '138', 'title': 'Sevilla', 'short_title': 'SEV'}","{'h': '5', 'a': '1'}","{'h': '4.08528', 'a': '0.599652'}",2024-10-20 19:00:00,"{'w': '0.9753', 'd': '0.0195', 'l': '0.0052'}",2024
27081,True,"{'id': '146', 'title': 'Valencia', 'short_title': 'VAL'}","{'id': '144', 'title': 'Las Palmas', 'short_title': 'LPL'}","{'h': '2', 'a': '3'}","{'h': '1.94417', 'a': '1.56861'}",2024-10-21 19:00:00,"{'w': '0.4554', 'd': '0.267', 'l': '0.2776'}",2024
27091,True,"{'id': '141', 'title': 'Espanyol', 'short_title': 'ESP'}","{'id': '138', 'title': 'Sevilla', 'short_title': 'SEV'}","{'h': '0', 'a': '2'}","{'h': '1.0292', 'a': '0.813306'}",2024-10-25 19:00:00,"{'w': '0.3585', 'd': '0.3524', 'l': '0.2891'}",2024
27089,True,"{'id': '231', 'title': 'Real Valladolid', 'short_title': 'VAL'}","{'id': '154', 'title': 'Villarreal', 'short_title': 'VIL'}","{'h': '1', 'a': '2'}","{'h': '0.97802', 'a': '2.68435'}",2024-10-26 12:00:00,"{'w': '0.0538', 'd': '0.1466', 'l': '0.7996'}",2024
27090,True,"{'id': '145', 'title': 'Rayo Vallecano', 'short_title': 'RVL'}","{'id': '158', 'title': 'Alaves', 'short_title': 'ALA'}","{'h': '1', 'a': '0'}","{'h': '2.89009', 'a': '0.871439'}",2024-10-26 14:15:00,"{'w': '0.8274', 'd': '0.1128', 'l': '0.0598'}",2024
27087,True,"{'id': '144', 'title': 'Las Palmas', 'short_title': 'LPL'}","{'id': '223', 'title': 'Girona', 'short_title': 'GIR'}","{'h': '1', 'a': '0'}","{'h': '1.24451', 'a': '1.04715'}",2024-10-26 16:30:00,"{'w': '0.3893', 'd': '0.3455', 'l': '0.2652'}",2024
27085,True,"{'id': '150', 'title': 'Real Madrid', 'short_title': 'RMA'}","{'id': '148', 'title': 'Barcelona', 'short_title': 'BAR'}","{'h': '0', 'a': '4'}","{'h': '1.40359', 'a': '2.51566'}",2024-10-26 19:00:00,"{'w': '0.1554', 'd': '0.2', 'l': '0.6446'}",2024
27086,True,"{'id': '159', 'title': 'Leganes', 'short_title': 'LEG'}","{'id': '152', 'title': 'Celta Vigo', 'short_title': 'CEL'}","{'h': '3', 'a': '0'}","{'h': '1.54881', 'a': '0.767239'}",2024-10-27 13:00:00,"{'w': '0.5987', 'd': '0.244', 'l': '0.1573'}",2024
27082,True,"{'id': '142', 'title': 'Getafe', 'short_title': 'GET'}","{'id': '146', 'title': 'Valencia', 'short_title': 'VAL'}","{'h': '1', 'a': '1'}","{'h': '2.97825', 'a': '0.63831'}",2024-10-27 15:15:00,"{'w': '0.9167', 'd': '0.0695', 'l': '0.0138'}",2024
27084,True,"{'id': '153', 'title': 'Real Betis', 'short_title': 'BET'}","{'id': '143', 'title': 'Atletico Madrid', 'short_title': 'ATL'}","{'h': '1', 'a': '0'}","{'h': '2.20384', 'a': '0.555217'}",2024-10-27 17:30:00,"{'w': '0.7846', 'd': '0.1542', 'l': '0.0612'}",2024
27088,True,"{'id': '140', 'title': 'Real Sociedad', 'short_title': 'SOC'}","{'id': '157', 'title': 'Osasuna', 'short_title': 'OSA'}","{'h': '0', 'a': '2'}","{'h': '1.6767', 'a': '1.06487'}",2024-10-27 20:00:00,"{'w': '0.5217', 'd': '0.2697', 'l': '0.2086'}",2024
27083,True,"{'id': '239', 'title': 'Mallorca', 'short_title': 'MAL'}","{'id': '147', 'title': 'Athletic Club', 'short_title': 'ATH'}","{'h': '0', 'a': '0'}","{'h': '0.542356', 'a': '0.755466'}",2024-10-28 20:00:00,"{'w': '0.2452', 'd': '0.4064', 'l': '0.3484'}",2024
27097,True,"{'id': '158', 'title': 'Alaves', 'short_title': 'ALA'}","{'id': '239', 'title': 'Mallorca', 'short_title': 'MAL'}","{'h': '1', 'a': '0'}","{'h': '1.43582', 'a': '0.708287'}",2024-11-01 20:00:00,"{'w': '0.587', 'd': '0.2719', 'l': '0.1411'}",2024
27096,True,"{'id': '157', 'title': 'Osasuna', 'short_title': 'OSA'}","{'id': '231', 'title': 'Real Valladolid', 'short_title': 'VAL'}","{'h': '1', 'a': '0'}","{'h': '3.21695', 'a': '0.204092'}",2024-11-02 13:00:00,"{'w': '0.9661', 'd': '0.0285', 'l': '0.0054'}",2024
27095,True,"{'id': '223', 'title': 'Girona', 'short_title': 'GIR'}","{'id': '159', 'title': 'Leganes', 'short_title': 'LEG'}","{'h': '4', 'a': '3'}","{'h': '1.81274', 'a': '0.320545'}",2024-11-02 15:15:00,"{'w': '0.8176', 'd': '0.1458', 'l': '0.0366'}",2024
27093,True,"{'id': '143', 'title': 'Atletico Madrid', 'short_title': 'ATL'}","{'id': '144', 'title': 'Las Palmas', 'short_title': 'LPL'}","{'h': '2', 'a': '0'}","{'h': '1.73469', 'a': '0.0329044'}",2024-11-03 13:00:00,"{'w': '0.8628', 'd': '0.1328', 'l': '0.0044'}",2024
27101,True,"{'id': '148', 'title': 'Barcelona', 'short_title': 'BAR'}","{'id': '141', 'title': 'Espanyol', 'short_title': 'ESP'}","{'h': '3', 'a': '1'}","{'h': '1.94398', 'a': '0.787359'}",2024-11-03 15:15:00,"{'w': '0.6799', 'd': '0.2074', 'l': '0.1127'}",2024
27100,True,"{'id': '138', 'title': 'Sevilla', 'short_title': 'SEV'}","{'id': '140', 'title': 'Real Sociedad', 'short_title': 'SOC'}","{'h': '0', 'a': '2'}","{'h': '0.629505', 'a': '1.21835'}",2024-11-03 17:30:00,"{'w': '0.1406', 'd': '0.3168', 'l': '0.5426'}",2024
27092,True,"{'id': '147', 'title': 'Athletic Club', 'short_title': 'ATH'}","{'id': '153', 'title': 'Real Betis', 'short_title': 'BET'}","{'h': '1', 'a': '1'}","{'h': '4.2033', 'a': '1.54499'}",2024-11-03 20:00:00,"{'w': '0.9045', 'd': '0.0697', 'l': '0.0258'}",2024
27094,True,"{'id': '152', 'title': 'Celta Vigo', 'short_title': 'CEL'}","{'id': '142', 'title': 'Getafe', 'short_title': 'GET'}","{'h': '1', 'a': '0'}","{'h': '2.12477', 'a': '0.424746'}",2024-11-04 20:00:00,"{'w': '0.8274', 'd': '0.1293', 'l': '0.0433'}",2024
27110,True,"{'id': '145', 'title': 'Rayo Vallecano', 'short_title': 'RVL'}","{'id': '144', 'title': 'Las Palmas', 'short_title': 'LPL'}","{'h': '1', 'a': '3'}","{'h': '2.63982', 'a': '1.25211'}",2024-11-08 20:00:00,"{'w': '0.6934', 'd': '0.1731', 'l': '0.1335'}",2024
27109,True,"{'id': '150', 'title': 'Real Madrid', 'short_title': 'RMA'}","{'id': '157', 'title': 'Osasuna', 'short_title': 'OSA'}","{'h': '4', 'a': '0'}","{'h': '3.27315', 'a': '0.0678926'}",2024-11-09 13:00:00,"{'w': '0.992', 'd': '0.0076', 'l': '0.0004'}",2024
27111,True,"{'id': '154', 'title': 'Villarreal', 'short_title': 'VIL'}","{'id': '158', 'title': 'Alaves', 'short_title': 'ALA'}","{'h': '3', 'a': '0'}","{'h': '1.44293', 'a': '0.608571'}",2024-11-09 15:15:00,"{'w': '0.6177', 'd': '0.2732', 'l': '0.1091'}",2024
27105,True,"{'id': '159', 'title': 'Leganes', 'short_title': 'LEG'}","{'id': '138', 'title': 'Sevilla', 'short_title': 'SEV'}","{'h': '1', 'a': '0'}","{'h': '1.09319', 'a': '0.539924'}",2024-11-09 21:00:00,"{'w': '0.5502', 'd': '0.3082', 'l': '0.1416'}",2024
27103,True,"{'id': '153', 'title': 'Real Betis', 'short_title': 'BET'}","{'id': '152', 'title': 'Celta Vigo', 'short_title': 'CEL'}","{'h': '2', 'a': '2'}","{'h': '1.65065', 'a': '0.941675'}",2024-11-10 13:00:00,"{'w': '0.5377', 'd': '0.2992', 'l': '0.1631'}",2024
27107,True,"{'id': '239', 'title': 'Mallorca', 'short_title': 'MAL'}","{'id': '143', 'title': 'Atletico Madrid', 'short_title': 'ATL'}","{'h': '0', 'a': '1'}","{'h': '0.735147', 'a': '0.93863'}",2024-11-10 15:15:00,"{'w': '0.2513', 'd': '0.3507', 'l': '0.398'}",2024
27104,True,"{'id': '142', 'title': 'Getafe', 'short_title': 'GET'}","{'id': '223', 'title': 'Girona', 'short_title': 'GIR'}","{'h': '0', 'a': '1'}","{'h': '0.220796', 'a': '0.521025'}",2024-11-10 17:30:00,"{'w': '0.1103', 'd': '0.49', 'l': '0.3997'}",2024
27106,True,"{'id': '231', 'title': 'Real Valladolid', 'short_title': 'VAL'}","{'id': '147', 'title': 'Athletic Club', 'short_title': 'ATH'}","{'h': '1', 'a': '1'}","{'h': '0.887674', 'a': '1.487'}",2024-11-10 17:30:00,"{'w': '0.2013', 'd': '0.285', 'l': '0.5137'}",2024
27108,True,"{'id': '140', 'title': 'Real Sociedad', 'short_title': 'SOC'}","{'id': '148', 'title': 'Barcelona', 'short_title': 'BAR'}","{'h': '1', 'a': '0'}","{'h': '1.88518', 'a': '0.514102'}",2024-11-10 20:00:00,"{'w': '0.7413', 'd': '0.1842', 'l': '0.0745'}",2024
27113,True,"{'id': '142', 'title': 'Getafe', 'short_title': 'GET'}","{'id': '231', 'title': 'Real Valladolid', 'short_title': 'VAL'}","{'h': '2', 'a': '0'}","{'h': '0.658487', 'a': '0.729169'}",2024-11-22 20:00:00,"{'w': '0.2742', 'd': '0.3851', 'l': '0.3407'}",2024
27118,True,"{'id': '146', 'title': 'Valencia', 'short_title': 'VAL'}","{'id': '153', 'title': 'Real Betis', 'short_title': 'BET'}","{'h': '4', 'a': '2'}","{'h': '1.67338', 'a': '1.05242'}",2024-11-23 13:00:00,"{'w': '0.543', 'd': '0.2737', 'l': '0.1833'}",2024
27120,True,"{'id': '143', 'title': 'Atletico Madrid', 'short_title': 'ATL'}","{'id': '158', 'title': 'Alaves', 'short_title': 'ALA'}","{'h': '2', 'a': '1'}","{'h': '2.05318', 'a': '0.785902'}",2024-11-23 15:15:00,"{'w': '0.7375', 'd': '0.2118', 'l': '0.0507'}",2024
27115,True,"{'id': '144', 'title': 'Las Palmas', 'short_title': 'LPL'}","{'id': '239', 'title': 'Mallorca', 'short_title': 'MAL'}","{'h': '2', 'a': '3'}","{'h': '1.15972', 'a': '1.45816'}",2024-11-23 17:30:00,"{'w': '0.2465', 'd': '0.3353', 'l': '0.4182'}",2024
27121,True,"{'id': '223', 'title': 'Girona', 'short_title': 'GIR'}","{'id': '141', 'title': 'Espanyol', 'short_title': 'ESP'}","{'h': '4', 'a': '1'}","{'h': '3.28521', 'a': '0.488285'}",2024-11-23 17:30:00,"{'w': '0.9488', 'd': '0.0402', 'l': '0.011'}",2024
27117,True,"{'id': '152', 'title': 'Celta Vigo', 'short_title': 'CEL'}","{'id': '148', 'title': 'Barcelona', 'short_title': 'BAR'}","{'h': '2', 'a': '2'}","{'h': '2.75981', 'a': '1.93782'}",2024-11-23 20:00:00,"{'w': '0.5662', 'd': '0.203', 'l': '0.2308'}",2024
27114,True,"{'id': '157', 'title': 'Osasuna', 'short_title': 'OSA'}","{'id': '154', 'title': 'Villarreal', 'short_title': 'VIL'}","{'h': '2', 'a': '2'}","{'h': '1.3273', 'a': '2.68193'}",2024-11-24 13:00:00,"{'w': '0.0816', 'd': '0.1903', 'l': '0.7281'}",2024
27119,True,"{'id': '138', 'title': 'Sevilla', 'short_title': 'SEV'}","{'id': '145', 'title': 'Rayo Vallecano', 'short_title': 'RVL'}","{'h': '1', 'a': '0'}","{'h': '1.57063', 'a': '0.862262'}",2024-11-24 15:15:00,"{'w': '0.5582', 'd': '0.2714', 'l': '0.1704'}",2024
27116,True,"{'id': '159', 'title': 'Leganes', 'short_title': 'LEG'}","{'id': '150', 'title': 'Real Madrid', 'short_title': 'RMA'}","{'h': '0', 'a': '3'}","{'h': '0.108948', 'a': '2.73014'}",2024-11-24 17:30:00,"{'w': '0.0036', 'd': '0.0442', 'l': '0.9522'}",2024
27112,True,"{'id': '147', 'title': 'Athletic Club', 'short_title': 'ATH'}","{'id': '140', 'title': 'Real Sociedad', 'short_title': 'SOC'}","{'h': '1', 'a': '0'}","{'h': '1.65075', 'a': '0.799084'}",2024-11-24 20:00:00,"{'w': '0.61', 'd': '0.2695', 'l': '0.1205'}",2024
27123,True,"{'id': '239', 'title': 'Mallorca', 'short_title': 'MAL'}","{'id': '146', 'title': 'Valencia', 'short_title': 'VAL'}","{'h': '2', 'a': '1'}","{'h': '0.721435', 'a': '1.33443'}",2024-11-29 20:00:00,"{'w': '0.142', 'd': '0.2997', 'l': '0.5583'}",2024
27122,True,"{'id': '148', 'title': 'Barcelona', 'short_title': 'BAR'}","{'id': '144', 'title': 'Las Palmas', 'short_title': 'LPL'}","{'h': '1', 'a': '2'}","{'h': '2.18354', 'a': '0.599185'}",2024-11-30 13:00:00,"{'w': '0.7609', 'd': '0.1723', 'l': '0.0668'}",2024
27124,True,"{'id': '158', 'title': 'Alaves', 'short_title': 'ALA'}","{'id': '159', 'title': 'Leganes', 'short_title': 'LEG'}","{'h': '1', 'a': '1'}","{'h': '1.28884', 'a': '1.3688'}",2024-11-30 15:15:00,"{'w': '0.3165', 'd': '0.2957', 'l': '0.3878'}",2024
27131,True,"{'id': '141', 'title': 'Espanyol', 'short_title': 'ESP'}","{'id': '152', 'title': 'Celta Vigo', 'short_title': 'CEL'}","{'h': '3', 'a': '1'}","{'h': '1.50136', 'a': '1.55998'}",2024-11-30 17:30:00,"{'w': '0.3379', 'd': '0.2926', 'l': '0.3695'}",2024
27126,True,"{'id': '231', 'title': 'Real Valladolid', 'short_title': 'VAL'}","{'id': '143', 'title': 'Atletico Madrid', 'short_title': 'ATL'}","{'h': '0', 'a': '5'}","{'h': '0.437294', 'a': '3.40487'}",2024-11-30 20:00:00,"{'w': '0.0069', 'd': '0.0349', 'l': '0.9582'}",2024
27128,True,"{'id': '154', 'title': 'Villarreal', 'short_title': 'VIL'}","{'id': '223', 'title': 'Girona', 'short_title': 'GIR'}","{'h': '2', 'a': '2'}","{'h': '1.96842', 'a': '0.516301'}",2024-12-01 13:00:00,"{'w': '0.7703', 'd': '0.1722', 'l': '0.0575'}",2024
27127,True,"{'id': '150', 'title': 'Real Madrid', 'short_title': 'RMA'}","{'id': '142', 'title': 'Getafe', 'short_title': 'GET'}","{'h': '2', 'a': '0'}","{'h': '3.23626', 'a': '0.34657'}",2024-12-01 15:15:00,"{'w': '0.9576', 'd': '0.0341', 'l': '0.0083'}",2024
27125,True,"{'id': '145', 'title': 'Rayo Vallecano', 'short_title': 'RVL'}","{'id': '147', 'title': 'Athletic Club', 'short_title': 'ATH'}","{'h': '1', 'a': '2'}","{'h': '0.590024', 'a': '0.556919'}",2024-12-01 17:30:00,"{'w': '0.2964', 'd': '0.4299', 'l': '0.2737'}",2024
27130,True,"{'id': '140', 'title': 'Real Sociedad', 'short_title': 'SOC'}","{'id': '153', 'title': 'Real Betis', 'short_title': 'BET'}","{'h': '2', 'a': '0'}","{'h': '0.818081', 'a': '0.366137'}",2024-12-01 20:00:00,"{'w': '0.5373', 'd': '0.3514', 'l': '0.1113'}",2024
27129,True,"{'id': '138', 'title': 'Sevilla', 'short_title': 'SEV'}","{'id': '157', 'title': 'Osasuna', 'short_title': 'OSA'}","{'h': '1', 'a': '1'}","{'h': '1.09081', 'a': '1.04839'}",2024-12-02 20:00:00,"{'w': '0.3469', 'd': '0.317', 'l': '0.3361'}",2024
27167,True,"{'id': '239', 'title': 'Mallorca', 'short_title': 'MAL'}","{'id': '148', 'title': 'Barcelona', 'short_title': 'BAR'}","{'h': '1', 'a': '5'}","{'h': '0.921728', 'a': '5.38074'}",2024-12-03 18:00:00,"{'w': '0.0009', 'd': '0.0056', 'l': '0.9935'}",2024
27162,True,"{'id': '147', 'title': 'Athletic Club', 'short_title': 'ATH'}","{'id': '150', 'title': 'Real Madrid', 'short_title': 'RMA'}","{'h': '2', 'a': '1'}","{'h': '2.08134', 'a': '1.97732'}",2024-12-04 20:00:00,"{'w': '0.374', 'd': '0.3045', 'l': '0.3215'}",2024
27136,True,"{'id': '152', 'title': 'Celta Vigo', 'short_title': 'CEL'}","{'id': '239', 'title': 'Mallorca', 'short_title': 'MAL'}","{'h': '2', 'a': '0'}","{'h': '1.19949', 'a': '1.09038'}",2024-12-06 20:00:00,"{'w': '0.3793', 'd': '0.3093', 'l': '0.3114'}",2024
27138,True,"{'id': '144', 'title': 'Las Palmas', 'short_title': 'LPL'}","{'id': '231', 'title': 'Real Valladolid', 'short_title': 'VAL'}","{'h': '2', 'a': '1'}","{'h': '1.27625', 'a': '1.30835'}",2024-12-07 13:00:00,"{'w': '0.3301', 'd': '0.3114', 'l': '0.3585'}",2024
27139,True,"{'id': '153', 'title': 'Real Betis', 'short_title': 'BET'}","{'id': '148', 'title': 'Barcelona', 'short_title': 'BAR'}","{'h': '2', 'a': '2'}","{'h': '2.76257', 'a': '1.54117'}",2024-12-07 15:15:00,"{'w': '0.6996', 'd': '0.1871', 'l': '0.1133'}",2024
27140,True,"{'id': '146', 'title': 'Valencia', 'short_title': 'VAL'}","{'id': '145', 'title': 'Rayo Vallecano', 'short_title': 'RVL'}","{'h': '0', 'a': '1'}","{'h': '1.0002', 'a': '1.02294'}",2024-12-07 17:30:00,"{'w': '0.3246', 'd': '0.3333', 'l': '0.3421'}",2024
27137,True,"{'id': '223', 'title': 'Girona', 'short_title': 'GIR'}","{'id': '150', 'title': 'Real Madrid', 'short_title': 'RMA'}","{'h': '0', 'a': '3'}","{'h': '0.351337', 'a': '1.16034'}",2024-12-07 20:00:00,"{'w': '0.0965', 'd': '0.3001', 'l': '0.6034'}",2024
27133,True,"{'id': '159', 'title': 'Leganes', 'short_title': 'LEG'}","{'id': '140', 'title': 'Real Sociedad', 'short_title': 'SOC'}","{'h': '0', 'a': '3'}","{'h': '0.463722', 'a': '1.74462'}",2024-12-08 13:00:00,"{'w': '0.0668', 'd': '0.1952', 'l': '0.738'}",2024
27134,True,"{'id': '147', 'title': 'Athletic Club', 'short_title': 'ATH'}","{'id': '154', 'title': 'Villarreal', 'short_title': 'VIL'}","{'h': '2', 'a': '0'}","{'h': '1.31484', 'a': '0.796459'}",2024-12-08 15:15:00,"{'w': '0.5071', 'd': '0.2973', 'l': '0.1956'}",2024
27141,True,"{'id': '157', 'title': 'Osasuna', 'short_title': 'OSA'}","{'id': '158', 'title': 'Alaves', 'short_title': 'ALA'}","{'h': '2', 'a': '2'}","{'h': '2.31345', 'a': '1.50067'}",2024-12-08 17:30:00,"{'w': '0.5738', 'd': '0.2387', 'l': '0.1875'}",2024
27135,True,"{'id': '143', 'title': 'Atletico Madrid', 'short_title': 'ATL'}","{'id': '138', 'title': 'Sevilla', 'short_title': 'SEV'}","{'h': '4', 'a': '3'}","{'h': '2.32183', 'a': '0.635773'}",2024-12-08 20:00:00,"{'w': '0.7968', 'd': '0.149', 'l': '0.0542'}",2024
27132,True,"{'id': '142', 'title': 'Getafe', 'short_title': 'GET'}","{'id': '141', 'title': 'Espanyol', 'short_title': 'ESP'}","{'h': '1', 'a': '0'}","{'h': '0.530268', 'a': '1.17303'}",2024-12-09 20:00:00,"{'w': '0.1415', 'd': '0.2918', 'l': '0.5667'}",2024
27147,True,"{'id': '231', 'title': 'Real Valladolid', 'short_title': 'VAL'}","{'id': '146', 'title': 'Valencia', 'short_title': 'VAL'}","{'h': '1', 'a': '0'}","{'h': '0.531831', 'a': '0.657242'}",2024-12-13 20:00:00,"{'w': '0.2628', 'd': '0.4207', 'l': '0.3165'}",2024
27150,True,"{'id': '141', 'title': 'Espanyol', 'short_title': 'ESP'}","{'id': '157', 'title': 'Osasuna', 'short_title': 'OSA'}","{'h': '0', 'a': '0'}","{'h': '0.298744', 'a': '0.213917'}",2024-12-14 13:00:00,"{'w': '0.2143', 'd': '0.6377', 'l': '0.148'}",2024
27146,True,"{'id': '239', 'title': 'Mallorca', 'short_title': 'MAL'}","{'id': '223', 'title': 'Girona', 'short_title': 'GIR'}","{'h': '2', 'a': '1'}","{'h': '1.65091', 'a': '0.939735'}",2024-12-14 15:15:00,"{'w': '0.5661', 'd': '0.2619', 'l': '0.172'}",2024
27145,True,"{'id': '138', 'title': 'Sevilla', 'short_title': 'SEV'}","{'id': '152', 'title': 'Celta Vigo', 'short_title': 'CEL'}","{'h': '1', 'a': '0'}","{'h': '0.487466', 'a': '0.928845'}",2024-12-14 17:30:00,"{'w': '0.1699', 'd': '0.3658', 'l': '0.4643'}",2024
27144,True,"{'id': '145', 'title': 'Rayo Vallecano', 'short_title': 'RVL'}","{'id': '150', 'title': 'Real Madrid', 'short_title': 'RMA'}","{'h': '3', 'a': '3'}","{'h': '1.60769', 'a': '1.15429'}",2024-12-14 20:00:00,"{'w': '0.4823', 'd': '0.2808', 'l': '0.2369'}",2024
27142,True,"{'id': '143', 'title': 'Atletico Madrid', 'short_title': 'ATL'}","{'id': '142', 'title': 'Getafe', 'short_title': 'GET'}","{'h': '1', 'a': '0'}","{'h': '1.85376', 'a': '0.238672'}",2024-12-15 13:00:00,"{'w': '0.8337', 'd': '0.1385', 'l': '0.0278'}",2024
27149,True,"{'id': '158', 'title': 'Alaves', 'short_title': 'ALA'}","{'id': '147', 'title': 'Athletic Club', 'short_title': 'ATH'}","{'h': '1', 'a': '1'}","{'h': '0.803776', 'a': '0.843706'}",2024-12-15 15:15:00,"{'w': '0.3108', 'd': '0.3839', 'l': '0.3053'}",2024
27148,True,"{'id': '154', 'title': 'Villarreal', 'short_title': 'VIL'}","{'id': '153', 'title': 'Real Betis', 'short_title': 'BET'}","{'h': '1', 'a': '2'}","{'h': '1.60957', 'a': '1.6735'}",2024-12-15 17:30:00,"{'w': '0.3421', 'd': '0.2753', 'l': '0.3826'}",2024
27151,True,"{'id': '140', 'title': 'Real Sociedad', 'short_title': 'SOC'}","{'id': '144', 'title': 'Las Palmas', 'short_title': 'LPL'}","{'h': '0', 'a': '0'}","{'h': '1.24562', 'a': '0.840973'}",2024-12-15 17:30:00,"{'w': '0.4708', 'd': '0.3029', 'l': '0.2263'}",2024
27143,True,"{'id': '148', 'title': 'Barcelona', 'short_title': 'BAR'}","{'id': '159', 'title': 'Leganes', 'short_title': 'LEG'}","{'h': '0', 'a': '1'}","{'h': '2.16597', 'a': '0.77236'}",2024-12-15 20:00:00,"{'w': '0.7408', 'd': '0.1765', 'l': '0.0827'}",2024
27098,True,"{'id': '154', 'title': 'Villarreal', 'short_title': 'VIL'}","{'id': '145', 'title': 'Rayo Vallecano', 'short_title': 'RVL'}","{'h': '1', 'a': '1'}","{'h': '2.52908', 'a': '1.85712'}",2024-12-18 20:30:00,"{'w': '0.5444', 'd': '0.2085', 'l': '0.2471'}",2024
27102,True,"{'id': '141', 'title': 'Espanyol', 'short_title': 'ESP'}","{'id': '146', 'title': 'Valencia', 'short_title': 'VAL'}","{'h': '1', 'a': '1'}","{'h': '1.87851', 'a': '1.78128'}",2024-12-18 20:30:00,"{'w': '0.4008', 'd': '0.26', 'l': '0.3392'}",2024
27156,True,"{'id': '223', 'title': 'Girona', 'short_title': 'GIR'}","{'id': '231', 'title': 'Real Valladolid', 'short_title': 'VAL'}","{'h': '3', 'a': '0'}","{'h': '2.16439', 'a': '0.0119855'}",2024-12-20 20:00:00,"{'w': '0.9165', 'd': '0.0826', 'l': '0.0009'}",2024
27155,True,"{'id': '142', 'title': 'Getafe', 'short_title': 'GET'}","{'id': '239', 'title': 'Mallorca', 'short_title': 'MAL'}","{'h': '0', 'a': '1'}","{'h': '0.735241', 'a': '2.06274'}",2024-12-21 13:00:00,"{'w': '0.0808', 'd': '0.1681', 'l': '0.7511'}",2024
27154,True,"{'id': '152', 'title': 'Celta Vigo', 'short_title': 'CEL'}","{'id': '140', 'title': 'Real Sociedad', 'short_title': 'SOC'}","{'h': '2', 'a': '0'}","{'h': '1.22165', 'a': '0.314488'}",2024-12-21 15:15:00,"{'w': '0.681', 'd': '0.2547', 'l': '0.0643'}",2024
27159,True,"{'id': '157', 'title': 'Osasuna', 'short_title': 'OSA'}","{'id': '147', 'title': 'Athletic Club', 'short_title': 'ATH'}","{'h': '1', 'a': '2'}","{'h': '0.417557', 'a': '1.18093'}",2024-12-21 17:30:00,"{'w': '0.105', 'd': '0.2984', 'l': '0.5966'}",2024
27160,True,"{'id': '148', 'title': 'Barcelona', 'short_title': 'BAR'}","{'id': '143', 'title': 'Atletico Madrid', 'short_title': 'ATL'}","{'h': '1', 'a': '2'}","{'h': '3.37424', 'a': '0.710716'}",2024-12-21 20:00:00,"{'w': '0.9123', 'd': '0.0689', 'l': '0.0188'}",2024
27161,True,"{'id': '146', 'title': 'Valencia', 'short_title': 'VAL'}","{'id': '158', 'title': 'Alaves', 'short_title': 'ALA'}","{'h': '2', 'a': '2'}","{'h': '1.34762', 'a': '1.54294'}",2024-12-22 13:00:00,"{'w': '0.2832', 'd': '0.3296', 'l': '0.3872'}",2024
27157,True,"{'id': '150', 'title': 'Real Madrid', 'short_title': 'RMA'}","{'id': '138', 'title': 'Sevilla', 'short_title': 'SEV'}","{'h': '4', 'a': '2'}","{'h': '2.90098', 'a': '1.41183'}",2024-12-22 15:15:00,"{'w': '0.7182', 'd': '0.1619', 'l': '0.1199'}",2024
27152,True,"{'id': '144', 'title': 'Las Palmas', 'short_title': 'LPL'}","{'id': '141', 'title': 'Espanyol', 'short_title': 'ESP'}","{'h': '1', 'a': '0'}","{'h': '0.956162', 'a': '0.878983'}",2024-12-22 17:30:00,"{'w': '0.3496', 'd': '0.3467', 'l': '0.3037'}",2024
27158,True,"{'id': '159', 'title': 'Leganes', 'short_title': 'LEG'}","{'id': '154', 'title': 'Villarreal', 'short_title': 'VIL'}","{'h': '2', 'a': '5'}","{'h': '1.47457', 'a': '4.01011'}",2024-12-22 17:30:00,"{'w': '0.029', 'd': '0.0715', 'l': '0.8995'}",2024
27153,True,"{'id': '153', 'title': 'Real Betis', 'short_title': 'BET'}","{'id': '145', 'title': 'Rayo Vallecano', 'short_title': 'RVL'}","{'h': '1', 'a': '1'}","{'h': '1.93031', 'a': '0.878426'}",2024-12-22 20:00:00,"{'w': '0.6544', 'd': '0.2301', 'l': '0.1155'}",2024
27099,True,"{'id': '146', 'title': 'Valencia', 'short_title': 'VAL'}","{'id': '150', 'title': 'Real Madrid', 'short_title': 'RMA'}","{'h': '1', 'a': '2'}","{'h': '1.35313', 'a': '2.69157'}",2025-01-03 20:00:00,"{'w': '0.0994', 'd': '0.1919', 'l': '0.7087'}",2024
27169,True,"{'id': '145', 'title': 'Rayo Vallecano', 'short_title': 'RVL'}","{'id': '152', 'title': 'Celta Vigo', 'short_title': 'CEL'}","{'h': '2', 'a': '1'}","{'h': '1.00439', 'a': '3.25801'}",2025-01-10 20:00:00,"{'w': '0.041', 'd': '0.1003', 'l': '0.8587'}",2024
27166,True,"{'id': '158', 'title': 'Alaves', 'short_title': 'ALA'}","{'id': '223', 'title': 'Girona', 'short_title': 'GIR'}","{'h': '0', 'a': '1'}","{'h': '1.72201', 'a': '0.625652'}",2025-01-11 13:00:00,"{'w': '0.7107', 'd': '0.234', 'l': '0.0553'}",2024
27168,True,"{'id': '231', 'title': 'Real Valladolid', 'short_title': 'VAL'}","{'id': '153', 'title': 'Real Betis', 'short_title': 'BET'}","{'h': '1', 'a': '0'}","{'h': '1.62446', 'a': '1.03813'}",2025-01-11 15:15:00,"{'w': '0.5382', 'd': '0.2601', 'l': '0.2017'}",2024
27171,True,"{'id': '141', 'title': 'Espanyol', 'short_title': 'ESP'}","{'id': '159', 'title': 'Leganes', 'short_title': 'LEG'}","{'h': '1', 'a': '1'}","{'h': '1.05544', 'a': '1.92496'}",2025-01-11 17:30:00,"{'w': '0.1634', 'd': '0.232', 'l': '0.6046'}",2024
27165,True,"{'id': '138', 'title': 'Sevilla', 'short_title': 'SEV'}","{'id': '146', 'title': 'Valencia', 'short_title': 'VAL'}","{'h': '1', 'a': '1'}","{'h': '0.734356', 'a': '1.08107'}",2025-01-11 20:00:00,"{'w': '0.2109', 'd': '0.3367', 'l': '0.4524'}",2024
27170,True,"{'id': '144', 'title': 'Las Palmas', 'short_title': 'LPL'}","{'id': '142', 'title': 'Getafe', 'short_title': 'GET'}","{'h': '1', 'a': '2'}","{'h': '1.62636', 'a': '1.39575'}",2025-01-12 13:00:00,"{'w': '0.4195', 'd': '0.2872', 'l': '0.2933'}",2024
27163,True,"{'id': '143', 'title': 'Atletico Madrid', 'short_title': 'ATL'}","{'id': '157', 'title': 'Osasuna', 'short_title': 'OSA'}","{'h': '1', 'a': '0'}","{'h': '2.28719', 'a': '0.391974'}",2025-01-12 15:15:00,"{'w': '0.8794', 'd': '0.0988', 'l': '0.0218'}",2024
27164,True,"{'id': '140', 'title': 'Real Sociedad', 'short_title': 'SOC'}","{'id': '154', 'title': 'Villarreal', 'short_title': 'VIL'}","{'h': '1', 'a': '0'}","{'h': '0.805968', 'a': '1.22527'}",2025-01-13 20:00:00,"{'w': '0.212', 'd': '0.3423', 'l': '0.4457'}",2024
27172,True,"{'id': '141', 'title': 'Espanyol', 'short_title': 'ESP'}","{'id': '231', 'title': 'Real Valladolid', 'short_title': 'VAL'}","{'h': '2', 'a': '1'}","{'h': '1.28839', 'a': '1.72021'}",2025-01-17 20:00:00,"{'w': '0.2494', 'd': '0.2612', 'l': '0.4894'}",2024
27173,True,"{'id': '223', 'title': 'Girona', 'short_title': 'GIR'}","{'id': '138', 'title': 'Sevilla', 'short_title': 'SEV'}","{'h': '1', 'a': '2'}","{'h': '1.14329', 'a': '3.09224'}",2025-01-18 13:00:00,"{'w': '0.0462', 'd': '0.1136', 'l': '0.8402'}",2024
27176,True,"{'id': '159', 'title': 'Leganes', 'short_title': 'LEG'}","{'id': '143', 'title': 'Atletico Madrid', 'short_title': 'ATL'}","{'h': '1', 'a': '0'}","{'h': '0.770342', 'a': '3.0563'}",2025-01-18 15:15:00,"{'w': '0.0258', 'd': '0.0803', 'l': '0.8939'}",2024
27181,True,"{'id': '153', 'title': 'Real Betis', 'short_title': 'BET'}","{'id': '158', 'title': 'Alaves', 'short_title': 'ALA'}","{'h': '1', 'a': '3'}","{'h': '0.501492', 'a': '1.6539'}",2025-01-18 17:30:00,"{'w': '0.0749', 'd': '0.1989', 'l': '0.7262'}",2024
27177,True,"{'id': '142', 'title': 'Getafe', 'short_title': 'GET'}","{'id': '148', 'title': 'Barcelona', 'short_title': 'BAR'}","{'h': '1', 'a': '1'}","{'h': '1.16921', 'a': '3.50383'}",2025-01-18 20:00:00,"{'w': '0.0374', 'd': '0.0935', 'l': '0.8691'}",2024
27175,True,"{'id': '152', 'title': 'Celta Vigo', 'short_title': 'CEL'}","{'id': '147', 'title': 'Athletic Club', 'short_title': 'ATH'}","{'h': '1', 'a': '2'}","{'h': '0.40033', 'a': '2.49675'}",2025-01-19 13:00:00,"{'w': '0.015', 'd': '0.0907', 'l': '0.8943'}",2024
27180,True,"{'id': '150', 'title': 'Real Madrid', 'short_title': 'RMA'}","{'id': '144', 'title': 'Las Palmas', 'short_title': 'LPL'}","{'h': '4', 'a': '1'}","{'h': '6.40549', 'a': '1.06201'}",2025-01-19 15:15:00,"{'w': '0.9956', 'd': '0.0038', 'l': '0.0006'}",2024
27174,True,"{'id': '157', 'title': 'Osasuna', 'short_title': 'OSA'}","{'id': '145', 'title': 'Rayo Vallecano', 'short_title': 'RVL'}","{'h': '1', 'a': '1'}","{'h': '0.660386', 'a': '0.797534'}",2025-01-19 17:30:00,"{'w': '0.271', 'd': '0.3684', 'l': '0.3606'}",2024
27179,True,"{'id': '146', 'title': 'Valencia', 'short_title': 'VAL'}","{'id': '140', 'title': 'Real Sociedad', 'short_title': 'SOC'}","{'h': '1', 'a': '0'}","{'h': '1.77248', 'a': '0.758224'}",2025-01-19 20:00:00,"{'w': '0.6756', 'd': '0.2144', 'l': '0.11'}",2024
27178,True,"{'id': '154', 'title': 'Villarreal', 'short_title': 'VIL'}","{'id': '239', 'title': 'Mallorca', 'short_title': 'MAL'}","{'h': '4', 'a': '0'}","{'h': '2.35437', 'a': '0.390989'}",2025-01-20 20:00:00,"{'w': '0.8571', 'd': '0.1113', 'l': '0.0316'}",2024
27185,True,"{'id': '144', 'title': 'Las Palmas', 'short_title': 'LPL'}","{'id': '157', 'title': 'Osasuna', 'short_title': 'OSA'}","{'h': '1', 'a': '1'}","{'h': '0.833212', 'a': '2.53692'}",2025-01-24 20:00:00,"{'w': '0.0571', 'd': '0.137', 'l': '0.8059'}",2024
27187,True,"{'id': '239', 'title': 'Mallorca', 'short_title': 'MAL'}","{'id': '153', 'title': 'Real Betis', 'short_title': 'BET'}","{'h': '0', 'a': '1'}","{'h': '0.789384', 'a': '0.59491'}",2025-01-25 13:00:00,"{'w': '0.369', 'd': '0.3865', 'l': '0.2445'}",2024
27183,True,"{'id': '143', 'title': 'Atletico Madrid', 'short_title': 'ATL'}","{'id': '154', 'title': 'Villarreal', 'short_title': 'VIL'}","{'h': '1', 'a': '1'}","{'h': '1.72274', 'a': '1.78456'}",2025-01-25 15:15:00,"{'w': '0.3465', 'd': '0.2679', 'l': '0.3856'}",2024
27191,True,"{'id': '138', 'title': 'Sevilla', 'short_title': 'SEV'}","{'id': '141', 'title': 'Espanyol', 'short_title': 'ESP'}","{'h': '1', 'a': '1'}","{'h': '1.15013', 'a': '1.27943'}",2025-01-25 17:30:00,"{'w': '0.3008', 'd': '0.291', 'l': '0.4082'}",2024
27190,True,"{'id': '231', 'title': 'Real Valladolid', 'short_title': 'VAL'}","{'id': '150', 'title': 'Real Madrid', 'short_title': 'RMA'}","{'h': '0', 'a': '3'}","{'h': '0.234653', 'a': '2.45677'}",2025-01-25 20:00:00,"{'w': '0.0107', 'd': '0.0708', 'l': '0.9185'}",2024
27189,True,"{'id': '145', 'title': 'Rayo Vallecano', 'short_title': 'RVL'}","{'id': '223', 'title': 'Girona', 'short_title': 'GIR'}","{'h': '2', 'a': '1'}","{'h': '3.01055', 'a': '1.56182'}",2025-01-26 13:00:00,"{'w': '0.7258', 'd': '0.1697', 'l': '0.1045'}",2024
27188,True,"{'id': '140', 'title': 'Real Sociedad', 'short_title': 'SOC'}","{'id': '142', 'title': 'Getafe', 'short_title': 'GET'}","{'h': '0', 'a': '3'}","{'h': '1.26074', 'a': '2.01027'}",2025-01-26 15:15:00,"{'w': '0.187', 'd': '0.2385', 'l': '0.5745'}",2024
27182,True,"{'id': '147', 'title': 'Athletic Club', 'short_title': 'ATH'}","{'id': '159', 'title': 'Leganes', 'short_title': 'LEG'}","{'h': '0', 'a': '0'}","{'h': '2.27277', 'a': '1.57401'}",2025-01-26 17:30:00,"{'w': '0.5331', 'd': '0.2376', 'l': '0.2293'}",2024
27184,True,"{'id': '148', 'title': 'Barcelona', 'short_title': 'BAR'}","{'id': '146', 'title': 'Valencia', 'short_title': 'VAL'}","{'h': '7', 'a': '1'}","{'h': '4.35875', 'a': '1.30328'}",2025-01-26 20:00:00,"{'w': '0.9234', 'd': '0.0557', 'l': '0.0209'}",2024
27186,True,"{'id': '158', 'title': 'Alaves', 'short_title': 'ALA'}","{'id': '152', 'title': 'Celta Vigo', 'short_title': 'CEL'}","{'h': '1', 'a': '1'}","{'h': '0.891741', 'a': '0.155093'}",2025-01-27 20:00:00,"{'w': '0.679', 'd': '0.2803', 'l': '0.0407'}",2024
27197,True,"{'id': '159', 'title': 'Leganes', 'short_title': 'LEG'}","{'id': '145', 'title': 'Rayo Vallecano', 'short_title': 'RVL'}","{'h': '0', 'a': '1'}","{'h': '1.00009', 'a': '2.39088'}",2025-01-31 20:00:00,"{'w': '0.0552', 'd': '0.1815', 'l': '0.7633'}",2024
27193,True,"{'id': '142', 'title': 'Getafe', 'short_title': 'GET'}","{'id': '138', 'title': 'Sevilla', 'short_title': 'SEV'}","{'h': '0', 'a': '0'}","{'h': '0.922731', 'a': '0.871043'}",2025-02-01 13:00:00,"{'w': '0.3453', 'd': '0.3487', 'l': '0.306'}",2024
27196,True,"{'id': '154', 'title': 'Villarreal', 'short_title': 'VIL'}","{'id': '231', 'title': 'Real Valladolid', 'short_title': 'VAL'}","{'h': '5', 'a': '1'}","{'h': '3.89354', 'a': '0.747261'}",2025-02-01 15:15:00,"{'w': '0.9459', 'd': '0.0438', 'l': '0.0103'}",2024
27192,True,"{'id': '143', 'title': 'Atletico Madrid', 'short_title': 'ATL'}","{'id': '239', 'title': 'Mallorca', 'short_title': 'MAL'}","{'h': '2', 'a': '0'}","{'h': '1.59869', 'a': '0.421783'}",2025-02-01 17:30:00,"{'w': '0.715', 'd': '0.2123', 'l': '0.0727'}",2024
27201,True,"{'id': '141', 'title': 'Espanyol', 'short_title': 'ESP'}","{'id': '150', 'title': 'Real Madrid', 'short_title': 'RMA'}","{'h': '1', 'a': '0'}","{'h': '0.52719', 'a': '1.52796'}",2025-02-01 20:00:00,"{'w': '0.112', 'd': '0.2598', 'l': '0.6282'}",2024
27200,True,"{'id': '148', 'title': 'Barcelona', 'short_title': 'BAR'}","{'id': '158', 'title': 'Alaves', 'short_title': 'ALA'}","{'h': '1', 'a': '0'}","{'h': '1.18526', 'a': '0.126278'}",2025-02-02 13:00:00,"{'w': '0.7207', 'd': '0.25', 'l': '0.0293'}",2024
27199,True,"{'id': '146', 'title': 'Valencia', 'short_title': 'VAL'}","{'id': '152', 'title': 'Celta Vigo', 'short_title': 'CEL'}","{'h': '2', 'a': '1'}","{'h': '1.93065', 'a': '0.51501'}",2025-02-02 15:15:00,"{'w': '0.7829', 'd': '0.1704', 'l': '0.0467'}",2024
27195,True,"{'id': '157', 'title': 'Osasuna', 'short_title': 'OSA'}","{'id': '140', 'title': 'Real Sociedad', 'short_title': 'SOC'}","{'h': '2', 'a': '1'}","{'h': '1.11088', 'a': '2.35115'}",2025-02-02 17:30:00,"{'w': '0.1099', 'd': '0.1917', 'l': '0.6984'}",2024
27198,True,"{'id': '153', 'title': 'Real Betis', 'short_title': 'BET'}","{'id': '147', 'title': 'Athletic Club', 'short_title': 'ATH'}","{'h': '2', 'a': '2'}","{'h': '1.31717', 'a': '1.75905'}",2025-02-02 20:00:00,"{'w': '0.2241', 'd': '0.2998', 'l': '0.4761'}",2024
27194,True,"{'id': '223', 'title': 'Girona', 'short_title': 'GIR'}","{'id': '144', 'title': 'Las Palmas', 'short_title': 'LPL'}","{'h': '2', 'a': '1'}","{'h': '2.19186', 'a': '1.31791'}",2025-02-03 20:00:00,"{'w': '0.6146', 'd': '0.2484', 'l': '0.137'}",2024
27211,True,"{'id': '145', 'title': 'Rayo Vallecano', 'short_title': 'RVL'}","{'id': '231', 'title': 'Real Valladolid', 'short_title': 'VAL'}","{'h': '1', 'a': '0'}","{'h': '2.87261', 'a': '0.610157'}",2025-02-07 20:00:00,"{'w': '0.8797', 'd': '0.0893', 'l': '0.031'}",2024
27207,True,"{'id': '152', 'title': 'Celta Vigo', 'short_title': 'CEL'}","{'id': '153', 'title': 'Real Betis', 'short_title': 'BET'}","{'h': '3', 'a': '2'}","{'h': '1.75134', 'a': '1.51159'}",2025-02-08 13:00:00,"{'w': '0.4088', 'd': '0.3131', 'l': '0.2781'}",2024
27209,True,"{'id': '147', 'title': 'Athletic Club', 'short_title': 'ATH'}","{'id': '223', 'title': 'Girona', 'short_title': 'GIR'}","{'h': '3', 'a': '0'}","{'h': '3.81937', 'a': '0.0558089'}",2025-02-08 15:15:00,"{'w': '0.9946', 'd': '0.0053', 'l': '0.0001'}",2024
27203,True,"{'id': '144', 'title': 'Las Palmas', 'short_title': 'LPL'}","{'id': '154', 'title': 'Villarreal', 'short_title': 'VIL'}","{'h': '1', 'a': '2'}","{'h': '1.90619', 'a': '1.26021'}",2025-02-08 17:30:00,"{'w': '0.5288', 'd': '0.2516', 'l': '0.2196'}",2024
27205,True,"{'id': '150', 'title': 'Real Madrid', 'short_title': 'RMA'}","{'id': '143', 'title': 'Atletico Madrid', 'short_title': 'ATL'}","{'h': '1', 'a': '1'}","{'h': '2.55575', 'a': '1.62463'}",2025-02-08 20:00:00,"{'w': '0.612', 'd': '0.2146', 'l': '0.1734'}",2024
27204,True,"{'id': '158', 'title': 'Alaves', 'short_title': 'ALA'}","{'id': '142', 'title': 'Getafe', 'short_title': 'GET'}","{'h': '0', 'a': '1'}","{'h': '1.25855', 'a': '0.825065'}",2025-02-09 13:00:00,"{'w': '0.4253', 'd': '0.4618', 'l': '0.1129'}",2024
27208,True,"{'id': '146', 'title': 'Valencia', 'short_title': 'VAL'}","{'id': '159', 'title': 'Leganes', 'short_title': 'LEG'}","{'h': '2', 'a': '0'}","{'h': '2.03187', 'a': '0.417562'}",2025-02-09 15:15:00,"{'w': '0.8072', 'd': '0.1481', 'l': '0.0447'}",2024
27202,True,"{'id': '140', 'title': 'Real Sociedad', 'short_title': 'SOC'}","{'id': '141', 'title': 'Espanyol', 'short_title': 'ESP'}","{'h': '2', 'a': '1'}","{'h': '1.67839', 'a': '0.872507'}",2025-02-09 17:30:00,"{'w': '0.5841', 'd': '0.2867', 'l': '0.1292'}",2024
27206,True,"{'id': '138', 'title': 'Sevilla', 'short_title': 'SEV'}","{'id': '148', 'title': 'Barcelona', 'short_title': 'BAR'}","{'h': '1', 'a': '4'}","{'h': '0.921429', 'a': '1.93199'}",2025-02-09 20:00:00,"{'w': '0.1162', 'd': '0.2363', 'l': '0.6475'}",2024
27210,True,"{'id': '239', 'title': 'Mallorca', 'short_title': 'MAL'}","{'id': '157', 'title': 'Osasuna', 'short_title': 'OSA'}","{'h': '1', 'a': '1'}","{'h': '1.17321', 'a': '1.81967'}",2025-02-10 20:00:00,"{'w': '0.1447', 'd': '0.319', 'l': '0.5363'}",2024
27213,True,"{'id': '223', 'title': 'Girona', 'short_title': 'GIR'}","{'id': '142', 'title': 'Getafe', 'short_title': 'GET'}","{'h': '1', 'a': '2'}","{'h': '1.287', 'a': '0.95535'}",2025-02-14 20:00:00,"{'w': '0.4318', 'd': '0.318', 'l': '0.2502'}",2024
27219,True,"{'id': '159', 'title': 'Leganes', 'short_title': 'LEG'}","{'id': '158', 'title': 'Alaves', 'short_title': 'ALA'}","{'h': '3', 'a': '3'}","{'h': '1.76328', 'a': '1.4212'}",2025-02-15 13:00:00,"{'w': '0.4654', 'd': '0.3085', 'l': '0.2261'}",2024
27220,True,"{'id': '157', 'title': 'Osasuna', 'short_title': 'OSA'}","{'id': '150', 'title': 'Real Madrid', 'short_title': 'RMA'}","{'h': '1', 'a': '1'}","{'h': '1.64382', 'a': '2.73344'}",2025-02-15 15:15:00,"{'w': '0.1555', 'd': '0.2067', 'l': '0.6378'}",2024
27212,True,"{'id': '143', 'title': 'Atletico Madrid', 'short_title': 'ATL'}","{'id': '152', 'title': 'Celta Vigo', 'short_title': 'CEL'}","{'h': '1', 'a': '1'}","{'h': '0.689105', 'a': '1.45388'}",2025-02-15 17:30:00,"{'w': '0.1261', 'd': '0.2679', 'l': '0.606'}",2024
27216,True,"{'id': '154', 'title': 'Villarreal', 'short_title': 'VIL'}","{'id': '146', 'title': 'Valencia', 'short_title': 'VAL'}","{'h': '1', 'a': '1'}","{'h': '1.04228', 'a': '0.740954'}",2025-02-15 20:00:00,"{'w': '0.428', 'd': '0.3329', 'l': '0.2391'}",2024
27221,True,"{'id': '141', 'title': 'Espanyol', 'short_title': 'ESP'}","{'id': '147', 'title': 'Athletic Club', 'short_title': 'ATH'}","{'h': '1', 'a': '1'}","{'h': '1.19577', 'a': '0.896815'}",2025-02-16 13:00:00,"{'w': '0.4326', 'd': '0.3144', 'l': '0.253'}",2024
27215,True,"{'id': '231', 'title': 'Real Valladolid', 'short_title': 'VAL'}","{'id': '138', 'title': 'Sevilla', 'short_title': 'SEV'}","{'h': '0', 'a': '4'}","{'h': '0.532481', 'a': '1.4827'}",2025-02-16 15:15:00,"{'w': '0.1082', 'd': '0.2585', 'l': '0.6333'}",2024
27217,True,"{'id': '239', 'title': 'Mallorca', 'short_title': 'MAL'}","{'id': '144', 'title': 'Las Palmas', 'short_title': 'LPL'}","{'h': '3', 'a': '1'}","{'h': '2.33414', 'a': '1.04401'}",2025-02-16 17:30:00,"{'w': '0.6928', 'd': '0.1928', 'l': '0.1144'}",2024
27218,True,"{'id': '153', 'title': 'Real Betis', 'short_title': 'BET'}","{'id': '140', 'title': 'Real Sociedad', 'short_title': 'SOC'}","{'h': '3', 'a': '0'}","{'h': '2.49445', 'a': '0.20529'}",2025-02-16 20:00:00,"{'w': '0.9352', 'd': '0.0566', 'l': '0.0082'}",2024
27214,True,"{'id': '148', 'title': 'Barcelona', 'short_title': 'BAR'}","{'id': '145', 'title': 'Rayo Vallecano', 'short_title': 'RVL'}","{'h': '1', 'a': '0'}","{'h': '2.82775', 'a': '1.30941'}",2025-02-17 20:00:00,"{'w': '0.7514', 'd': '0.1627', 'l': '0.0859'}",2024
27223,True,"{'id': '152', 'title': 'Celta Vigo', 'short_title': 'CEL'}","{'id': '157', 'title': 'Osasuna', 'short_title': 'OSA'}","{'h': '1', 'a': '0'}","{'h': '2.31891', 'a': '0.838476'}",2025-02-21 20:00:00,"{'w': '0.7648', 'd': '0.1548', 'l': '0.0804'}",2024
27231,True,"{'id': '158', 'title': 'Alaves', 'short_title': 'ALA'}","{'id': '141', 'title': 'Espanyol', 'short_title': 'ESP'}","{'h': '0', 'a': '1'}","{'h': '1.54627', 'a': '0.495881'}",2025-02-22 13:00:00,"{'w': '0.6576', 'd': '0.2398', 'l': '0.1026'}",2024
27224,True,"{'id': '145', 'title': 'Rayo Vallecano', 'short_title': 'RVL'}","{'id': '154', 'title': 'Villarreal', 'short_title': 'VIL'}","{'h': '0', 'a': '1'}","{'h': '0.514336', 'a': '0.79404'}",2025-02-22 15:15:00,"{'w': '0.2204', 'd': '0.3817', 'l': '0.3979'}",2024
27225,True,"{'id': '146', 'title': 'Valencia', 'short_title': 'VAL'}","{'id': '143', 'title': 'Atletico Madrid', 'short_title': 'ATL'}","{'h': '0', 'a': '3'}","{'h': '1.35435', 'a': '2.31785'}",2025-02-22 17:30:00,"{'w': '0.1804', 'd': '0.2023', 'l': '0.6173'}",2024
27226,True,"{'id': '144', 'title': 'Las Palmas', 'short_title': 'LPL'}","{'id': '148', 'title': 'Barcelona', 'short_title': 'BAR'}","{'h': '0', 'a': '2'}","{'h': '0.431009', 'a': '1.66486'}",2025-02-22 20:00:00,"{'w': '0.0798', 'd': '0.2142', 'l': '0.706'}",2024
27222,True,"{'id': '147', 'title': 'Athletic Club', 'short_title': 'ATH'}","{'id': '231', 'title': 'Real Valladolid', 'short_title': 'VAL'}","{'h': '7', 'a': '1'}","{'h': '5.3162', 'a': '0.598765'}",2025-02-23 13:00:00,"{'w': '0.9987', 'd': '0.0013', 'l': '0'}",2024
27228,True,"{'id': '150', 'title': 'Real Madrid', 'short_title': 'RMA'}","{'id': '223', 'title': 'Girona', 'short_title': 'GIR'}","{'h': '2', 'a': '0'}","{'h': '2.36313', 'a': '0.325619'}",2025-02-23 15:15:00,"{'w': '0.8681', 'd': '0.1053', 'l': '0.0266'}",2024
27227,True,"{'id': '142', 'title': 'Getafe', 'short_title': 'GET'}","{'id': '153', 'title': 'Real Betis', 'short_title': 'BET'}","{'h': '1', 'a': '2'}","{'h': '0.86267', 'a': '2.34571'}",2025-02-23 17:30:00,"{'w': '0.0639', 'd': '0.1723', 'l': '0.7638'}",2024
27230,True,"{'id': '140', 'title': 'Real Sociedad', 'short_title': 'SOC'}","{'id': '159', 'title': 'Leganes', 'short_title': 'LEG'}","{'h': '3', 'a': '0'}","{'h': '1.0679', 'a': '0.256673'}",2025-02-23 20:00:00,"{'w': '0.6079', 'd': '0.316', 'l': '0.0761'}",2024
27229,True,"{'id': '138', 'title': 'Sevilla', 'short_title': 'SEV'}","{'id': '239', 'title': 'Mallorca', 'short_title': 'MAL'}","{'h': '1', 'a': '1'}","{'h': '1.5822', 'a': '1.64957'}",2025-02-24 20:00:00,"{'w': '0.3568', 'd': '0.2583', 'l': '0.3849'}",2024
27239,True,"{'id': '231', 'title': 'Real Valladolid', 'short_title': 'VAL'}","{'id': '144', 'title': 'Las Palmas', 'short_title': 'LPL'}","{'h': '1', 'a': '1'}","{'h': '2.17386', 'a': '0.163235'}",2025-02-28 20:00:00,"{'w': '0.8794', 'd': '0.106', 'l': '0.0146'}",2024
27237,True,"{'id': '223', 'title': 'Girona', 'short_title': 'GIR'}","{'id': '152', 'title': 'Celta Vigo', 'short_title': 'CEL'}","{'h': '2', 'a': '2'}","{'h': '0.89503', 'a': '1.64758'}",2025-03-01 13:00:00,"{'w': '0.1352', 'd': '0.2885', 'l': '0.5763'}",2024
27235,True,"{'id': '145', 'title': 'Rayo Vallecano', 'short_title': 'RVL'}","{'id': '138', 'title': 'Sevilla', 'short_title': 'SEV'}","{'h': '1', 'a': '1'}","{'h': '2.59009', 'a': '0.807803'}",2025-03-01 15:15:00,"{'w': '0.8068', 'd': '0.1361', 'l': '0.0571'}",2024
27233,True,"{'id': '153', 'title': 'Real Betis', 'short_title': 'BET'}","{'id': '150', 'title': 'Real Madrid', 'short_title': 'RMA'}","{'h': '2', 'a': '1'}","{'h': '2.23957', 'a': '1.05072'}",2025-03-01 17:30:00,"{'w': '0.697', 'd': '0.1977', 'l': '0.1053'}",2024
27236,True,"{'id': '143', 'title': 'Atletico Madrid', 'short_title': 'ATL'}","{'id': '147', 'title': 'Athletic Club', 'short_title': 'ATH'}","{'h': '1', 'a': '0'}","{'h': '2.01612', 'a': '1.54329'}",2025-03-01 20:00:00,"{'w': '0.4977', 'd': '0.2526', 'l': '0.2497'}",2024
27238,True,"{'id': '159', 'title': 'Leganes', 'short_title': 'LEG'}","{'id': '142', 'title': 'Getafe', 'short_title': 'GET'}","{'h': '1', 'a': '0'}","{'h': '0.554524', 'a': '0.585024'}",2025-03-02 13:00:00,"{'w': '0.2701', 'd': '0.4306', 'l': '0.2993'}",2024
27232,True,"{'id': '148', 'title': 'Barcelona', 'short_title': 'BAR'}","{'id': '140', 'title': 'Real Sociedad', 'short_title': 'SOC'}","{'h': '4', 'a': '0'}","{'h': '3.63697', 'a': '0'}",2025-03-02 15:15:00,"{'w': '0.9873', 'd': '0.0127', 'l': '0'}",2024
27240,True,"{'id': '239', 'title': 'Mallorca', 'short_title': 'MAL'}","{'id': '158', 'title': 'Alaves', 'short_title': 'ALA'}","{'h': '1', 'a': '1'}","{'h': '1.83195', 'a': '1.63763'}",2025-03-02 17:30:00,"{'w': '0.4097', 'd': '0.2912', 'l': '0.2991'}",2024
27234,True,"{'id': '157', 'title': 'Osasuna', 'short_title': 'OSA'}","{'id': '146', 'title': 'Valencia', 'short_title': 'VAL'}","{'h': '3', 'a': '3'}","{'h': '1.26777', 'a': '1.54983'}",2025-03-02 20:00:00,"{'w': '0.2565', 'd': '0.3139', 'l': '0.4296'}",2024
27246,True,"{'id': '152', 'title': 'Celta Vigo', 'short_title': 'CEL'}","{'id': '159', 'title': 'Leganes', 'short_title': 'LEG'}","{'h': '2', 'a': '1'}","{'h': '1.07104', 'a': '0.99815'}",2025-03-08 13:00:00,"{'w': '0.3634', 'd': '0.3248', 'l': '0.3118'}",2024
27249,True,"{'id': '158', 'title': 'Alaves', 'short_title': 'ALA'}","{'id': '154', 'title': 'Villarreal', 'short_title': 'VIL'}","{'h': '1', 'a': '0'}","{'h': '1.21479', 'a': '2.63287'}",2025-03-08 15:15:00,"{'w': '0.0886', 'd': '0.187', 'l': '0.7244'}",2024
27248,True,"{'id': '146', 'title': 'Valencia', 'short_title': 'VAL'}","{'id': '231', 'title': 'Real Valladolid', 'short_title': 'VAL'}","{'h': '2', 'a': '1'}","{'h': '2.37105', 'a': '0.645621'}",2025-03-08 17:30:00,"{'w': '0.8018', 'd': '0.1466', 'l': '0.0516'}",2024
27250,True,"{'id': '142', 'title': 'Getafe', 'short_title': 'GET'}","{'id': '143', 'title': 'Atletico Madrid', 'short_title': 'ATL'}","{'h': '2', 'a': '1'}","{'h': '1.39814', 'a': '1.02142'}",2025-03-09 13:00:00,"{'w': '0.4399', 'd': '0.3386', 'l': '0.2215'}",2024
27251,True,"{'id': '150', 'title': 'Real Madrid', 'short_title': 'RMA'}","{'id': '145', 'title': 'Rayo Vallecano', 'short_title': 'RVL'}","{'h': '2', 'a': '1'}","{'h': '1.59439', 'a': '1.21003'}",2025-03-09 15:15:00,"{'w': '0.4733', 'd': '0.2715', 'l': '0.2552'}",2024
27243,True,"{'id': '147', 'title': 'Athletic Club', 'short_title': 'ATH'}","{'id': '239', 'title': 'Mallorca', 'short_title': 'MAL'}","{'h': '1', 'a': '1'}","{'h': '0.938663', 'a': '1.02509'}",2025-03-09 17:30:00,"{'w': '0.312', 'd': '0.3358', 'l': '0.3522'}",2024
27245,True,"{'id': '153', 'title': 'Real Betis', 'short_title': 'BET'}","{'id': '144', 'title': 'Las Palmas', 'short_title': 'LPL'}","{'h': '1', 'a': '0'}","{'h': '2.31412', 'a': '0.426529'}",2025-03-09 17:30:00,"{'w': '0.8736', 'd': '0.0969', 'l': '0.0295'}",2024
27247,True,"{'id': '140', 'title': 'Real Sociedad', 'short_title': 'SOC'}","{'id': '138', 'title': 'Sevilla', 'short_title': 'SEV'}","{'h': '0', 'a': '1'}","{'h': '0.803868', 'a': '1.01162'}",2025-03-09 20:00:00,"{'w': '0.2611', 'd': '0.3416', 'l': '0.3973'}",2024
27242,True,"{'id': '141', 'title': 'Espanyol', 'short_title': 'ESP'}","{'id': '223', 'title': 'Girona', 'short_title': 'GIR'}","{'h': '1', 'a': '1'}","{'h': '0.325296', 'a': '1.58787'}",2025-03-10 20:00:00,"{'w': '0.0497', 'd': '0.1885', 'l': '0.7618'}",2024
27260,True,"{'id': '144', 'title': 'Las Palmas', 'short_title': 'LPL'}","{'id': '158', 'title': 'Alaves', 'short_title': 'ALA'}","{'h': '2', 'a': '2'}","{'h': '1.94387', 'a': '1.49888'}",2025-03-14 20:00:00,"{'w': '0.4735', 'd': '0.304', 'l': '0.2225'}",2024
27257,True,"{'id': '231', 'title': 'Real Valladolid', 'short_title': 'VAL'}","{'id': '152', 'title': 'Celta Vigo', 'short_title': 'CEL'}","{'h': '0', 'a': '1'}","{'h': '0.839415', 'a': '1.81654'}",2025-03-15 13:00:00,"{'w': '0.1039', 'd': '0.2406', 'l': '0.6555'}",2024
27261,True,"{'id': '239', 'title': 'Mallorca', 'short_title': 'MAL'}","{'id': '141', 'title': 'Espanyol', 'short_title': 'ESP'}","{'h': '2', 'a': '1'}","{'h': '2.57036', 'a': '0.184342'}",2025-03-15 15:15:00,"{'w': '0.9487', 'd': '0.0459', 'l': '0.0054'}",2024
27259,True,"{'id': '154', 'title': 'Villarreal', 'short_title': 'VIL'}","{'id': '150', 'title': 'Real Madrid', 'short_title': 'RMA'}","{'h': '1', 'a': '2'}","{'h': '2.00539', 'a': '1.10001'}",2025-03-15 17:30:00,"{'w': '0.6008', 'd': '0.248', 'l': '0.1512'}",2024
27253,True,"{'id': '223', 'title': 'Girona', 'short_title': 'GIR'}","{'id': '146', 'title': 'Valencia', 'short_title': 'VAL'}","{'h': '1', 'a': '1'}","{'h': '1.17978', 'a': '1.21975'}",2025-03-15 20:00:00,"{'w': '0.3189', 'd': '0.3054', 'l': '0.3757'}",2024
27256,True,"{'id': '159', 'title': 'Leganes', 'short_title': 'LEG'}","{'id': '153', 'title': 'Real Betis', 'short_title': 'BET'}","{'h': '2', 'a': '3'}","{'h': '1.57329', 'a': '2.92809'}",2025-03-16 13:00:00,"{'w': '0.1243', 'd': '0.1796', 'l': '0.6961'}",2024
27255,True,"{'id': '138', 'title': 'Sevilla', 'short_title': 'SEV'}","{'id': '147', 'title': 'Athletic Club', 'short_title': 'ATH'}","{'h': '0', 'a': '1'}","{'h': '0.459323', 'a': '1.64488'}",2025-03-16 15:15:00,"{'w': '0.0667', 'd': '0.1944', 'l': '0.7389'}",2024
27254,True,"{'id': '145', 'title': 'Rayo Vallecano', 'short_title': 'RVL'}","{'id': '140', 'title': 'Real Sociedad', 'short_title': 'SOC'}","{'h': '2', 'a': '2'}","{'h': '0.536859', 'a': '0.905535'}",2025-03-16 17:30:00,"{'w': '0.1893', 'd': '0.3747', 'l': '0.436'}",2024
27258,True,"{'id': '157', 'title': 'Osasuna', 'short_title': 'OSA'}","{'id': '142', 'title': 'Getafe', 'short_title': 'GET'}","{'h': '1', 'a': '2'}","{'h': '2.08486', 'a': '0.900928'}",2025-03-16 17:30:00,"{'w': '0.6948', 'd': '0.2053', 'l': '0.0999'}",2024
27252,True,"{'id': '143', 'title': 'Atletico Madrid', 'short_title': 'ATL'}","{'id': '148', 'title': 'Barcelona', 'short_title': 'BAR'}","{'h': '2', 'a': '4'}","{'h': '1.09435', 'a': '2.16215'}",2025-03-16 20:00:00,"{'w': '0.1346', 'd': '0.2163', 'l': '0.6491'}",2024
27244,True,"{'id': '148', 'title': 'Barcelona', 'short_title': 'BAR'}","{'id': '157', 'title': 'Osasuna', 'short_title': 'OSA'}","{'h': '3', 'a': '0'}","{'h': '4.63707', 'a': '0.53356'}",2025-03-27 20:00:00,"{'w': '0.9913', 'd': '0.0075', 'l': '0.0012'}",2024
27265,True,"{'id': '140', 'title': 'Real Sociedad', 'short_title': 'SOC'}","{'id': '231', 'title': 'Real Valladolid', 'short_title': 'VAL'}","{'h': '2', 'a': '1'}","{'h': '1.32811', 'a': '1.29525'}",2025-03-29 13:00:00,"{'w': '0.3546', 'd': '0.2948', 'l': '0.3506'}",2024
27262,True,"{'id': '141', 'title': 'Espanyol', 'short_title': 'ESP'}","{'id': '143', 'title': 'Atletico Madrid', 'short_title': 'ATL'}","{'h': '1', 'a': '1'}","{'h': '0.985043', 'a': '0.994468'}",2025-03-29 15:15:00,"{'w': '0.3239', 'd': '0.3741', 'l': '0.302'}",2024
27266,True,"{'id': '158', 'title': 'Alaves', 'short_title': 'ALA'}","{'id': '145', 'title': 'Rayo Vallecano', 'short_title': 'RVL'}","{'h': '0', 'a': '2'}","{'h': '1.60064', 'a': '0.681703'}",2025-03-29 17:30:00,"{'w': '0.6517', 'd': '0.232', 'l': '0.1163'}",2024
27268,True,"{'id': '150', 'title': 'Real Madrid', 'short_title': 'RMA'}","{'id': '159', 'title': 'Leganes', 'short_title': 'LEG'}","{'h': '3', 'a': '2'}","{'h': '3.59257', 'a': '2.38359'}",2025-03-29 20:00:00,"{'w': '0.6738', 'd': '0.1918', 'l': '0.1344'}",2024
27264,True,"{'id': '142', 'title': 'Getafe', 'short_title': 'GET'}","{'id': '154', 'title': 'Villarreal', 'short_title': 'VIL'}","{'h': '1', 'a': '2'}","{'h': '0.940085', 'a': '1.38471'}",2025-03-30 13:00:00,"{'w': '0.225', 'd': '0.2964', 'l': '0.4786'}",2024
27270,True,"{'id': '148', 'title': 'Barcelona', 'short_title': 'BAR'}","{'id': '223', 'title': 'Girona', 'short_title': 'GIR'}","{'h': '4', 'a': '1'}","{'h': '2.75333', 'a': '0.490847'}",2025-03-30 15:15:00,"{'w': '0.885', 'd': '0.0895', 'l': '0.0255'}",2024
27267,True,"{'id': '146', 'title': 'Valencia', 'short_title': 'VAL'}","{'id': '239', 'title': 'Mallorca', 'short_title': 'MAL'}","{'h': '1', 'a': '0'}","{'h': '0.731544', 'a': '0.657805'}",2025-03-30 17:30:00,"{'w': '0.3389', 'd': '0.4079', 'l': '0.2532'}",2024
27269,True,"{'id': '147', 'title': 'Athletic Club', 'short_title': 'ATH'}","{'id': '157', 'title': 'Osasuna', 'short_title': 'OSA'}","{'h': '0', 'a': '0'}","{'h': '0.759463', 'a': '0.564979'}",2025-03-30 17:30:00,"{'w': '0.3563', 'd': '0.4041', 'l': '0.2396'}",2024
27271,True,"{'id': '153', 'title': 'Real Betis', 'short_title': 'BET'}","{'id': '138', 'title': 'Sevilla', 'short_title': 'SEV'}","{'h': '2', 'a': '1'}","{'h': '0.894203', 'a': '0.867589'}",2025-03-30 20:00:00,"{'w': '0.3358', 'd': '0.3419', 'l': '0.3223'}",2024
27263,True,"{'id': '152', 'title': 'Celta Vigo', 'short_title': 'CEL'}","{'id': '144', 'title': 'Las Palmas', 'short_title': 'LPL'}","{'h': '1', 'a': '1'}","{'h': '1.07663', 'a': '0.52734'}",2025-03-31 20:00:00,"{'w': '0.4783', 'd': '0.3564', 'l': '0.1653'}",2024
27281,True,"{'id': '145', 'title': 'Rayo Vallecano', 'short_title': 'RVL'}","{'id': '141', 'title': 'Espanyol', 'short_title': 'ESP'}","{'h': '0', 'a': '4'}","{'h': '0.501253', 'a': '3.48741'}",2025-04-04 19:00:00,"{'w': '0.0118', 'd': '0.0438', 'l': '0.9444'}",2024
27280,True,"{'id': '223', 'title': 'Girona', 'short_title': 'GIR'}","{'id': '158', 'title': 'Alaves', 'short_title': 'ALA'}","{'h': '0', 'a': '1'}","{'h': '1.73306', 'a': '0.805674'}",2025-04-05 12:00:00,"{'w': '0.6212', 'd': '0.2366', 'l': '0.1422'}",2024
27273,True,"{'id': '150', 'title': 'Real Madrid', 'short_title': 'RMA'}","{'id': '146', 'title': 'Valencia', 'short_title': 'VAL'}","{'h': '1', 'a': '2'}","{'h': '3.36121', 'a': '1.08997'}",2025-04-05 14:15:00,"{'w': '0.861', 'd': '0.096', 'l': '0.043'}",2024
27278,True,"{'id': '239', 'title': 'Mallorca', 'short_title': 'MAL'}","{'id': '152', 'title': 'Celta Vigo', 'short_title': 'CEL'}","{'h': '1', 'a': '2'}","{'h': '0.670008', 'a': '1.12056'}",2025-04-05 16:30:00,"{'w': '0.1999', 'd': '0.3216', 'l': '0.4785'}",2024
27272,True,"{'id': '148', 'title': 'Barcelona', 'short_title': 'BAR'}","{'id': '153', 'title': 'Real Betis', 'short_title': 'BET'}","{'h': '1', 'a': '1'}","{'h': '1.46844', 'a': '0.249939'}",2025-04-05 19:00:00,"{'w': '0.7413', 'd': '0.2139', 'l': '0.0448'}",2024
27274,True,"{'id': '144', 'title': 'Las Palmas', 'short_title': 'LPL'}","{'id': '140', 'title': 'Real Sociedad', 'short_title': 'SOC'}","{'h': '1', 'a': '3'}","{'h': '1.75387', 'a': '2.81501'}",2025-04-06 12:00:00,"{'w': '0.1549', 'd': '0.2027', 'l': '0.6424'}",2024
27277,True,"{'id': '138', 'title': 'Sevilla', 'short_title': 'SEV'}","{'id': '143', 'title': 'Atletico Madrid', 'short_title': 'ATL'}","{'h': '1', 'a': '2'}","{'h': '0.818692', 'a': '1.23653'}",2025-04-06 14:15:00,"{'w': '0.1914', 'd': '0.328', 'l': '0.4806'}",2024
27279,True,"{'id': '231', 'title': 'Real Valladolid', 'short_title': 'VAL'}","{'id': '142', 'title': 'Getafe', 'short_title': 'GET'}","{'h': '0', 'a': '4'}","{'h': '0.300994', 'a': '2.80288'}",2025-04-06 16:30:00,"{'w': '0.0105', 'd': '0.0607', 'l': '0.9288'}",2024
27276,True,"{'id': '154', 'title': 'Villarreal', 'short_title': 'VIL'}","{'id': '147', 'title': 'Athletic Club', 'short_title': 'ATH'}","{'h': '0', 'a': '0'}","{'h': '1.59491', 'a': '0.998653'}",2025-04-06 19:00:00,"{'w': '0.5156', 'd': '0.2833', 'l': '0.2011'}",2024
27275,True,"{'id': '159', 'title': 'Leganes', 'short_title': 'LEG'}","{'id': '157', 'title': 'Osasuna', 'short_title': 'OSA'}","{'h': '1', 'a': '1'}","{'h': '2.22334', 'a': '2.07408'}",2025-04-07 19:00:00,"{'w': '0.4143', 'd': '0.2526', 'l': '0.3331'}",2024
27291,True,"{'id': '146', 'title': 'Valencia', 'short_title': 'VAL'}","{'id': '138', 'title': 'Sevilla', 'short_title': 'SEV'}","{'h': '1', 'a': '0'}","{'h': '1.42634', 'a': '0.910522'}",2025-04-11 19:00:00,"{'w': '0.5202', 'd': '0.2843', 'l': '0.1955'}",2024
27290,True,"{'id': '140', 'title': 'Real Sociedad', 'short_title': 'SOC'}","{'id': '239', 'title': 'Mallorca', 'short_title': 'MAL'}","{'h': '0', 'a': '2'}","{'h': '0.616782', 'a': '0.801126'}",2025-04-12 12:00:00,"{'w': '0.2519', 'd': '0.3707', 'l': '0.3774'}",2024
27286,True,"{'id': '142', 'title': 'Getafe', 'short_title': 'GET'}","{'id': '144', 'title': 'Las Palmas', 'short_title': 'LPL'}","{'h': '1', 'a': '3'}","{'h': '1.61783', 'a': '1.54225'}",2025-04-12 14:15:00,"{'w': '0.3742', 'd': '0.3098', 'l': '0.316'}",2024
27282,True,"{'id': '152', 'title': 'Celta Vigo', 'short_title': 'CEL'}","{'id': '141', 'title': 'Espanyol', 'short_title': 'ESP'}","{'h': '0', 'a': '2'}","{'h': '0.824366', 'a': '0.780846'}",2025-04-12 16:30:00,"{'w': '0.3192', 'd': '0.3571', 'l': '0.3237'}",2024
27288,True,"{'id': '159', 'title': 'Leganes', 'short_title': 'LEG'}","{'id': '148', 'title': 'Barcelona', 'short_title': 'BAR'}","{'h': '0', 'a': '1'}","{'h': '0.5988', 'a': '1.10105'}",2025-04-12 19:00:00,"{'w': '0.1752', 'd': '0.3278', 'l': '0.497'}",2024
27289,True,"{'id': '157', 'title': 'Osasuna', 'short_title': 'OSA'}","{'id': '223', 'title': 'Girona', 'short_title': 'GIR'}","{'h': '2', 'a': '1'}","{'h': '1.68846', 'a': '0.57428'}",2025-04-13 12:00:00,"{'w': '0.7353', 'd': '0.2015', 'l': '0.0632'}",2024
27287,True,"{'id': '158', 'title': 'Alaves', 'short_title': 'ALA'}","{'id': '150', 'title': 'Real Madrid', 'short_title': 'RMA'}","{'h': '0', 'a': '1'}","{'h': '0.607781', 'a': '1.26541'}",2025-04-13 14:15:00,"{'w': '0.1508', 'd': '0.2911', 'l': '0.5581'}",2024
27285,True,"{'id': '153', 'title': 'Real Betis', 'short_title': 'BET'}","{'id': '154', 'title': 'Villarreal', 'short_title': 'VIL'}","{'h': '1', 'a': '2'}","{'h': '2.04046', 'a': '1.32607'}",2025-04-13 16:30:00,"{'w': '0.5394', 'd': '0.2432', 'l': '0.2174'}",2024
27283,True,"{'id': '147', 'title': 'Athletic Club', 'short_title': 'ATH'}","{'id': '145', 'title': 'Rayo Vallecano', 'short_title': 'RVL'}","{'h': '3', 'a': '1'}","{'h': '1.97654', 'a': '1.81883'}",2025-04-13 19:00:00,"{'w': '0.3989', 'd': '0.2793', 'l': '0.3218'}",2024
27284,True,"{'id': '143', 'title': 'Atletico Madrid', 'short_title': 'ATL'}","{'id': '231', 'title': 'Real Valladolid', 'short_title': 'VAL'}","{'h': '4', 'a': '2'}","{'h': '4.06291', 'a': '1.38016'}",2025-04-14 19:00:00,"{'w': '0.9113', 'd': '0.0675', 'l': '0.0212'}",2024
27301,True,"{'id': '141', 'title': 'Espanyol', 'short_title': 'ESP'}","{'id': '142', 'title': 'Getafe', 'short_title': 'GET'}","{'h': '1', 'a': '0'}","{'h': '0.367268', 'a': '0.736613'}",2025-04-18 19:00:00,"{'w': '0.1576', 'd': '0.404', 'l': '0.4384'}",2024
27293,True,"{'id': '145', 'title': 'Rayo Vallecano', 'short_title': 'RVL'}","{'id': '146', 'title': 'Valencia', 'short_title': 'VAL'}","{'h': '1', 'a': '1'}","{'h': '0.722317', 'a': '2.06284'}",2025-04-19 12:00:00,"{'w': '0.0605', 'd': '0.1721', 'l': '0.7674'}",2024
27292,True,"{'id': '148', 'title': 'Barcelona', 'short_title': 'BAR'}","{'id': '152', 'title': 'Celta Vigo', 'short_title': 'CEL'}","{'h': '4', 'a': '3'}","{'h': '2.56587', 'a': '2.50499'}",2025-04-19 14:15:00,"{'w': '0.3899', 'd': '0.2348', 'l': '0.3753'}",2024
27300,True,"{'id': '239', 'title': 'Mallorca', 'short_title': 'MAL'}","{'id': '159', 'title': 'Leganes', 'short_title': 'LEG'}","{'h': '0', 'a': '0'}","{'h': '1.06921', 'a': '0.951824'}",2025-04-19 16:30:00,"{'w': '0.3898', 'd': '0.31', 'l': '0.3002'}",2024
27295,True,"{'id': '144', 'title': 'Las Palmas', 'short_title': 'LPL'}","{'id': '143', 'title': 'Atletico Madrid', 'short_title': 'ATL'}","{'h': '1', 'a': '0'}","{'h': '0.768437', 'a': '0.757145'}",2025-04-19 19:00:00,"{'w': '0.3132', 'd': '0.4021', 'l': '0.2847'}",2024
27297,True,"{'id': '231', 'title': 'Real Valladolid', 'short_title': 'VAL'}","{'id': '157', 'title': 'Osasuna', 'short_title': 'OSA'}","{'h': '2', 'a': '3'}","{'h': '1.45455', 'a': '2.36202'}",2025-04-20 12:00:00,"{'w': '0.1429', 'd': '0.2294', 'l': '0.6277'}",2024
27298,True,"{'id': '154', 'title': 'Villarreal', 'short_title': 'VIL'}","{'id': '140', 'title': 'Real Sociedad', 'short_title': 'SOC'}","{'h': '2', 'a': '2'}","{'h': '2.14498', 'a': '2.29777'}",2025-04-20 14:15:00,"{'w': '0.3135', 'd': '0.2444', 'l': '0.4421'}",2024
27299,True,"{'id': '138', 'title': 'Sevilla', 'short_title': 'SEV'}","{'id': '158', 'title': 'Alaves', 'short_title': 'ALA'}","{'h': '1', 'a': '1'}","{'h': '1.89613', 'a': '1.30312'}",2025-04-20 16:30:00,"{'w': '0.5214', 'd': '0.2577', 'l': '0.2209'}",2024
27294,True,"{'id': '150', 'title': 'Real Madrid', 'short_title': 'RMA'}","{'id': '147', 'title': 'Athletic Club', 'short_title': 'ATH'}","{'h': '1', 'a': '0'}","{'h': '2.40667', 'a': '0.132511'}",2025-04-20 19:00:00,"{'w': '0.9315', 'd': '0.0609', 'l': '0.0076'}",2024
27296,True,"{'id': '223', 'title': 'Girona', 'short_title': 'GIR'}","{'id': '153', 'title': 'Real Betis', 'short_title': 'BET'}","{'h': '1', 'a': '3'}","{'h': '1.10326', 'a': '2.28252'}",2025-04-21 19:00:00,"{'w': '0.1358', 'd': '0.2017', 'l': '0.6625'}",2024
27302,True,"{'id': '146', 'title': 'Valencia', 'short_title': 'VAL'}","{'id': '141', 'title': 'Espanyol', 'short_title': 'ESP'}","{'h': '1', 'a': '1'}","{'h': '1.07897', 'a': '0.344156'}",2025-04-22 19:00:00,"{'w': '0.5723', 'd': '0.3217', 'l': '0.106'}",2024
27305,True,"{'id': '148', 'title': 'Barcelona', 'short_title': 'BAR'}","{'id': '239', 'title': 'Mallorca', 'short_title': 'MAL'}","{'h': '1', 'a': '0'}","{'h': '3.43457', 'a': '0.326579'}",2025-04-22 19:30:00,"{'w': '0.9523', 'd': '0.0411', 'l': '0.0066'}",2024
27303,True,"{'id': '147', 'title': 'Athletic Club', 'short_title': 'ATH'}","{'id': '144', 'title': 'Las Palmas', 'short_title': 'LPL'}","{'h': '1', 'a': '0'}","{'h': '2.63805', 'a': '1.01774'}",2025-04-23 17:00:00,"{'w': '0.7958', 'd': '0.1516', 'l': '0.0526'}",2024
27307,True,"{'id': '152', 'title': 'Celta Vigo', 'short_title': 'CEL'}","{'id': '154', 'title': 'Villarreal', 'short_title': 'VIL'}","{'h': '3', 'a': '0'}","{'h': '3.19678', 'a': '0.5946'}",2025-04-23 17:00:00,"{'w': '0.9434', 'd': '0.0472', 'l': '0.0094'}",2024
27308,True,"{'id': '142', 'title': 'Getafe', 'short_title': 'GET'}","{'id': '150', 'title': 'Real Madrid', 'short_title': 'RMA'}","{'h': '0', 'a': '1'}","{'h': '2.53565', 'a': '1.74803'}",2025-04-23 19:30:00,"{'w': '0.5759', 'd': '0.2226', 'l': '0.2015'}",2024
27310,True,"{'id': '158', 'title': 'Alaves', 'short_title': 'ALA'}","{'id': '140', 'title': 'Real Sociedad', 'short_title': 'SOC'}","{'h': '1', 'a': '0'}","{'h': '0.815479', 'a': '0.472083'}",2025-04-23 19:30:00,"{'w': '0.435', 'd': '0.3843', 'l': '0.1807'}",2024
27309,True,"{'id': '157', 'title': 'Osasuna', 'short_title': 'OSA'}","{'id': '138', 'title': 'Sevilla', 'short_title': 'SEV'}","{'h': '1', 'a': '0'}","{'h': '0.373711', 'a': '0.934425'}",2025-04-24 17:00:00,"{'w': '0.1387', 'd': '0.3609', 'l': '0.5004'}",2024
27311,True,"{'id': '159', 'title': 'Leganes', 'short_title': 'LEG'}","{'id': '223', 'title': 'Girona', 'short_title': 'GIR'}","{'h': '1', 'a': '1'}","{'h': '0.330809', 'a': '0.764098'}",2025-04-24 17:00:00,"{'w': '0.1384', 'd': '0.4163', 'l': '0.4453'}",2024
27304,True,"{'id': '143', 'title': 'Atletico Madrid', 'short_title': 'ATL'}","{'id': '145', 'title': 'Rayo Vallecano', 'short_title': 'RVL'}","{'h': '3', 'a': '0'}","{'h': '3.34529', 'a': '1.13186'}",2025-04-24 19:30:00,"{'w': '0.8591', 'd': '0.0955', 'l': '0.0454'}",2024
27306,True,"{'id': '153', 'title': 'Real Betis', 'short_title': 'BET'}","{'id': '231', 'title': 'Real Valladolid', 'short_title': 'VAL'}","{'h': '5', 'a': '1'}","{'h': '2.26702', 'a': '0.839722'}",2025-04-24 19:30:00,"{'w': '0.742', 'd': '0.1818', 'l': '0.0762'}",2024
27241,True,"{'id': '154', 'title': 'Villarreal', 'short_title': 'VIL'}","{'id': '141', 'title': 'Espanyol', 'short_title': 'ESP'}","{'h': '1', 'a': '0'}","{'h': '1.35413', 'a': '1.53522'}",2025-04-27 14:15:00,"{'w': '0.3125', 'd': '0.275', 'l': '0.4125'}",2024
27318,True,"{'id': '145', 'title': 'Rayo Vallecano', 'short_title': 'RVL'}","{'id': '142', 'title': 'Getafe', 'short_title': 'GET'}","{'h': '1', 'a': '0'}","{'h': '1.2162', 'a': '0.8041'}",2025-05-02 19:00:00,"{'w': '0.4696', 'd': '0.3099', 'l': '0.2205'}",2024
27314,True,"{'id': '158', 'title': 'Alaves', 'short_title': 'ALA'}","{'id': '143', 'title': 'Atletico Madrid', 'short_title': 'ATL'}","{'h': '0', 'a': '0'}","{'h': '0.908148', 'a': '0.391409'}",2025-05-03 12:00:00,"{'w': '0.4879', 'd': '0.3693', 'l': '0.1428'}",2024
27319,True,"{'id': '154', 'title': 'Villarreal', 'short_title': 'VIL'}","{'id': '157', 'title': 'Osasuna', 'short_title': 'OSA'}","{'h': '4', 'a': '2'}","{'h': '2.30041', 'a': '1.41412'}",2025-05-03 14:15:00,"{'w': '0.5927', 'd': '0.2292', 'l': '0.1781'}",2024
27313,True,"{'id': '144', 'title': 'Las Palmas', 'short_title': 'LPL'}","{'id': '146', 'title': 'Valencia', 'short_title': 'VAL'}","{'h': '2', 'a': '3'}","{'h': '1.80995', 'a': '1.6731'}",2025-05-03 16:30:00,"{'w': '0.3814', 'd': '0.2866', 'l': '0.332'}",2024
27316,True,"{'id': '231', 'title': 'Real Valladolid', 'short_title': 'VAL'}","{'id': '148', 'title': 'Barcelona', 'short_title': 'BAR'}","{'h': '1', 'a': '2'}","{'h': '0.745612', 'a': '2.21168'}",2025-05-03 19:00:00,"{'w': '0.0929', 'd': '0.1762', 'l': '0.7309'}",2024
27317,True,"{'id': '150', 'title': 'Real Madrid', 'short_title': 'RMA'}","{'id': '152', 'title': 'Celta Vigo', 'short_title': 'CEL'}","{'h': '3', 'a': '2'}","{'h': '3.07408', 'a': '2.13071'}",2025-05-04 12:00:00,"{'w': '0.5928', 'd': '0.2038', 'l': '0.2034'}",2024
27320,True,"{'id': '138', 'title': 'Sevilla', 'short_title': 'SEV'}","{'id': '159', 'title': 'Leganes', 'short_title': 'LEG'}","{'h': '2', 'a': '2'}","{'h': '2.33742', 'a': '0.804853'}",2025-05-04 14:15:00,"{'w': '0.7766', 'd': '0.1648', 'l': '0.0586'}",2024
27321,True,"{'id': '141', 'title': 'Espanyol', 'short_title': 'ESP'}","{'id': '153', 'title': 'Real Betis', 'short_title': 'BET'}","{'h': '1', 'a': '2'}","{'h': '0.873167', 'a': '1.05631'}",2025-05-04 16:30:00,"{'w': '0.2919', 'd': '0.316', 'l': '0.3921'}",2024
27315,True,"{'id': '140', 'title': 'Real Sociedad', 'short_title': 'SOC'}","{'id': '147', 'title': 'Athletic Club', 'short_title': 'ATH'}","{'h': '0', 'a': '0'}","{'h': '0.893155', 'a': '0.232928'}",2025-05-04 19:00:00,"{'w': '0.5333', 'd': '0.3765', 'l': '0.0902'}",2024
27312,True,"{'id': '223', 'title': 'Girona', 'short_title': 'GIR'}","{'id': '239', 'title': 'Mallorca', 'short_title': 'MAL'}","{'h': '1', 'a': '0'}","{'h': '1.77813', 'a': '0.488126'}",2025-05-05 19:00:00,"{'w': '0.7457', 'd': '0.1874', 'l': '0.0669'}",2024
27329,True,"{'id': '144', 'title': 'Las Palmas', 'short_title': 'LPL'}","{'id': '145', 'title': 'Rayo Vallecano', 'short_title': 'RVL'}","{'h': '0', 'a': '1'}","{'h': '0.721442', 'a': '1.00781'}",2025-05-09 19:00:00,"{'w': '0.2446', 'd': '0.3381', 'l': '0.4173'}",2024
27330,True,"{'id': '146', 'title': 'Valencia', 'short_title': 'VAL'}","{'id': '142', 'title': 'Getafe', 'short_title': 'GET'}","{'h': '3', 'a': '0'}","{'h': '2.97396', 'a': '0.590071'}",2025-05-10 12:00:00,"{'w': '0.9186', 'd': '0.0646', 'l': '0.0168'}",2024
27326,True,"{'id': '152', 'title': 'Celta Vigo', 'short_title': 'CEL'}","{'id': '138', 'title': 'Sevilla', 'short_title': 'SEV'}","{'h': '3', 'a': '2'}","{'h': '0.959531', 'a': '2.61391'}",2025-05-10 14:15:00,"{'w': '0.0701', 'd': '0.1495', 'l': '0.7804'}",2024
27327,True,"{'id': '223', 'title': 'Girona', 'short_title': 'GIR'}","{'id': '154', 'title': 'Villarreal', 'short_title': 'VIL'}","{'h': '0', 'a': '1'}","{'h': '0.280235', 'a': '2.28245'}",2025-05-10 16:30:00,"{'w': '0.0192', 'd': '0.0968', 'l': '0.884'}",2024
27328,True,"{'id': '239', 'title': 'Mallorca', 'short_title': 'MAL'}","{'id': '231', 'title': 'Real Valladolid', 'short_title': 'VAL'}","{'h': '2', 'a': '1'}","{'h': '1.75638', 'a': '2.76393'}",2025-05-10 16:30:00,"{'w': '0.1645', 'd': '0.2061', 'l': '0.6294'}",2024
27323,True,"{'id': '143', 'title': 'Atletico Madrid', 'short_title': 'ATL'}","{'id': '140', 'title': 'Real Sociedad', 'short_title': 'SOC'}","{'h': '4', 'a': '0'}","{'h': '1.71528', 'a': '0.298675'}",2025-05-10 19:00:00,"{'w': '0.7842', 'd': '0.1776', 'l': '0.0382'}",2024
27322,True,"{'id': '159', 'title': 'Leganes', 'short_title': 'LEG'}","{'id': '141', 'title': 'Espanyol', 'short_title': 'ESP'}","{'h': '3', 'a': '2'}","{'h': '2.05779', 'a': '1.57739'}",2025-05-11 12:00:00,"{'w': '0.4922', 'd': '0.2424', 'l': '0.2654'}",2024
27324,True,"{'id': '148', 'title': 'Barcelona', 'short_title': 'BAR'}","{'id': '150', 'title': 'Real Madrid', 'short_title': 'RMA'}","{'h': '4', 'a': '3'}","{'h': '4.10632', 'a': '2.5616'}",2025-05-11 14:15:00,"{'w': '0.7074', 'd': '0.1499', 'l': '0.1427'}",2024
27331,True,"{'id': '147', 'title': 'Athletic Club', 'short_title': 'ATH'}","{'id': '158', 'title': 'Alaves', 'short_title': 'ALA'}","{'h': '1', 'a': '0'}","{'h': '1.35049', 'a': '0.642793'}",2025-05-11 16:30:00,"{'w': '0.5455', 'd': '0.3168', 'l': '0.1377'}",2024
27325,True,"{'id': '153', 'title': 'Real Betis', 'short_title': 'BET'}","{'id': '157', 'title': 'Osasuna', 'short_title': 'OSA'}","{'h': '1', 'a': '1'}","{'h': '0.359348', 'a': '2.2272'}",2025-05-11 19:00:00,"{'w': '0.0306', 'd': '0.1225', 'l': '0.8469'}",2024
27338,True,"{'id': '231', 'title': 'Real Valladolid', 'short_title': 'VAL'}","{'id': '223', 'title': 'Girona', 'short_title': 'GIR'}","{'h': '0', 'a': '1'}","{'h': '1.30694', 'a': '1.56752'}",2025-05-13 17:00:00,"{'w': '0.2803', 'd': '0.2855', 'l': '0.4342'}",2024
27337,True,"{'id': '140', 'title': 'Real Sociedad', 'short_title': 'SOC'}","{'id': '152', 'title': 'Celta Vigo', 'short_title': 'CEL'}","{'h': '0', 'a': '1'}","{'h': '3.31324', 'a': '1.29945'}",2025-05-13 18:00:00,"{'w': '0.8285', 'd': '0.1216', 'l': '0.0499'}",2024
27340,True,"{'id': '138', 'title': 'Sevilla', 'short_title': 'SEV'}","{'id': '144', 'title': 'Las Palmas', 'short_title': 'LPL'}","{'h': '1', 'a': '0'}","{'h': '0.93125', 'a': '0.399067'}",2025-05-13 19:30:00,"{'w': '0.4868', 'd': '0.3659', 'l': '0.1473'}",2024
27333,True,"{'id': '158', 'title': 'Alaves', 'short_title': 'ALA'}","{'id': '146', 'title': 'Valencia', 'short_title': 'VAL'}","{'h': '1', 'a': '0'}","{'h': '2.06262', 'a': '0.584778'}",2025-05-14 17:00:00,"{'w': '0.7995', 'd': '0.147', 'l': '0.0535'}",2024
27341,True,"{'id': '154', 'title': 'Villarreal', 'short_title': 'VIL'}","{'id': '159', 'title': 'Leganes', 'short_title': 'LEG'}","{'h': '3', 'a': '0'}","{'h': '2.28885', 'a': '1.19032'}",2025-05-14 17:00:00,"{'w': '0.6431', 'd': '0.2045', 'l': '0.1524'}",2024
27339,True,"{'id': '150', 'title': 'Real Madrid', 'short_title': 'RMA'}","{'id': '239', 'title': 'Mallorca', 'short_title': 'MAL'}","{'h': '2', 'a': '1'}","{'h': '3.46174', 'a': '0.475193'}",2025-05-14 19:30:00,"{'w': '0.9377', 'd': '0.0516', 'l': '0.0107'}",2024
27335,True,"{'id': '157', 'title': 'Osasuna', 'short_title': 'OSA'}","{'id': '143', 'title': 'Atletico Madrid', 'short_title': 'ATL'}","{'h': '2', 'a': '0'}","{'h': '1.07473', 'a': '1.34093'}",2025-05-15 17:00:00,"{'w': '0.2787', 'd': '0.3068', 'l': '0.4145'}",2024
27336,True,"{'id': '145', 'title': 'Rayo Vallecano', 'short_title': 'RVL'}","{'id': '153', 'title': 'Real Betis', 'short_title': 'BET'}","{'h': '2', 'a': '2'}","{'h': '1.30199', 'a': '1.17134'}",2025-05-15 17:00:00,"{'w': '0.3737', 'd': '0.3213', 'l': '0.305'}",2024
27332,True,"{'id': '141', 'title': 'Espanyol', 'short_title': 'ESP'}","{'id': '148', 'title': 'Barcelona', 'short_title': 'BAR'}","{'h': '0', 'a': '2'}","{'h': '1.51531', 'a': '0.735877'}",2025-05-15 19:30:00,"{'w': '0.6061', 'd': '0.2496', 'l': '0.1443'}",2024
27334,True,"{'id': '142', 'title': 'Getafe', 'short_title': 'GET'}","{'id': '147', 'title': 'Athletic Club', 'short_title': 'ATH'}","{'h': '0', 'a': '2'}","{'h': '0.73382', 'a': '1.33336'}",2025-05-15 19:30:00,"{'w': '0.173', 'd': '0.3008', 'l': '0.5262'}",2024
27342,True,"{'id': '143', 'title': 'Atletico Madrid', 'short_title': 'ATL'}","{'id': '153', 'title': 'Real Betis', 'short_title': 'BET'}","{'h': '4', 'a': '1'}","{'h': '4.94276', 'a': '0.821908'}",2025-05-18 17:00:00,"{'w': '0.9772', 'd': '0.0179', 'l': '0.0049'}",2024
27343,True,"{'id': '148', 'title': 'Barcelona', 'short_title': 'BAR'}","{'id': '154', 'title': 'Villarreal', 'short_title': 'VIL'}","{'h': '2', 'a': '3'}","{'h': '1.569', 'a': '1.96183'}",2025-05-18 17:00:00,"{'w': '0.274', 'd': '0.2417', 'l': '0.4843'}",2024
27344,True,"{'id': '152', 'title': 'Celta Vigo', 'short_title': 'CEL'}","{'id': '145', 'title': 'Rayo Vallecano', 'short_title': 'RVL'}","{'h': '1', 'a': '2'}","{'h': '2.4242', 'a': '0.906857'}",2025-05-18 17:00:00,"{'w': '0.7475', 'd': '0.1714', 'l': '0.0811'}",2024
27345,True,"{'id': '146', 'title': 'Valencia', 'short_title': 'VAL'}","{'id': '147', 'title': 'Athletic Club', 'short_title': 'ATH'}","{'h': '0', 'a': '1'}","{'h': '0.388682', 'a': '1.16214'}",2025-05-18 17:00:00,"{'w': '0.104', 'd': '0.304', 'l': '0.592'}",2024
27346,True,"{'id': '239', 'title': 'Mallorca', 'short_title': 'MAL'}","{'id': '142', 'title': 'Getafe', 'short_title': 'GET'}","{'h': '1', 'a': '2'}","{'h': '0.809089', 'a': '1.55977'}",2025-05-18 17:00:00,"{'w': '0.1274', 'd': '0.289', 'l': '0.5836'}",2024
27347,True,"{'id': '140', 'title': 'Real Sociedad', 'short_title': 'SOC'}","{'id': '223', 'title': 'Girona', 'short_title': 'GIR'}","{'h': '3', 'a': '2'}","{'h': '1.87253', 'a': '1.64512'}",2025-05-18 17:00:00,"{'w': '0.4181', 'd': '0.2714', 'l': '0.3105'}",2024
27348,True,"{'id': '138', 'title': 'Sevilla', 'short_title': 'SEV'}","{'id': '150', 'title': 'Real Madrid', 'short_title': 'RMA'}","{'h': '0', 'a': '2'}","{'h': '0.484891', 'a': '1.95992'}",2025-05-18 17:00:00,"{'w': '0.0324', 'd': '0.1521', 'l': '0.8155'}",2024
27349,True,"{'id': '231', 'title': 'Real Valladolid', 'short_title': 'VAL'}","{'id': '158', 'title': 'Alaves', 'short_title': 'ALA'}","{'h': '0', 'a': '1'}","{'h': '0.890453', 'a': '1.22692'}",2025-05-18 17:00:00,"{'w': '0.2173', 'd': '0.3298', 'l': '0.4529'}",2024
27350,True,"{'id': '144', 'title': 'Las Palmas', 'short_title': 'LPL'}","{'id': '159', 'title': 'Leganes', 'short_title': 'LEG'}","{'h': '0', 'a': '1'}","{'h': '0.513718', 'a': '1.06274'}",2025-05-18 17:00:00,"{'w': '0.1672', 'd': '0.332', 'l': '0.5008'}",2024
27351,True,"{'id': '157', 'title': 'Osasuna', 'short_title': 'OSA'}","{'id': '141', 'title': 'Espanyol', 'short_title': 'ESP'}","{'h': '2', 'a': '0'}","{'h': '1.92502', 'a': '0.572332'}",2025-05-18 17:00:00,"{'w': '0.733', 'd': '0.1947', 'l': '0.0723'}",2024
27354,True,"{'id': '153', 'title': 'Real Betis', 'short_title': 'BET'}","{'id': '146', 'title': 'Valencia', 'short_title': 'VAL'}","{'h': '1', 'a': '1'}","{'h': '1.15286', 'a': '0.647724'}",2025-05-23 19:00:00,"{'w': '0.489', 'd': '0.3181', 'l': '0.1929'}",2024
27355,True,"{'id': '150', 'title': 'Real Madrid', 'short_title': 'RMA'}","{'id': '140', 'title': 'Real Sociedad', 'short_title': 'SOC'}","{'h': '2', 'a': '0'}","{'h': '2.61915', 'a': '1.18496'}",2025-05-24 14:15:00,"{'w': '0.7505', 'd': '0.1684', 'l': '0.0811'}",2024
27352,True,"{'id': '141', 'title': 'Espanyol', 'short_title': 'ESP'}","{'id': '144', 'title': 'Las Palmas', 'short_title': 'LPL'}","{'h': '2', 'a': '0'}","{'h': '1.72167', 'a': '0.735505'}",2025-05-24 16:30:00,"{'w': '0.6725', 'd': '0.228', 'l': '0.0995'}",2024
27357,True,"{'id': '159', 'title': 'Leganes', 'short_title': 'LEG'}","{'id': '231', 'title': 'Real Valladolid', 'short_title': 'VAL'}","{'h': '3', 'a': '0'}","{'h': '1.74736', 'a': '0.479375'}",2025-05-24 16:30:00,"{'w': '0.7461', 'd': '0.1964', 'l': '0.0575'}",2024
27356,True,"{'id': '158', 'title': 'Alaves', 'short_title': 'ALA'}","{'id': '157', 'title': 'Osasuna', 'short_title': 'OSA'}","{'h': '1', 'a': '1'}","{'h': '1.57466', 'a': '1.88098'}",2025-05-24 19:00:00,"{'w': '0.2896', 'd': '0.2692', 'l': '0.4412'}",2024
27359,True,"{'id': '142', 'title': 'Getafe', 'short_title': 'GET'}","{'id': '152', 'title': 'Celta Vigo', 'short_title': 'CEL'}","{'h': '1', 'a': '2'}","{'h': '0.35897', 'a': '1.30818'}",2025-05-24 19:00:00,"{'w': '0.0855', 'd': '0.2655', 'l': '0.649'}",2024
27360,True,"{'id': '145', 'title': 'Rayo Vallecano', 'short_title': 'RVL'}","{'id': '239', 'title': 'Mallorca', 'short_title': 'MAL'}","{'h': '0', 'a': '0'}","{'h': '2.11982', 'a': '0.747939'}",2025-05-24 19:00:00,"{'w': '0.7212', 'd': '0.184', 'l': '0.0948'}",2024
27358,True,"{'id': '223', 'title': 'Girona', 'short_title': 'GIR'}","{'id': '143', 'title': 'Atletico Madrid', 'short_title': 'ATL'}","{'h': '0', 'a': '4'}","{'h': '0.0503369', 'a': '3.10637'}",2025-05-25 12:00:00,"{'w': '0', 'd': '0.0025', 'l': '0.9975'}",2024
27361,True,"{'id': '154', 'title': 'Villarreal', 'short_title': 'VIL'}","{'id': '138', 'title': 'Sevilla', 'short_title': 'SEV'}","{'h': '4', 'a': '2'}","{'h': '1.28805', 'a': '1.64829'}",2025-05-25 14:15:00,"{'w': '0.2678', 'd': '0.278', 'l': '0.4542'}",2024
27353,True,"{'id': '147', 'title': 'Athletic Club', 'short_title': 'ATH'}","{'id': '148', 'title': 'Barcelona', 'short_title': 'BAR'}","{'h': '0', 'a': '3'}","{'h': '0.750806', 'a': '3.36402'}",2025-05-25 19:00:00,"{'w': '0.0148', 'd': '0.0541', 'l': '0.9311'}",2024
